x1,x2,x3,x4,x5,x6,x7,x8,x9,x10,y,mode
-1.025468918434663257e+00,-8.127938432150738635e-02,-2.470033531417677786e+00,-3.983295997122576537e+00,-1.080781857947993863e-01,3.152811243752975834e+00,-4.362046143269979748e-01,2.446442888422494910e+00,-1.134033709070491724e+00,7.662125113447741942e-01,2.174366145122158755e+00,1.000000000000000000e+00
-3.758367082695708850e-01,1.179763916385489608e+00,-2.958988504791400853e+00,-2.108601446918460631e+00,-1.411377656768106670e+00,5.478010555983030549e-01,4.323793498292002879e-01,2.394261507083688123e-01,-3.505960016138481294e-01,4.572330809144812269e-01,8.731959872641703591e-01,1.000000000000000000e+00
1.041287940330183792e+00,8.793765903949937179e-01,-3.298029355337787738e+00,-2.001757185498987734e+00,2.077264136517602278e-01,2.005465910957398901e+00,2.308369122204692037e+00,9.729103171726251054e-01,-1.652351327331258002e+00,-2.106212358825168884e+00,-1.503466519406591040e+00,1.000000000000000000e+00
1.002125909213115618e+00,1.538187522083558800e+00,-5.844822086371625147e+00,-3.186002330546060968e+00,1.194543235889115929e+00,2.905780128513402172e-01,5.845413365520292226e-01,8.365324964621559944e-01,-5.743065123585986420e-01,-8.105022573825437782e-01,-1.724194220608044725e+00,1.000000000000000000e+00
2.987390267137398081e-01,1.760808290147542809e+00,-1.400110691904072446e+00,-1.521457715071966588e+00,-5.614463013126899105e-01,9.771472637685391094e-01,1.023759916951148430e+00,1.705727571966075828e+00,-3.383018689810228241e-01,6.359998944762954021e-02,1.879289931062753105e-01,1.000000000000000000e+00
-2.325418484381230888e-01,3.367927973122775143e-01,-4.576184246942903044e+00,-3.272912068616770753e+00,-6.580513064126725098e-01,1.887251125885631708e+00,1.469878486868781753e+00,1.776367546611793191e+00,-1.181052217677540428e+00,2.437406011508175263e-01,3.561890418820560233e-01,1.000000000000000000e+00
7.307387454607421340e-01,1.942960610420308765e+00,-4.753767033340608350e+00,-3.413935711164303832e+00,1.724609092793575993e+00,1.310911999835932651e+00,1.660192445265811223e+00,1.465789899313414635e+00,-3.052013022005558796e+00,-3.214615526383284294e-01,-2.073956812879212741e+00,1.000000000000000000e+00
4.317761782296141715e-01,2.220623564237589775e+00,-3.910850038382307492e+00,-4.221163646933144165e+00,-1.065777426304491682e+00,1.829852025862146681e+00,6.482882800923910338e-01,1.041852335558363096e+00,-9.024015439088415302e-01,5.819010059946277957e-01,8.931970809540599188e-01,1.000000000000000000e+00
3.692266011681072380e-01,1.569323947915788775e+00,-3.344701307203663099e+00,-3.473209110648448394e+00,9.107733400069102370e-01,1.685967682298288972e+00,5.661117725010358370e-01,2.464946787643577331e+00,-6.984352573174799073e-01,-1.586421452501414198e-01,-6.990876182070548950e-02,1.000000000000000000e+00
1.704229861843025162e-01,2.163386407669230405e+00,-5.269158223559065490e+00,-4.739446169588206637e+00,2.063123647597913113e+00,1.480662162134086524e+00,-6.995766949536386115e-02,7.885082301923811432e-01,-1.171518959255187564e+00,9.013171830089583558e-02,-9.767254561232487919e-01,1.000000000000000000e+00
-2.781703909472164060e-01,2.250037400401139198e-02,-6.589540749492838856e+00,-3.663604010201679806e+00,1.526794816648519459e+00,1.033482794269197313e+00,-6.313822446009552669e-01,1.057524873427957868e+00,-1.046420669539933845e+00,1.031980418652125087e+00,1.007571231245555643e-01,1.000000000000000000e+00
9.795776571385157450e-01,1.656584442898560106e+00,-4.663510486816099032e+00,-2.586136084770518373e+00,-1.541180679447186286e+00,-1.110725332610020821e-01,1.160977239883108858e+00,-9.121460287311355941e-02,-3.909312062884650607e-01,-1.659171901097289181e+00,-5.815036689495134414e-01,1.000000000000000000e+00
-4.659684448365967735e-01,-5.081964071150051332e-01,-4.021246866613735982e+00,-2.648636453429534576e+00,-1.665175855761282797e+00,2.495516783178469922e+00,4.432139550135968942e-01,1.802589279199666716e+00,-1.255532560777707918e-01,-1.053388713710042834e+00,2.001334998021360612e+00,1.000000000000000000e+00
-9.976860612113298554e-01,1.361256168258853982e+00,-3.334084975027816977e+00,-1.807208410677920263e+00,2.137641997990947507e-01,7.793736366436446739e-01,-8.705138804026505417e-01,3.150544123613705505e+00,-9.200815459729665413e-01,4.565288417759244544e-05,1.192318234380469910e+00,1.000000000000000000e+00
1.397201039999292016e+00,4.261917901780755136e-01,-4.771979795096768839e+00,-3.314703529800531179e+00,9.851441502594604493e-02,1.475242106804961262e+00,-1.081783954477622545e-01,4.719387828428762699e-01,-6.153040676601241321e-01,6.515460997634859863e-01,-1.421586496149895851e-01,1.000000000000000000e+00
6.563222707006858281e-01,2.875516451093593773e+00,-6.227288168382624889e+00,-6.567640588023929027e+00,1.273915604000815716e+00,3.938997900147508169e+00,1.004994810113961856e+00,3.780943482229075059e+00,-2.461208004551926010e+00,6.347687101612091709e-01,8.106003631530424025e-01,1.000000000000000000e+00
6.504858371240548331e-01,6.027728947189905373e-01,-2.911302795388339248e+00,-3.722465296782407229e+00,9.222962927067112071e-01,1.429091396026913818e+00,2.525984272687969989e-01,-1.132793274220971202e-01,-1.655249626199341240e+00,-5.462338227539574598e-02,-9.606900868675788407e-01,1.000000000000000000e+00
4.873611451194100885e-01,-1.222900671355249269e-01,-2.776717672374474866e+00,-2.167511385601648577e+00,1.835271773751083746e+00,3.461122748314991782e+00,-2.490079361039889694e-01,3.136608663501768923e+00,-7.297621557390644442e-01,1.673753303487573341e+00,1.005223040984693617e+00,1.000000000000000000e+00
-7.915625195995372732e-01,5.551361525359077564e-01,-3.346149865477089147e+00,-2.353707735469781959e+00,3.625605598976153754e-01,1.362669493503867013e+00,2.186396289850444097e-01,2.597294547542975174e+00,-3.075162773371978853e-01,-1.555117628922611406e+00,9.996675347691899027e-01,1.000000000000000000e+00
-3.550599496597749843e-02,1.726091052743082388e+00,-6.103969649618560922e+00,-5.377611406167220665e+00,1.570240627111958887e+00,1.414286999828482827e+00,-8.284098225269241889e-01,5.185505925279050299e-01,-1.986064966394111009e+00,1.344704322922615214e+00,-5.895640458308636367e-01,1.000000000000000000e+00
1.329607574384408242e+00,1.965538065871099693e-01,-1.644748303639212095e+00,-1.799217075818193345e+00,4.615906190760932226e-01,2.362308420797640807e-01,3.570038376848257422e-01,-3.296693723265560205e-01,3.446757962813944420e-01,-3.397453192147913414e-01,-1.778612721835874932e+00,1.000000000000000000e+00
7.700699635235223883e-02,6.732205149511996112e-01,-4.141578458832313459e+00,-2.869174064223150022e+00,-1.049355562641779982e-01,1.250423824850364296e+00,6.163234105971342469e-01,-4.484040518239447159e-01,-1.476384842810485321e+00,-2.167228967204002377e-01,-5.895519954454871980e-01,1.000000000000000000e+00
7.708260942584664877e-01,1.911037816107471254e+00,-4.257372553142600324e+00,-3.462588638355987403e+00,2.005216274188474479e+00,2.082117210229314619e+00,8.339219232385537417e-01,8.530795678155327355e-01,-1.677396522262706746e+00,1.129415680067926697e+00,-1.140347876148916084e+00,1.000000000000000000e+00
-2.994228752361912660e-01,1.655563033071760559e+00,-3.189585268845386956e+00,-3.486748001153475496e+00,-1.562374251718988472e+00,2.435413415424668493e+00,9.431383311633984023e-01,1.240523228840566095e+00,-9.351128770104333299e-02,6.521033499083744855e-01,1.622284634993344188e+00,1.000000000000000000e+00
4.406765373614888182e-01,1.817117809081274515e+00,-1.998705452489838441e+00,-3.219193110913525668e+00,1.803940534397308504e+00,4.744078669160635142e-01,5.523601654938816718e-01,1.324332862098651198e+00,-2.614383590525984680e+00,9.663800152121878595e-01,-1.266922762971823602e+00,1.000000000000000000e+00
3.039765177200262278e-02,9.813450354203964165e-01,-4.550994975512415053e+00,-3.359183313815517824e+00,7.281591165406008370e-01,2.056752236489737040e+00,7.702345287208758329e-01,2.265187276318688436e+00,-1.034936153234890854e+00,-2.981999062711603310e-01,6.835845970465861399e-01,1.000000000000000000e+00
1.108394114342440506e+00,3.257632637408348630e-01,-3.122495781044769991e+00,-2.901548013037139828e+00,6.631445854420368047e-01,8.610713100588075486e-01,1.080056515928045746e+00,-1.845832953734313220e+00,-1.940174616080843739e+00,1.679773815450307684e+00,-2.053432218179707558e+00,1.000000000000000000e+00
5.267758286640484844e-01,2.182855214945755851e-02,-4.125624544389605575e+00,-1.815237713555642118e+00,6.362832076131887948e-01,2.648944206617859010e+00,6.926510373887260208e-01,2.924126756335928334e+00,8.696650824707272687e-01,-1.747460533991797460e+00,4.997384935133106776e-01,1.000000000000000000e+00
3.550288548545602052e-01,1.302486047731771679e+00,-4.109436362897388229e+00,-1.940681808521850016e+00,9.017790701470520531e-01,1.483246687968126531e+00,8.134003844540642625e-01,2.991309709987498788e+00,5.079887505335693998e-01,-1.006077449256336909e+00,-2.722009780682679292e-01,1.000000000000000000e+00
8.172503348202792006e-02,1.654572319495276389e+00,-4.494031123618484003e+00,-2.761168274557095348e+00,-1.050374572440813559e+00,1.019371963073009368e+00,6.382356655762724262e-01,1.620014244170413953e+00,-4.069197678151718067e-01,-2.226703712505690547e+00,4.151934839576409964e-01,1.000000000000000000e+00
-9.040285190590148234e-01,2.091749876149801013e-01,-3.080692369109825357e+00,-3.282065506780396547e+00,-7.381582296994774195e-01,6.702551507205177783e-01,-1.934962464012955907e-01,9.896727816412566048e-01,-1.700260669900337751e+00,4.246018261870063148e-01,1.040649125793075225e+00,1.000000000000000000e+00
8.182265957326806394e-01,2.360258215259451564e+00,-9.299620335871181531e-01,-1.929013626814029880e+00,1.024635116040240712e+00,-1.713758778287235440e-01,-3.654166209606712901e-02,1.002808438330047514e+00,-5.760041785552674209e-01,1.506559939546453952e+00,-1.067682756647477804e+00,1.000000000000000000e+00
3.001999646304845948e-01,-5.948814545722087566e-01,-2.440363113561678787e+00,-2.632877123658232232e+00,-3.631939083854014427e-01,3.557503825409077614e+00,5.084792233364201497e-01,2.676574773191934042e+00,3.276113122730472949e-01,-1.820034749308677424e-01,1.674857741864921978e+00,1.000000000000000000e+00
-4.556776817329152851e-02,1.333214527439579022e+00,-2.766592206861155923e+00,-3.079823654138696742e+00,-1.339931297396672605e+00,2.190167344376583891e+00,8.087101889216010697e-01,1.496626772516762793e+00,-1.248753918466234181e+00,-1.044086156378185581e+00,6.603483132397565125e-01,1.000000000000000000e+00
-4.227944579424749438e-01,1.974784673992276973e+00,-4.390722052751929283e+00,-2.207330976548358414e+00,1.152953300492598032e+00,1.902493642196501966e+00,5.066592327038071941e-02,3.239415531131822235e+00,-1.316816537625149497e+00,-5.315899332680394940e-01,-3.732299662491796455e-01,1.000000000000000000e+00
1.330621174704148091e+00,1.784438636983812998e+00,-4.030562037764869210e+00,-2.949667176648842926e+00,-5.327942626951376326e-02,5.941608270911850065e-01,4.937886887664446056e-01,9.109921975087440504e-01,-5.990265604836345625e-01,4.556974903238015379e-02,-9.443389080753697984e-01,1.000000000000000000e+00
-1.431787209981296494e+00,4.553557852931698346e-01,-3.341905849982698129e+00,-8.422510298661829431e-01,-2.298591577940173991e+00,1.623789201676755889e+00,2.611466780270202959e-01,1.842334266671188381e+00,-5.343950241882184926e-01,-1.268063012336878348e+00,1.490176942260127424e+00,1.000000000000000000e+00
3.248982421481610983e-02,1.296716644032958499e+00,-4.926047639369825148e+00,-2.226677255060448779e+00,4.140146254168505791e-01,1.824512487852016474e+00,1.564234008580918101e+00,2.881281636918835432e+00,-1.780964960505250216e+00,5.693558885639349310e-01,-1.197905359822313831e-01,1.000000000000000000e+00
-9.965761870692757540e-01,8.805707170696694952e-01,-4.205243906439430468e+00,-1.122495372017999316e+00,2.659925233411213341e-01,1.045611491061521736e+00,-4.919241761966554050e-01,1.248146919462107762e+00,-1.796419152345160253e+00,-2.032420947466577199e-01,-3.256152527562866661e-01,1.000000000000000000e+00
-1.310541755723297896e+00,1.556213432705262800e+00,-2.853177516421109949e+00,-7.656651135118996976e-01,-2.443362849040922491e+00,5.342706979566187453e-01,2.680717531836799838e-01,2.675217927709851118e+00,-4.443269892544152722e-01,-2.056628607833062006e-01,2.164557223373351214e+00,1.000000000000000000e+00
-1.342008513107508572e+00,-4.352028199712298928e-01,-4.198773801229783054e+00,-2.035352063639587428e+00,-1.190511285856801660e+00,3.060696647637402457e+00,-2.163822389533159862e-01,2.923837892152929996e+00,-4.150825046164083321e-01,-1.131220066293845555e-02,2.967926426796886563e+00,1.000000000000000000e+00
3.991278334393289495e-01,9.777877036051779713e-01,-3.705662634449406578e+00,-3.348471617714674053e+00,-5.792899283671896216e-01,1.670851445519493828e+00,-4.612409562023250809e-02,1.038583254235100783e+00,1.099336332351265488e+00,-7.659704260281090527e-01,8.496822811633990558e-01,1.000000000000000000e+00
4.175501476793132549e-01,1.529575632869425217e+00,-4.463605504299078319e+00,-2.635615562419232560e+00,1.385304390393037322e-01,1.645722276344822488e+00,6.899925549198246966e-01,2.617284946957329161e+00,-8.086412499404554977e-01,-1.057493131314453993e+00,3.917599433578992235e-02,1.000000000000000000e+00
9.532311574907919027e-01,-3.117721738604384285e-02,-3.291910271526118592e+00,-3.048968466641793995e+00,-5.957949105611304308e-02,2.313215372789456659e+00,1.138944722168412138e+00,1.847755139304370298e+00,-1.683328072574780343e+00,1.021576660405425219e-02,4.360502669766681549e-01,1.000000000000000000e+00
4.158099147647111304e-01,1.208874300736261231e+00,-3.331770739654976055e+00,-2.610350589557369982e+00,-5.832802735031685781e-01,1.084972791900615574e+00,6.798752325490454718e-01,1.173347514376305911e+00,-1.371620930953075579e+00,1.603611830500249191e-01,2.689307827780105242e-01,1.000000000000000000e+00
-5.302227466707309933e-01,2.021150244634204007e+00,-3.146378174800394945e+00,-2.328652552493291061e+00,-4.145459554055488383e-01,6.923816384668308732e-01,3.182049801099653963e-01,1.303172244408319580e+00,-1.180301775196736180e+00,-3.536285369880792784e-03,-8.869704172716763591e-02,1.000000000000000000e+00
-8.750064334570908375e-01,1.817320312105875191e+00,-3.459951865445308972e+00,-3.812665549535299903e+00,5.487621816675098962e-01,1.589976027650750856e+00,3.255236057542194583e-01,2.421841397462511480e+00,-1.680982987208088586e+00,4.535667158256792564e-01,4.951174432079561427e-01,1.000000000000000000e+00
7.305521554214425839e-01,2.992582349827119348e+00,-6.537196693295807215e+00,-3.469494431087287278e+00,-2.526950108982962684e-01,3.702596605657668682e-01,2.252642747902321219e+00,1.035365645458775630e+00,-2.442330736911934252e+00,-3.407290566797867015e-01,-1.314170296315747999e+00,1.000000000000000000e+00
3.908727791898536919e-01,1.855640315208386237e+00,-2.916784629971107101e+00,-3.096900100296199110e+00,1.544786949064635762e+00,-7.586645812852177428e-03,1.128688122780464598e-01,-5.025721402483427358e-01,-2.841729073260918170e+00,1.434835880821601739e+00,-2.443914571445890971e+00,1.000000000000000000e+00
-2.550888095259181698e-01,-4.361574878967096058e-01,-2.224937619804621569e+00,-1.678777481636750890e+00,4.019979285041545003e-01,1.269579843854058865e+00,-2.669682380308791014e-01,1.863221272023016351e+00,4.414997766040817950e-01,-6.589792325265081407e-02,6.985338930930751200e-01,1.000000000000000000e+00
1.047517802474224435e+00,1.309314378036449567e+00,-5.131667263068299789e+00,-5.044715910935323677e+00,-3.802014904381204596e-01,3.169862200557245657e+00,3.913876671268370910e-01,6.867906678807468301e-01,-2.236295938591672083e+00,2.758624368226791357e-01,1.731097883003444027e-01,1.000000000000000000e+00
-1.611464511082871365e+00,1.955908152169854475e+00,-2.350798601900932816e+00,-1.662783489760285782e+00,-1.173757385763753769e+00,2.838368290660631121e-01,2.184377229078854343e-01,5.503110305954852510e-01,-1.417845542047856178e+00,2.360363792560852270e-01,4.379869231692311016e-01,1.000000000000000000e+00
-2.807425166521919091e-01,6.238305951666109905e-01,-9.975998544639970156e-01,-2.937683704896644876e+00,5.218566187636909381e-01,7.633729585245075944e-01,-3.127920269355142224e-01,4.372678183475932068e-01,-5.367231176752315092e-01,9.527377465868597239e-02,-7.959848742672677169e-01,1.000000000000000000e+00
-1.465861937495648304e-01,1.187691441933710346e-01,-2.677635744019441599e+00,-4.389180104056608300e+00,-1.269410518511708275e-01,6.511513309148848627e-01,-2.316317944575324583e-01,-3.732185618505883262e-01,-1.314461254946757585e+00,1.379173813374890978e+00,3.190895524867689015e-01,1.000000000000000000e+00
3.685886585301855756e-01,1.952915189287007136e+00,-5.728945583385402607e+00,-3.198714685169564476e+00,-2.083363877991248336e-02,5.953460176983902397e-01,1.101032845994597498e+00,1.365877733060320010e+00,-1.037886869054888139e-01,-6.990184679743305374e-01,-6.267088386514243492e-01,1.000000000000000000e+00
2.282105607689731697e-01,-2.388091339613611641e-01,-1.900883769493210140e+00,-1.551567728437190929e+00,-8.817449847322464951e-01,1.915189294804314546e+00,6.359480700010465837e-01,1.411620885241364531e+00,5.915395827217522218e-01,-3.261920782234394300e-01,1.479760375942041906e+00,1.000000000000000000e+00
-1.530968050033671535e+00,-1.042632044425592319e+00,-3.176762832600604547e+00,-1.624068670104963585e+00,8.555498683532105630e-01,5.869591045985173006e-01,-6.715608247944168108e-01,1.732311026938291754e+00,1.238779215240214615e+00,-2.484693569292578119e-01,1.040703862833604054e+00,1.000000000000000000e+00
1.142489821946532702e+00,2.593809688157016069e+00,-3.887527176929404860e+00,-3.928674713580141642e+00,-1.614108149238257517e-01,2.387247798376948005e+00,1.325642464471637361e+00,1.578449114508156725e+00,-1.887348791794116742e+00,5.328816640631757195e-01,-2.688830253469354781e-01,1.000000000000000000e+00
7.412469929565346227e-01,2.008850735675384414e+00,-2.089731805331691561e+00,-1.912271925057107858e+00,1.747439031512402763e-01,1.194544952808291649e+00,4.582688111660871977e-01,1.718628529902138435e+00,-9.701600647534639466e-01,-2.417025170362446518e-01,-6.308526804326306525e-01,1.000000000000000000e+00
6.117596236085109940e-01,9.961671023981607531e-01,-4.625730270044236647e+00,-3.535836730105610837e+00,-3.209226029121661217e-01,1.222785954508587958e+00,1.354538626263431356e+00,-5.845392110474649794e-01,1.627109194702359041e+00,-9.936532945695304431e-01,-6.645786753507902933e-01,1.000000000000000000e+00
-6.830721074143913940e-01,1.969231760659011510e+00,-2.738346353387993037e+00,-3.556844351388913861e+00,1.696693837914843739e+00,1.383012137307228828e+00,-3.589634249015801748e-01,2.552895465659250185e+00,-7.867309924535552668e-01,2.700498172590611312e-01,-1.518576627533720635e-01,1.000000000000000000e+00
-6.492772498215968469e-01,9.965854235733342392e-01,-6.610322148457676406e+00,-4.975883747817444913e+00,1.825096728430701254e-01,1.927718149191210539e+00,1.592742558721114143e-01,1.219736810510100522e+00,-2.380162520652002289e+00,-1.754333390784667546e-01,5.281484702255970776e-01,1.000000000000000000e+00
-5.085526417771667473e-01,2.650804674150517570e-01,-4.382298721924114737e+00,-4.305879677946006900e+00,-1.997316255928036854e+00,2.366601610514345033e+00,-1.027306519867720702e+00,1.370738770332261325e+00,1.432000702840769524e+00,-1.043381168717770313e+00,3.533014720430502464e+00,1.000000000000000000e+00
5.209327206953277001e-01,3.018978214267242333e+00,-5.106301501707637414e+00,-2.996548518297835084e+00,-1.104589503017028851e-01,1.598706676865984111e+00,1.500491867140500979e+00,2.721751461192910782e+00,-1.689840733334247780e+00,-1.006333953200653664e+00,-5.768501625176555292e-01,1.000000000000000000e+00
-1.058396280914460030e+00,6.921131825620021605e-01,-5.111639987951352104e+00,-3.142745904314978578e+00,-2.750243175951474495e-01,1.654963557085748160e+00,-2.231027985489290044e-01,1.678758810237254373e+00,1.731641358622650895e+00,-1.898709719209954239e+00,1.528202139060571341e+00,1.000000000000000000e+00
-3.203216513517144759e-01,2.807675079032005971e-01,-3.612461027206872899e+00,-2.914010879845872370e+00,-2.096649412267935775e-01,1.361677602684332467e+00,1.435654782993852407e+00,1.217587788193839948e+00,-8.808268423755434284e-01,5.205627523570776072e-01,3.072790300773643457e-01,1.000000000000000000e+00
1.089533692552057564e+00,1.401402486797295621e+00,-3.918563525688028459e+00,-3.242584480670224423e+00,1.368292156634730583e+00,5.508049275563652314e-01,1.276521476872613192e+00,9.782224611319360053e-01,-6.986837243186390101e-01,1.611253043780472571e-01,-1.335880414610493006e+00,1.000000000000000000e+00
1.517365039547657446e+00,2.216812986776909078e+00,-2.577394397179536334e+00,-2.416576776102008939e+00,1.480009942263814882e+00,7.589159876610013233e-01,1.888404901071320641e+00,2.653613343660537804e+00,-1.473480059533851749e+00,-2.009386460935869145e-01,-1.292081118467472312e+00,1.000000000000000000e+00
-3.287409898801922359e-01,9.015351973111095374e-01,-2.114585260008980505e+00,-1.742714436210186291e+00,-1.763841272682482142e+00,2.082516538492499514e+00,2.816954875306961759e-01,9.921604643350524499e-01,-1.348210410403101189e+00,6.307826862705947502e-01,1.408162091106677449e+00,1.000000000000000000e+00
1.307955758752275655e+00,1.589239557038927497e+00,-3.460109429088501276e+00,-2.881041757058290020e+00,-5.435045107065534786e-01,-3.743801765509138235e-01,1.073584010597584903e+00,-8.325878245181213000e-01,-2.231962049169616158e+00,-3.293746631391868407e-01,-1.670717428171332175e+00,1.000000000000000000e+00
-2.889956029588202635e-01,1.214272623343129354e+00,-2.376450512602962917e+00,-2.179617120163743316e+00,7.537432129283251347e-01,8.151985897101993173e-01,-1.785824864134932799e-01,1.405623611595154587e+00,-1.000587911205281788e-01,8.564544127929787920e-02,-3.147675948011708913e-01,1.000000000000000000e+00
1.309646758449724890e+00,5.207435962129425278e-01,-5.179135425687251271e+00,-4.619161318654417592e+00,1.690074179011476496e-01,3.479703947623417726e+00,5.444705808518850443e-01,1.338379661851112346e+00,-5.285626786258539322e-01,-2.535338863409035692e-01,7.447849383060334283e-01,1.000000000000000000e+00
-5.582239322107058754e-01,1.183372518064562229e+00,-3.376425973708081063e+00,-2.670672723844742080e+00,2.182756291231370827e-01,6.910334141112904893e-01,1.414427920245721282e+00,2.769793194163240102e+00,-8.322162584476340275e-01,-2.524735894883259890e-01,3.880962168419293534e-01,1.000000000000000000e+00
1.364209804645305280e+00,9.010221733262716581e-01,-3.973237388750600285e+00,-2.365120930518811893e+00,6.715700067674499341e-01,1.988464288143849235e+00,1.345592820781124743e+00,2.692444747526831605e+00,-1.783781922907990758e+00,-4.569671479392303781e-01,-2.613474523926245102e-02,1.000000000000000000e+00
8.693225745082244771e-01,1.724627483540706718e+00,-4.064313396300398118e+00,-5.088911882068900994e+00,-1.000417667877389616e-01,2.882975572793782248e+00,1.239687336175065546e+00,2.367377377504840119e+00,-1.396675747634855691e+00,-5.947513148357264773e-02,4.803686638719913415e-01,1.000000000000000000e+00
-3.775750611834214343e-01,1.070807405941914592e+00,-3.495199894009064945e+00,-1.435947214836448937e+00,-8.425981581784842689e-01,3.758446140049191975e-01,3.797155843446421430e-01,1.900601333515097524e+00,9.930363374294335355e-01,-8.848474142006071963e-01,6.587303020409338572e-01,1.000000000000000000e+00
1.587102932138895861e+00,2.386963284374845173e+00,-4.150651504863836827e+00,-3.841475947170289729e+00,1.152284695626458522e+00,-6.712677716238735215e-03,-8.620688731523392656e-01,-1.518935989345299609e+00,-1.353027735848738144e+00,8.517019130067166044e-01,-2.671853959299987036e+00,1.000000000000000000e+00
-8.401383812258881312e-01,1.885169760388366367e+00,-2.621507924052585814e+00,-3.294824951284186731e+00,1.643039786096279542e+00,6.165946885330715332e-01,-2.097961900679513603e-01,1.954057416182248152e+00,-1.616184619634505548e+00,3.450780532448199378e-01,-9.923974599234798299e-01,1.000000000000000000e+00
1.204606230080217675e-03,7.869043052413315920e-01,-4.310944071604029482e+00,-3.366512867904358774e+00,-2.905887875171630497e-01,-9.196663956002271156e-02,-8.396595914401822069e-02,-1.415396178271097538e+00,-4.853176747185830031e-01,-1.264628903321132758e-01,-1.118678922125381003e+00,1.000000000000000000e+00
1.924156184046564022e-01,3.417820121045287429e-01,-2.774677059986297323e+00,-3.016393187999440340e+00,-4.247797753951775279e-01,2.889617403156198527e+00,3.378995825904457795e-01,2.748948545045819092e+00,-4.813959512700099475e-01,5.289873792253463325e-01,2.110583003305230854e+00,1.000000000000000000e+00
5.000582311818797532e-01,1.863455274843582199e+00,-2.132949834003416090e+00,-2.417446965649445279e+00,2.884086943468500586e+00,-9.395452365349432622e-01,-1.044615122963899356e+00,-1.658476143846196349e+00,-2.066759581345187335e+00,6.933732621371027083e-01,-3.376866434975660081e+00,1.000000000000000000e+00
1.080106023316646180e+00,1.130149349642893375e+00,-4.088631025576836109e+00,-3.479057864816891943e+00,6.873592265252481681e-01,-2.012036857412340396e-01,-2.132886055866478614e-02,-1.837765890350406828e-01,-1.075108052707722361e+00,-1.547082396490085665e-01,-1.106977783175139507e+00,1.000000000000000000e+00
-3.546405004286647400e-01,4.906724984996086447e-01,-2.964517747314577178e+00,-1.773643495517485569e+00,2.357723802217410736e-01,-4.040670783607402949e-01,-4.767818274452850780e-02,5.034688887952797343e-01,-1.100049351718897617e+00,5.825807688021388264e-01,-8.987694362373147561e-01,1.000000000000000000e+00
-1.635149403561145132e+00,-2.301373264551747067e-01,-1.359534909942253122e+00,-2.090518186460480710e+00,-1.585068222345589861e+00,1.135189428559339797e+00,2.046354355545534631e-01,1.445506006583481717e+00,-4.338849708200942512e-01,7.846456690426090175e-02,1.856230429723377595e+00,1.000000000000000000e+00
-3.102502782311844509e-01,5.986460798207733358e-01,-3.170048302413462693e+00,-2.836584111461688096e+00,-7.613442832076835476e-01,6.732381192994669750e-01,6.813544265386300980e-02,7.581844566968043431e-02,-9.958307263586831937e-01,2.154839066723462926e-01,-1.023708857061935984e-01,1.000000000000000000e+00
-1.161708780265029856e-01,1.562964093653317121e+00,-4.484285702304030785e+00,-3.884605197669060317e+00,8.110644100014061664e-01,5.618753401533882474e-01,-1.269271925890841146e+00,7.149726440556480878e-01,2.182581742990037377e-01,1.324779506738523294e+00,2.940987973228431640e-01,1.000000000000000000e+00
6.434476305959524467e-02,9.467904922486251040e-01,-2.525368535984975793e+00,-1.342179946391109047e+00,-1.436958360462569750e+00,-1.319843961465555049e+00,1.805528278410877263e-01,-2.173430467218858020e+00,1.274173699441182528e+00,-5.867977167938545069e-01,-7.060855567085766449e-01,1.000000000000000000e+00
1.866254641175944806e-01,-2.362380707661417834e-01,-4.197558534722629631e+00,-4.004491207582419499e+00,-2.231856328692895630e+00,1.285230661094136639e+00,4.701681153891023590e-01,-8.642777820983489345e-01,4.491096296402132815e-01,1.283210923031583572e-01,1.605072350168529338e+00,1.000000000000000000e+00
-9.784033855665151824e-01,1.168253162447069338e+00,-4.311227294626501561e+00,-3.119368008023966077e+00,3.384321599545935810e-01,2.813406320896998380e+00,1.344069798916380787e-03,3.783218338140265757e+00,-1.961817519204385185e-01,-5.465619140558065636e-01,1.965834687428202443e+00,1.000000000000000000e+00
6.061819911771208422e-03,1.149222373890695037e+00,-1.884890328552899508e+00,-1.584940035768764854e+00,-6.188268883346703664e-01,7.580852966134473681e-01,1.810609943103299591e-01,1.555277812345507771e+00,-2.346123458795053018e-01,1.425245450997100760e-01,4.213930936250696035e-01,1.000000000000000000e+00
-5.396490240572129338e-01,-5.048461643389678954e-01,-3.204012901031080496e+00,-3.291400021169612611e+00,3.619297679868541118e-01,1.766113838920677415e+00,-1.357648129619048571e+00,2.659354915200681235e-01,7.706128195237180734e-01,7.695284119338866580e-01,4.712065917847849672e-01,1.000000000000000000e+00
7.166015567215090476e-01,2.843327304062914784e+00,-3.454129228411019881e+00,-1.926354918220053669e+00,-1.077157075046048407e+00,9.327914968037811505e-01,1.130500705051772581e+00,1.371658603765391726e+00,-1.623081325565895794e+00,-4.917809083971949602e-01,-9.015189091447451952e-01,1.000000000000000000e+00
9.908640414130016616e-01,1.380232756497739022e+00,-2.264616263213862890e+00,-2.489332492170251765e+00,-2.788783862562714155e+00,2.455526426762162817e+00,1.990780623540306937e+00,2.567756111587482515e+00,5.795787973827828399e-01,-7.342990723587423663e-01,2.278089043549391679e+00,1.000000000000000000e+00
-8.675509942486160364e-01,4.089911341672185507e-01,-3.850377145834325887e+00,-1.778473492383923160e+00,3.724593617419529323e-01,9.410422589138924820e-01,-5.447860511510046466e-01,1.864521511316026059e+00,-1.484444592238943761e-01,2.617558223230955772e-01,7.716788609766019880e-01,1.000000000000000000e+00
2.214093051562626702e+00,1.256363093178670010e+00,-2.544980770958049643e+00,-1.064373308848540312e+00,2.164593213266856164e+00,5.317193207374250052e-01,1.250981832061436094e+00,1.313232171208754018e+00,-1.303638760284089981e+00,-2.557577054523946236e-01,-2.356457724713095558e+00,1.000000000000000000e+00
1.831747143876302664e+00,2.964093789461731188e+00,-3.471371649386441938e+00,-3.335635292971380839e+00,1.226820986741610442e+00,7.035946427681882831e-02,1.466008432404758977e-01,-1.638424235485382630e+00,-1.749206015133668579e+00,1.286304468462083905e+00,-3.014328329467656609e+00,1.000000000000000000e+00
-5.210962197498065357e-02,2.551087130731610308e+00,-2.182199200429701946e+00,-1.235324269225582139e+00,-1.928420905366023286e+00,1.204602289611607313e+00,1.681634831562633714e+00,1.032218782172536597e+00,-4.597705640397302118e-01,-4.991398417995543957e-01,3.112249369686607703e-01,1.000000000000000000e+00
1.402907881442133631e-01,-3.445475976550238517e-01,-1.054018226635597077e+00,-1.369726903748023528e+00,4.078944952816981884e-02,1.810725584314723413e+00,1.982191465259318663e-01,2.794498194888059395e+00,-1.097225399502791632e+00,1.559688315509603962e+00,1.332985339656563628e+00,1.000000000000000000e+00
3.664381445021053230e-01,1.522164564641632412e+00,-5.169624844454194346e+00,-3.483929267288699450e+00,-3.531173156485142295e-01,2.304735649682421172e+00,-1.940090958219337081e-02,2.317568898897423679e+00,-4.425389144094400984e-01,6.133274864954880723e-01,1.652162818320563220e+00,1.000000000000000000e+00
-7.004093885289758292e-01,4.387167212011972572e-01,-3.747752029016578668e+00,-3.150317655437394393e+00,-2.879109130440887232e-01,-3.454223757991243815e-01,1.265125373836745171e+00,1.090020183078299398e+00,-3.113871245479292171e-01,-9.503233312070643590e-01,-5.636994511083389531e-02,1.000000000000000000e+00
6.155281255608648916e-01,1.523912181214371220e+00,-3.496256061249568781e+00,-3.457381514602442696e+00,8.076112801731006874e-01,-4.572383142136051681e-01,-3.044771847008087562e-01,-1.596241389187649018e+00,-1.945608027982600685e+00,1.903582198517073554e+00,-2.185108385036436118e+00,1.000000000000000000e+00
4.079165525947079929e-01,9.133890664969649409e-01,-3.759307377615747292e+00,-2.904365807268332489e+00,6.091420917028016468e-01,2.200281383295925153e+00,1.449791246750753881e+00,2.721667317447660661e+00,6.031377213922439751e-03,-1.207650353681237299e+00,5.284496610585267540e-01,1.000000000000000000e+00
1.935669482602599134e-01,1.382745495103827382e+00,-4.350239731661897480e+00,-1.624431960117072027e+00,1.298439542232705746e+00,1.063410404767169304e+00,4.691119304527850975e-01,1.913678568551622217e+00,-1.370776168106950355e+00,-6.713788092397360296e-01,-1.024152366068974640e+00,1.000000000000000000e+00
8.793128427871705899e-01,3.073685140694370155e+00,-4.468450800538063206e+00,-3.914186418235068743e+00,-1.351455697867422368e+00,-8.341277064445762335e-02,1.961624994173794434e+00,3.876114805185393308e-01,-1.992018439144951136e+00,-7.110834191238367685e-01,-7.629877749367948159e-01,1.000000000000000000e+00
5.331252680293495638e-01,1.324256346515068294e+00,-5.424919456627794290e+00,-4.444786735606541583e+00,1.932633158058630451e+00,2.851995401276041786e-01,-5.564815865960157648e-01,-5.583662057666789469e-01,3.132113227542285827e-01,3.888131774413924324e-01,-1.851754776554697779e+00,1.000000000000000000e+00
8.546485196781183902e-01,2.216095887002120790e+00,-3.881503767016004414e+00,-2.918345152323855274e+00,1.674197816208922718e-01,2.291275782532228966e+00,6.815858908923901893e-01,3.103629548859236031e+00,2.804406571157307404e-01,-4.824673769395671497e-01,7.264902331577305361e-01,1.000000000000000000e+00
1.202238984656443854e+00,1.877377372664972288e+00,-2.488724737761501604e+00,-3.152698907263626005e+00,-1.027298519941796551e+00,9.105990889569426372e-01,7.590984411391781261e-01,-5.298796841656252532e-01,-1.186767991026057123e+00,-7.968308030172246981e-03,-1.127845575088529007e+00,1.000000000000000000e+00
1.218183745731296064e+00,2.103066602376300942e+00,-2.980241676530164696e+00,-3.114488751159795843e+00,-1.493639533945817277e+00,2.071099399265706076e+00,5.717591626496079105e-01,3.908717890964965580e-01,-5.237912776202131582e-01,1.049927770394065707e+00,1.944890539338565150e-01,1.000000000000000000e+00
-3.871930624129384935e-01,1.580163333693958005e+00,-3.584404634017650526e+00,-2.459567221954638949e+00,-7.156450779735447076e-01,2.388375290407460216e+00,4.988534983066472694e-01,2.500438756236690097e+00,-1.655714617680912770e+00,5.584818634451323843e-02,1.049238186011644425e+00,1.000000000000000000e+00
-5.789067689987705823e-01,6.226963595444920951e-01,-3.289790632953985217e+00,-2.711105954617614167e+00,3.377420880446591056e-01,4.781271036217933368e-01,-1.217005725477754652e+00,-1.959475778308847893e-01,7.569080851005358657e-01,3.448664657664582411e-01,-1.326217995962162555e-01,1.000000000000000000e+00
2.991133183061241985e-01,1.756323438719726404e+00,-4.365546308424152144e+00,-5.174981986153455615e+00,-8.058416034402355876e-01,2.212612309434633939e+00,1.791696930690701350e+00,1.320295623427188092e+00,-1.531065998933799133e+00,-6.636338848461056927e-03,8.530343360825555221e-01,1.000000000000000000e+00
9.377401241002322196e-01,6.768784183345111227e-02,-4.250979547332286224e+00,-2.120729010448174634e+00,1.084754651525380975e+00,2.007734552489520929e+00,1.139773909123764084e-01,2.379356422259694348e+00,-1.029007314942712581e-01,-4.757839962441541282e-01,4.769073023594821992e-01,1.000000000000000000e+00
1.163980691159980818e+00,1.911468634965354019e+00,-6.270682036333644405e+00,-3.693984277238408165e+00,1.235881131985407722e+00,6.929904441830895268e-01,8.050992913751364721e-01,3.451111335088241638e-02,-1.029659705071076514e+00,-3.745679957304004493e-01,-1.849574468042727959e+00,1.000000000000000000e+00
-5.689143345017073639e-01,-2.812610931342325316e-01,-3.377751724039160575e+00,-2.266770116750988162e+00,1.983658390178610231e+00,6.029386437841877111e-02,-9.816851101868843132e-01,-1.423242688401762379e-01,-1.670558346143864226e+00,1.187212064012343804e+00,-9.697435580653936960e-01,1.000000000000000000e+00
-9.549917748434207931e-01,-4.522582756162589757e-01,-2.030817854675873946e+00,-2.774320528100613359e+00,-8.468303835690467185e-01,6.467778739240749308e-01,-9.291725134057761126e-01,1.624746064480688812e+00,4.210077065219861581e-01,-1.613713977068514660e-01,1.585143723573763541e+00,1.000000000000000000e+00
-1.363268394394662630e+00,4.174587620962660339e-01,-4.549626082537152172e+00,-3.567151590395996497e+00,-6.637521684356789686e-01,1.154825521686095868e+00,2.455476565732422622e-01,2.099173814791213566e+00,-1.233915613123256927e+00,-1.505715720098806498e+00,1.299873412652915450e+00,1.000000000000000000e+00
-6.353661892959722168e-01,9.103418510881527981e-01,-2.704479626352239485e+00,-3.406409575733101214e+00,-9.407899000181054738e-01,1.424613327691070186e+00,-1.446332749416388008e-01,3.526489256436537989e-01,-9.684605587392909332e-01,7.596236431312644588e-02,3.737297821670020337e-01,1.000000000000000000e+00
-6.773968568241466315e-01,1.169278742889116041e+00,-3.895300686330137818e+00,-5.102358421049668635e+00,-3.746978974315169353e-01,-3.970663235097200428e-01,-8.522552536367898890e-01,-2.174550725070165669e+00,-7.137205103685287932e-01,1.636974804122692806e+00,-3.375840873241332529e-01,1.000000000000000000e+00
-6.564728683487043304e-01,8.911376700153031960e-01,-3.958446407667892686e+00,-3.724093857721187728e+00,1.222471227605181454e+00,1.176419502674908690e+00,-5.889621310428023726e-01,2.898135500679806409e+00,-5.142328417873393009e-01,-4.254735258260419206e-01,4.802629813690151295e-01,1.000000000000000000e+00
2.776903826936932829e-01,2.170492341479557830e+00,-4.421431692815350090e+00,-3.301808290741157226e+00,2.538260022368370450e+00,2.120541697327927633e+00,3.771623340575295247e-01,4.361275174757209605e+00,-6.403842326119285611e-01,-9.155231806496723079e-01,-4.002910113194917407e-01,1.000000000000000000e+00
-1.153345824421239341e+00,1.842430578687541454e+00,-4.110143184171194619e+00,-1.884469443229312091e+00,-7.413077878169962442e-01,7.136508971670617596e-01,-2.963401581324808243e-01,1.321152199543623285e+00,-9.172170011927096578e-01,2.322630717968403591e-01,7.205480520028827440e-01,1.000000000000000000e+00
1.776238688964836832e-01,7.923054679988772442e-02,-4.277597206708041888e+00,-3.211906167954411195e+00,-1.716276462975507400e+00,2.097017664743899612e+00,-4.119532281714716193e-01,-4.748229720628120987e-01,2.684728968812857275e-01,8.223389512778604971e-01,1.054719361375545672e+00,1.000000000000000000e+00
7.346925863370667997e-01,7.705279297318103904e-01,-2.673613081561153848e+00,-2.412670962246208362e-01,1.447737540871733675e+00,-6.103096613706582296e-02,-5.203095027263893169e-02,-5.322714852854137924e-02,3.568920233890731097e-01,-1.332862837495796038e+00,-2.326727423834332953e+00,1.000000000000000000e+00
6.538117214461970361e-01,-8.645018235524326577e-01,2.290950608022188639e-01,-4.611514303715482654e-01,1.794849851593380619e+00,3.577349610088675913e-01,2.140618328020099381e-01,-1.235568707311468506e+00,-6.983466417060963938e-01,9.986534275247188619e-01,-2.582099578087543978e+00,1.000000000000000000e+00
8.028170718442380061e-01,9.224384188750038849e-01,-3.864821617938065224e+00,-1.612673889868980082e+00,-1.175466712126505664e+00,4.117835964006077987e-01,9.717585818600882330e-01,5.090899098370932352e-01,-1.342418778718593275e+00,-5.085555136653927555e-01,-3.133740018431702135e-01,1.000000000000000000e+00
-1.851553968152046759e+00,1.193403465075055569e+00,-5.117635721725991793e+00,-3.078226810898535337e+00,3.055501074372274917e-01,2.329151543799214075e+00,2.754663056958628342e-02,4.417576936223845507e+00,-1.827522519002628076e+00,-9.205609936818472949e-01,1.783892236850646684e+00,1.000000000000000000e+00
3.069055597346834197e-02,1.085267461787320364e-01,-2.342751924123497531e+00,9.345017136464939256e-02,-9.844392340645300443e-01,3.739943512302750239e-01,1.478383723587301191e+00,2.895060637441407847e-01,1.727548159986982412e-01,-1.030686982874428725e+00,-5.818047313842006352e-01,1.000000000000000000e+00
1.656708152941942958e+00,2.005844993796501718e+00,-5.145205467815726408e+00,-2.455174840991035001e+00,8.961918368639628651e-01,1.478390676481347921e+00,1.428277925450457175e+00,5.365264159727627380e-01,-1.353310688264559580e+00,1.192407106324213650e-01,-1.767455680125517459e+00,1.000000000000000000e+00
9.032464444779636503e-01,9.405063136652703770e-01,-7.540722967768336282e-01,4.948130425121775033e-01,3.569798469956240616e+00,1.770430716352678457e+00,2.775139243636471353e-01,3.810532109294251235e+00,-2.402456729090760579e-01,-1.037853984428390719e+00,-2.259862643997046394e+00,1.000000000000000000e+00
-1.344886895895052836e+00,1.657450412732404121e+00,-2.839645396388012610e+00,-2.657936833382210207e+00,3.392480573819562473e+00,2.477736884162352382e+00,-1.478459329931693933e-01,6.257486312015819507e+00,-1.487035339606959550e+00,2.606245003298369722e-01,6.903022444202697727e-01,1.000000000000000000e+00
-6.011378577746234741e-01,2.216628460967641878e+00,-5.773665731281769631e+00,-3.518344140971282119e+00,-2.230917889790045017e+00,1.396517994264681484e+00,2.452518399343179389e+00,1.476936280231746057e+00,-1.490293045280371986e-01,-1.184637725703551192e+00,1.067782352340130192e+00,1.000000000000000000e+00
-5.959478077118020023e-01,1.937465619554751717e+00,-4.643119473943832176e+00,-2.372126455600605421e+00,-8.633413876563973410e-01,5.144982314725879968e-01,9.047948283290285776e-02,-3.652337603308879466e-01,-1.063015373883994252e+00,5.030102591116640820e-01,-1.403088401394194662e-01,1.000000000000000000e+00
1.385811138835264966e+00,2.078642866407084622e+00,-4.099762395599872100e+00,-4.452928994229760740e+00,-2.500851107340479329e-01,1.997333886522921764e+00,1.049378898230893142e+00,7.153797295582206006e-01,8.811188450722033938e-01,-1.078109126950398844e+00,-4.044771995418032784e-01,1.000000000000000000e+00
3.371187576515087270e-01,1.047702548569846348e+00,-4.574928772103275421e+00,-2.831489814942185212e+00,1.117808548964309839e-01,9.514543977455012236e-01,-4.835839794399484637e-01,7.940772159368388872e-01,-1.643746295340519747e+00,9.695874447212590175e-01,2.971534375372928416e-01,1.000000000000000000e+00
-6.189764398257396882e-01,4.372957496270636346e-01,-2.487318213159165126e+00,-3.276762450937202864e+00,-1.053205888060315121e-01,2.615824695726155724e+00,1.752301202339357378e+00,2.187579318756551761e+00,-1.394569309998114459e+00,2.524297125848576351e-01,6.678804067997496929e-01,1.000000000000000000e+00
-1.158159349743119959e+00,2.615930930034039648e+00,-2.858864957149632069e+00,-5.343908304423762523e+00,-2.477323443844886341e+00,1.031066640405763346e+00,-1.340342276592533910e+00,-2.423887575772849523e-01,-9.191153901313400265e-01,7.338348724470578066e-01,2.132732130086453903e+00,1.000000000000000000e+00
-2.544662210659592305e-01,1.311622079724739764e+00,-4.278710378798288971e+00,-3.293487717354043109e+00,-1.190624548601856070e+00,4.262290954994063519e-01,1.079456837546562520e+00,1.333318283578349472e+00,8.006534243440170950e-01,-3.680184142984429529e-01,8.997771393899328674e-01,1.000000000000000000e+00
-4.852726770179807692e-01,-9.638098481184615984e-01,-2.517099046621869896e+00,-2.419876144647055138e+00,-1.487776043549135396e+00,3.573792101233158824e+00,4.494518164523865211e-01,2.795731636070094339e+00,4.964453581045316088e-01,-4.124294079677519598e-01,3.152903613092248758e+00,1.000000000000000000e+00
3.324402058654722381e-01,1.512713205815255035e+00,-3.673608374477428828e+00,-4.139644011017328040e+00,1.221528426194147920e+00,8.998525465345639240e-01,1.773609968816388882e+00,5.828543615630361607e-01,-1.144393834012392919e+00,6.396965636169821279e-01,-1.236054233761497922e+00,1.000000000000000000e+00
3.815993165424438893e-01,1.134501569439141822e+00,-3.227744720452389693e+00,-3.046675872244664074e+00,-9.771921910719132409e-01,1.568836235820065372e+00,1.465236664917283438e+00,9.866213486223823770e-01,-9.066680888611473588e-01,-1.062549861399244344e+00,3.279925424837020209e-01,1.000000000000000000e+00
-7.088577781717190218e-01,-3.909220481256692192e-02,-5.442533132427170628e+00,-5.648091194406296367e+00,1.634402788096018577e+00,4.320975486392037990e-01,-5.290222874817741561e-01,2.424099169825278954e-01,-8.928106333723961896e-01,1.728993270688001571e+00,-2.011775679623282326e-02,1.000000000000000000e+00
-1.897164606051258140e-01,1.069736676779877715e+00,-2.715981398501920108e+00,-1.825605072411047747e+00,4.179549534026202884e-01,-5.711635885400252466e-01,-1.682458941032781041e+00,-8.024891746968900730e-01,-1.119893019204968310e+00,1.314070647405738645e+00,-7.276321650328106960e-01,1.000000000000000000e+00
3.670818574894398889e-01,1.837245762982648856e+00,-4.857836901535423912e+00,-1.890594167042973339e+00,1.649951128737294326e+00,3.202948266601106653e-01,1.918263746561148786e-01,1.456658372453692341e+00,1.761291415163246388e-02,-8.383790289638326509e-01,-1.329023951469222364e+00,1.000000000000000000e+00
-3.983425261842881704e-01,-1.706233009866191530e+00,-9.136461370995792031e-01,-3.583297889764995858e+00,7.091823910329558833e-01,3.761631229960064715e+00,-4.223632358779960683e-02,3.123947897990321909e+00,-1.346744303995098813e-01,1.504461543665834622e+00,2.689614247611174846e+00,1.000000000000000000e+00
7.997182309386996479e-01,2.034094245693605529e+00,-3.703473267629505905e+00,-3.217616391280952559e+00,-3.312326817885413721e-01,-2.198231725382058244e-01,-1.277711688383871280e-01,-1.254717706792733978e-01,-4.230594506426699208e-01,1.036497527985139167e+00,-8.036787082505120194e-02,1.000000000000000000e+00
-1.112971075984687530e-01,1.174233054556466094e+00,-2.631051491285214095e+00,-2.422773999359207231e+00,-3.174359104896750772e+00,2.104043093121675589e+00,4.083936098864159314e-01,1.876630161789383244e-02,1.215949006489160933e+00,-6.634064269087692756e-01,1.841085661375324367e+00,1.000000000000000000e+00
1.307491630458419651e+00,1.660641396904152245e+00,-3.827056756739454002e+00,-3.342368458002617615e+00,1.129561733248126476e+00,1.751538224129389754e-02,2.554116980759011390e-01,-7.137451709873225969e-01,-2.939799305103210081e-01,2.034185990975082847e-01,-1.623101889717692314e+00,1.000000000000000000e+00
1.533331629862686896e+00,2.200828268006061350e+00,-4.804636124083418558e+00,-4.169222350303363633e+00,5.576248859346091269e-01,3.613514709653946611e-01,4.579576005223359170e-01,-1.106846101295775098e+00,-9.180460282730519284e-01,9.311075438278926253e-02,-1.864993277828944418e+00,1.000000000000000000e+00
2.581344324463093545e-02,1.334169679650723195e+00,-5.412161176913519611e+00,-4.048468529257395865e+00,1.869571290379379525e+00,2.760671548356019578e+00,1.582163647762237169e+00,3.901866441151195630e+00,-2.141997716864344481e-01,-2.248133590802889603e-01,1.186978688284558436e-01,1.000000000000000000e+00
5.244009655471016940e-01,9.803550737710859941e-01,-4.559224396545240587e+00,-2.781045130184996772e+00,6.665595781480095905e-01,8.219966479907702128e-01,1.016492808574310125e+00,3.674510519589244684e-01,-2.277877330082934026e+00,-1.692850954362695726e-01,-1.282014804624884707e+00,1.000000000000000000e+00
3.715348450558176863e-01,3.418258512742657906e-01,-5.343876195467215595e+00,-4.843037497658959190e+00,2.477445556737743748e-01,2.828325134251138628e+00,1.763887671865658202e+00,2.105140924031306593e+00,-1.403912202964807232e+00,1.590028295158314176e-01,8.263249648332974262e-01,1.000000000000000000e+00
6.408476169549663926e-01,-3.395434749001724484e-04,-5.398294108831251492e+00,-3.182713010766517581e+00,1.434244435524690553e-01,9.552582807777365570e-01,4.302169666362136713e-01,-3.914467928799307828e-01,-1.553132623755651531e+00,-3.022131531304504404e-01,-3.863038594291481331e-01,1.000000000000000000e+00
1.372275069893982152e-02,1.036456026996815938e+00,-4.641427346581407321e+00,-3.058716265575754711e+00,8.950101154394547454e-01,1.932999006856468194e+00,1.888709607305464555e+00,2.685591025296163004e+00,-9.183610233511518839e-01,-5.229304155007780119e-01,-1.541796767714792293e-01,1.000000000000000000e+00
-1.224359870992541177e+00,1.171230760303428653e+00,-4.463143359268730848e+00,-3.588201119028055608e+00,-7.824629045128218552e-01,1.401881607650248496e+00,2.874658077372188592e-02,1.525726809644820658e+00,-1.001162014262663824e+00,-8.227726415621433587e-01,1.029398533683789640e+00,1.000000000000000000e+00
-1.479066772006741193e+00,-2.121244851534995757e-01,-4.106251929221730101e+00,-4.386475325355448263e+00,-6.792366700858782913e-01,3.337123329613174150e+00,1.503776708688503438e-02,2.478540545532019301e+00,-1.062914818740295697e+00,7.443559986149849150e-01,2.799002930863977223e+00,1.000000000000000000e+00
1.543354801252301844e-01,6.675949251174275734e-01,-4.980869927705366962e-01,-4.690328763743218943e-01,9.464213132855997523e-01,-3.691927203504921096e-01,-7.930807516124821488e-01,1.076306132283710415e+00,-1.845743698833117952e+00,9.168097913092462248e-01,-1.697153796494354827e+00,1.000000000000000000e+00
8.877248040113761007e-02,-1.275473496450394428e-01,-2.736808471320252956e+00,-1.322499640667015086e+00,-3.043222122339914737e-01,1.402845038600751160e+00,1.014398671288029519e+00,8.496210039698586236e-01,-4.727441460478634117e-01,-2.697350520991947387e-01,1.406295940021018709e-01,1.000000000000000000e+00
-1.141643817075289169e+00,2.019407933489459239e+00,-3.880942085899874883e+00,-3.008876520945186428e+00,-7.300074793004157625e-01,1.473828919890352696e+00,-1.822403769040511490e-01,2.307164914988970139e+00,-1.369903190395340697e-01,-8.899310490081659974e-01,9.704155676654538931e-01,1.000000000000000000e+00
1.861295806445542877e-01,9.290633624776329924e-01,-5.467629002256463977e+00,-3.250113153671347899e+00,-1.801656465458945755e+00,3.342497218881814725e+00,1.457049281444091182e+00,3.877149931512873238e+00,-2.927699741468634542e-01,-5.392125516097064919e-01,3.282353514413242745e+00,1.000000000000000000e+00
9.280504700157039544e-01,1.660069771087753665e+00,-4.055935899176030368e+00,-3.648950710735046510e+00,-1.206888715875366058e+00,1.939172863102543998e+00,1.469212539261647521e+00,1.601504947451157346e+00,-3.746719151854632779e-01,-1.580667066171298485e+00,9.905694461955896202e-01,1.000000000000000000e+00
-1.497311417577216419e+00,9.062568717816426034e-01,-4.389550821778364309e+00,-5.048940131004799881e+00,-2.134034721499256548e+00,2.046537735246277023e+00,2.056875347981015068e-01,4.505905869006083808e-01,-3.229029621484200696e-01,-1.069891573664942253e-01,2.257090026374543701e+00,1.000000000000000000e+00
1.589335616836953513e-01,1.619198436706122735e+00,-4.153205105762264537e+00,-2.237268909777689885e+00,1.914608535529224165e+00,2.383318273233943074e-01,-7.255469043437793308e-01,1.330805583679228743e-01,-1.344261304684662317e+00,9.202841443879938854e-01,-2.270897905084227730e+00,1.000000000000000000e+00
1.685553484051102391e+00,1.283701759027486400e+00,-4.234629940776160062e+00,-5.398220203951556329e+00,-1.068225437538276035e-01,2.338613285730073432e+00,7.166090649375875810e-01,1.152586188728929706e+00,-1.625206208334462499e+00,1.152698549923256044e+00,5.811803382245004368e-01,1.000000000000000000e+00
6.311176015378109350e-01,2.424025704383313773e+00,-2.869532768242374576e+00,-5.496599073228938259e-01,1.270178521254970549e+00,1.313052044215275993e+00,9.274537829006378464e-01,1.834409312428419758e+00,-4.809906686385969077e-01,-6.932615882855451828e-01,-1.544486497430820560e+00,1.000000000000000000e+00
1.011036844120006550e-01,6.501170606007454777e-01,-5.867333690758274933e+00,-2.188187843939512156e+00,8.288253258060472861e-01,1.908162071156610295e+00,1.387771553611812703e+00,2.138555590174677778e+00,2.452758002862180930e-01,-6.487954230603429906e-01,2.065102582285806287e-01,1.000000000000000000e+00
2.579502505451275463e-01,1.677696662869567756e+00,-2.134424006749599201e+00,-2.924007280494579586e+00,-1.594563735688320882e+00,2.898145709234387635e-01,1.033474923501951803e+00,-5.136752360313789900e-01,-4.229619758768394244e-01,1.348791596604303367e+00,1.461968004313404235e-01,1.000000000000000000e+00
1.228002676464735821e+00,1.916530709296982549e+00,-3.331456459408498993e+00,-4.286392094195806024e+00,2.131378215619900374e+00,2.314650621574130263e+00,-2.233017852260755776e-01,6.984818776225921733e-01,-1.487154402251414709e+00,1.435947347731075796e+00,-1.520935469211241120e+00,1.000000000000000000e+00
8.251385577927704273e-02,1.464989492349272115e+00,-2.973546783510209846e+00,-2.226822580729685530e+00,-6.720587690165874539e-02,1.958534624033640537e+00,3.833062612174961692e-01,2.374974442683422282e+00,4.032595020031870536e-02,-1.599410215486595233e+00,3.397274168912953196e-01,1.000000000000000000e+00
1.595304694302733139e+00,1.674301030736422558e-01,-2.651259473901346198e+00,-1.476850002025528630e+00,1.182759699535380404e+00,9.901649769967666437e-01,1.124509216600744432e+00,2.369208720056916739e-01,-1.060542068674058536e+00,1.146281385011015175e+00,-1.755230384385076947e+00,1.000000000000000000e+00
7.309907534297034604e-02,-1.695553367475461926e-01,-4.097985114957896080e+00,-2.328167253633265155e+00,-1.164481630299709858e+00,2.272286163277220883e+00,1.963383879098168361e+00,2.249244643178619718e+00,-9.793313487497488090e-01,-2.481399568957022517e+00,1.285230327755924273e+00,1.000000000000000000e+00
-1.327975595545579424e+00,-4.726072026062961839e-01,-1.871619915753220065e+00,-3.556576642189362758e+00,-1.412374892060034748e+00,2.064951952993038464e+00,-2.791838021925597824e-01,1.740676890681691624e-01,2.704317990946432104e-01,-2.685261457369324534e-01,1.596575662750286284e+00,1.000000000000000000e+00
-9.094932706787643983e-01,1.415656883497439011e+00,-5.319153891280909541e+00,-4.191835079259914387e+00,2.046250602710939226e-01,-4.678923065041566964e-01,-1.656405461032638415e-01,4.999412546955247505e-01,-6.289407697320201773e-01,-1.027343698567972252e+00,-6.132593796139207409e-01,1.000000000000000000e+00
-3.506558091677972055e-01,3.511467904010380225e-01,-1.242695627790517676e+00,-1.972772678148195791e+00,9.357937246959611155e-01,2.749220582052489092e+00,-2.879092237617109085e-01,2.442044318788410884e+00,-1.279090364463626450e+00,4.671400852511851109e-01,5.120191768205675231e-01,1.000000000000000000e+00
-2.696657376033215203e-02,2.156668232994886303e+00,-5.962801359937798473e+00,-4.692094290012695623e+00,-6.863832616709737433e-01,2.388848917091305424e+00,3.889115074674225903e-01,3.033234399844304985e+00,-1.561952541737266609e+00,-4.272829021380028514e-01,1.229549657367271509e+00,1.000000000000000000e+00
-2.327255813180045818e-01,1.639125069352384001e+00,-5.704476908089197273e+00,-4.134224231302189523e+00,-1.064642060198448537e-01,1.794874898051509460e+00,-5.019555828274901987e-01,1.046932223122414962e+00,4.971355400896035892e-01,-6.398936937766955824e-01,6.107109160154069460e-01,1.000000000000000000e+00
-6.508008140343938264e-01,4.521154334992676938e-01,-3.415725026029361899e+00,-3.359053303678748215e+00,7.146768913443943827e-01,4.593065145976983343e-01,-1.019341119081905944e+00,-1.723743785201365952e-01,-2.953560328393500800e-01,7.357626226982643125e-01,-2.898155439154999624e-01,1.000000000000000000e+00
-1.620319380588542413e-01,6.595755732617831768e-01,-1.594299516122142935e+00,-1.679240612260596954e+00,2.269931363072699604e+00,3.440194851277040833e-01,-1.755583057954224202e-01,2.229738617635855569e+00,-1.615608431842099124e+00,-4.828312876505332363e-01,-1.612576250524156762e+00,1.000000000000000000e+00
-3.782128995945731043e-01,1.798000473559699275e+00,-3.723460512659308108e+00,-3.350582405467592118e+00,2.423025622447076088e+00,1.129822646896970983e+00,2.028238021367485266e-01,3.201599858652755870e+00,-2.179739921954836568e+00,1.077771044969647374e+00,-6.842694617177513816e-01,1.000000000000000000e+00
-3.920372561720355531e-01,1.632199899687684308e+00,-2.301856443114802531e+00,-2.656651120708026781e+00,-1.982047884895130396e+00,5.609143464421445513e-01,2.560360170798137158e-02,8.619835042563583904e-01,-1.207139996623722622e+00,-1.051298999670105261e-01,1.254979383158144390e+00,1.000000000000000000e+00
6.231700097991645787e-02,-5.332800030341695585e-01,-1.018458041990425222e+00,-1.952919985243190659e+00,1.356105584696053690e+00,1.222064032277447865e+00,-5.785327923307591602e-01,2.175666562871938492e-01,-7.254941794391089882e-01,1.087886935346463080e+00,-5.630370695422917127e-01,1.000000000000000000e+00
-1.993931850095280456e-01,8.742006088851109746e-01,-2.230763407134834342e+00,-1.313257275289424486e+00,-3.372409548204745589e-01,5.534692065524716709e-01,1.506886146160380802e-01,6.142058471826553623e-01,-1.088245090974895080e+00,-2.292613454692263575e-01,-7.737272860676238651e-01,1.000000000000000000e+00
1.046721734418646355e+00,8.984000122056960969e-01,-4.637343583068118669e+00,-4.582130036766418613e+00,2.641706013100463935e+00,6.810754967862688858e-01,-3.866592555635292028e-01,-8.998431754413791506e-01,-8.908364210746071432e-01,1.286239150184736557e+00,-2.259859973928469934e+00,1.000000000000000000e+00
6.303289415716846200e-01,2.578734419996299820e+00,-1.182384825750698809e+00,-6.561179730429844703e-01,2.179645294580717874e+00,3.050395376079211296e-01,-2.360127712946299416e-01,1.604497783816635881e+00,-1.050412815769923291e+00,7.191345522698655568e-01,-1.949344454238376434e+00,1.000000000000000000e+00
5.821192004165495204e-01,6.720566220942937319e-01,-2.122339990856924707e+00,-3.166889824917769047e-01,-4.352702151680679643e-01,1.062847903488063572e+00,1.187226268578050803e+00,1.956257119828720858e+00,-2.300456548146930791e-01,-1.204795261613498925e+00,-3.469993343862715074e-01,1.000000000000000000e+00
2.263424268420855846e-04,3.678898247222026630e-01,-3.769829752298511139e+00,-2.923632457916399918e+00,-1.704451448326485208e+00,5.509788248959168744e-01,3.317321584710942184e-01,-1.919098499979079664e+00,-2.352457820612186001e-01,-5.561479588648609029e-01,-1.710738520624175696e-01,1.000000000000000000e+00
7.131679021596434298e-01,9.499395484197702411e-01,-2.624247623792682393e+00,-3.119213868354961949e+00,6.505244142424453369e-01,2.165550184378693288e+00,1.457446439426153262e+00,9.928165229773108225e-01,-4.732461258709169116e-01,3.558635376576161913e-01,-3.858928319949858077e-01,1.000000000000000000e+00
-1.346432936023069793e-01,8.814341224809481012e-01,-3.638584631299699890e+00,-3.840312329704774541e+00,1.172872088122687284e+00,3.668746193468439110e+00,-3.036503996273292039e-01,2.857496504881282817e+00,-2.834986002938356453e+00,9.404919589525563284e-01,9.220283420173659428e-01,1.000000000000000000e+00
8.766760226483445440e-01,1.496663818195210549e+00,-4.640628676673812514e+00,-3.573282215580389831e+00,1.367965941531412266e+00,2.695950435453655647e+00,9.760536086673196055e-01,3.638939163249137465e+00,-7.920042601616165134e-01,-4.394124487337379703e-01,2.528442569522832972e-01,1.000000000000000000e+00
-3.511662233930768484e-01,8.785336780047477978e-01,-1.419360428788964068e+00,-1.858908071489204783e+00,-6.476779019173678487e-01,-4.503203258866923520e-01,-7.347534389240549801e-01,-3.655651058752593663e-01,1.072281295866992945e+00,-7.868975075231706695e-01,-3.103239483005580945e-01,1.000000000000000000e+00
-1.548678006832707066e+00,5.617206044447988766e-01,-4.359135869480054382e+00,-4.931167733506631734e+00,-5.290301312657074151e-01,2.692583182756447258e+00,-1.468100621559409458e+00,1.788097990939116588e+00,-2.795707456971120219e+00,1.350385725814260862e+00,1.934911820361330026e+00,1.000000000000000000e+00
1.946424555665748068e-01,1.734497419739180479e+00,-4.862340451711800959e+00,-2.176989235018318425e+00,-6.388148303353091695e-02,1.220026091778424693e+00,4.204182634205956282e-01,8.991856271644987908e-01,-1.241107243005855620e+00,-2.141008966495008270e-01,-3.789797738511686553e-01,1.000000000000000000e+00
2.494203946569238106e-01,2.527775771424298323e+00,-4.844730971682707832e+00,-4.869918363283744611e+00,6.805830349098540566e-01,1.490312214624809117e+00,3.078636637449909674e-01,2.951844508742926365e+00,-1.765258308824379396e+00,-1.020996304925370773e-02,8.809890375621326486e-02,1.000000000000000000e+00
6.410774752977567437e-02,1.687863674536652869e+00,-5.034237069625240757e+00,-3.922258429302854843e+00,2.051835840796957910e+00,5.235109168725228246e-01,-5.860346105582742160e-01,1.581092143404438266e+00,-2.521539921773555459e+00,1.194712988675376231e+00,-6.327182676779030679e-01,1.000000000000000000e+00
-1.239670367910047644e-01,7.105328506905372876e-01,-3.422273904142143053e+00,-1.737104438252077276e+00,-1.088454857459391523e+00,-8.454163655683639700e-01,1.257307591321742191e+00,-1.212704953931059704e+00,-1.546736896684207441e+00,-9.627011511498302365e-01,-1.450154376883509233e+00,1.000000000000000000e+00
-6.646420827178907420e-02,7.010653827999433485e-01,-4.172622353421990837e-01,-8.117446722210721610e-01,-1.196610786289827200e+00,1.072948623961949233e+00,3.480511386817932151e-01,-4.677427083818181952e-01,-1.307767343684917982e-02,1.796812967800695826e-01,-1.375596473285272681e-01,1.000000000000000000e+00
1.701731019916530308e-01,1.301830686272789084e+00,-2.852367805974096004e+00,-1.987690052206736002e+00,7.269142115585689456e-01,-1.393592565311485565e-01,-1.575664405364865406e+00,7.538387840917943894e-01,-1.314955976273560756e-01,9.624096915638854499e-01,-2.148483195457389361e-01,1.000000000000000000e+00
1.225436396849918674e+00,1.367179305267945288e+00,-4.114645705643428464e+00,-2.674971200413362560e+00,1.417104949995377172e+00,9.274990283187007911e-01,4.975526178118574450e-01,1.363817427804518312e+00,-2.297828426833993909e+00,8.317044411892863254e-01,-1.363877988597057112e+00,1.000000000000000000e+00
8.409376706503414178e-01,-1.544304569096488500e-01,-3.227418923342628254e+00,-3.395323023918106475e+00,1.749345506934050776e-01,1.299221719346381976e+00,2.180725384458188643e+00,2.943990528598835477e-01,-3.011881310400794654e-01,-1.394800979486636505e+00,-7.726542104430094149e-01,1.000000000000000000e+00
1.127245913983941250e+00,2.190317333533551292e+00,-4.487571855992929848e+00,-4.815948960857316941e+00,2.891389865034726725e+00,1.112772951865599325e+00,6.682477572063155735e-01,6.568564985639714360e-01,-1.856600333141190218e+00,-2.918118489908222979e-01,-2.617884505151815588e+00,1.000000000000000000e+00
1.493263771689245401e+00,3.804574584891268874e+00,-5.936518839507481715e+00,-4.577335061872151556e+00,-3.860870456146165974e-01,6.201459062863157179e-02,9.638171607308619881e-01,-7.725085150507857712e-01,-4.690131930669054761e-01,-2.233365695718877164e-01,-1.695604032512723958e+00,1.000000000000000000e+00
4.753230008238076842e-01,-2.109593784805385841e-02,-1.096646713163502262e+00,-1.215763841426619640e+00,9.411021046516646615e-01,6.208451106111787521e-01,5.341910040640135415e-02,1.113345919278303953e+00,-7.219056882868812863e-01,1.257217911672425137e+00,-7.664107553251480187e-01,1.000000000000000000e+00
7.470512590301997546e-01,1.116973690069387626e+00,-2.165133056672586598e+00,-2.169674808943722777e+00,2.284294037663898713e-01,-3.372315057775054914e-01,5.843922932548134552e-01,-3.261278785959862425e-01,-3.345548402565423629e-02,1.390848959531942319e-01,-1.468049587205209061e+00,1.000000000000000000e+00
1.250789829795510455e+00,1.518658214670809414e-02,-2.971233908176867278e+00,-1.549781413721556644e+00,8.107540627767804153e-01,2.868557949168484278e+00,3.925878260613310800e-01,3.247962684640296693e+00,1.153874242841029796e-01,5.317560710109381361e-01,1.227219509313267176e+00,1.000000000000000000e+00
1.217893885812432742e-01,1.441294741437950888e+00,-2.428127167608393755e+00,-3.263117861046203938e+00,4.211698536302160845e-02,-5.099145672508456073e-01,-5.785345677512848672e-01,-2.766466284915401808e+00,-4.497095652581437064e-01,2.070322727798343254e-01,-2.102132060190096574e+00,1.000000000000000000e+00
3.165477162479180540e-01,9.655077219817884693e-01,-3.842591089879384025e+00,-4.421277227947003396e+00,9.600950982781004672e-01,1.911684545248421907e+00,5.771176211066726403e-01,1.778557550081779404e+00,-2.317799703952016621e+00,1.386661593708764961e+00,7.175981290081796804e-03,1.000000000000000000e+00
-3.691657606712939743e-01,6.529267149481733368e-01,-3.242749117151327187e+00,-2.775232329978214008e+00,1.192428177720018523e+00,-4.821759834308823045e-01,-6.167414281010187294e-01,1.240882660927330461e+00,-2.769846732737021311e-01,7.053344947088551198e-01,-5.310353412674481133e-01,1.000000000000000000e+00
7.849233716744093980e-01,9.176293098714631835e-01,-1.101965951162867441e+00,-1.536647693105889667e+00,-5.154082873377467955e-01,1.830684665160440039e+00,1.505796553786863612e+00,8.859481410111591515e-02,-1.001785656372433886e+00,-9.673881479284680562e-01,-7.357845711169608283e-01,1.000000000000000000e+00
7.636207368508854954e-01,1.224449365703810022e+00,-2.800641137254112234e+00,-2.492490220138738444e+00,-1.084813182416561883e+00,1.854262670962874893e+00,9.609101001527891039e-01,9.517156672059317035e-01,-8.465332433119712174e-01,-8.403149401298208865e-01,7.227995614505260402e-01,1.000000000000000000e+00
2.295929342259137029e-01,1.203618586352795505e+00,-4.251221220897305919e+00,-3.218949946875784729e+00,1.339170146122711014e+00,2.108460275327139311e+00,3.668653203220820780e-01,2.100614031233926760e+00,-3.334497021547650153e+00,1.992092003867326655e+00,-4.851274335877066024e-01,1.000000000000000000e+00
-4.999509582898091775e-01,-3.127784757476854693e-01,-2.447850627164429138e+00,-3.358686248548015563e+00,-7.851440816778326726e-02,2.390509234959253604e+00,-1.633156148522094675e-01,1.831648763075792719e+00,-1.521651722349767644e+00,-4.240490284110312591e-02,1.275408339582164707e+00,1.000000000000000000e+00
-3.886331397384683028e-01,-6.191576700776806330e-01,-4.094070810317451681e+00,-4.721285908505113760e+00,6.536821102589229771e-01,4.624975741433516419e+00,-3.772183529456533124e-01,3.336428547600485572e+00,-6.592699679149053305e-01,1.058934365579541126e+00,2.740790080479655888e+00,1.000000000000000000e+00
-9.092317174983057804e-01,1.483820886560605956e+00,-5.101722719609408152e+00,-4.796672918788911666e+00,-1.743741902281917833e+00,2.351946656839880578e-01,-1.390800241108277602e-01,-1.213801368427046556e+00,-6.091349118677737984e-01,-9.915726137560941511e-03,4.780351078939191201e-01,1.000000000000000000e+00
-1.185479245022282413e+00,-1.757935170955896798e+00,-1.973512537874903217e+00,-1.374478764278140197e+00,2.079631712083792827e+00,2.973545223610871702e+00,-9.678677845556972192e-01,3.592373711331715569e+00,-1.053159623986626769e+00,1.965226602236402609e-01,1.190054181849550030e+00,1.000000000000000000e+00
8.757174230252359193e-01,7.608821290533136494e-01,-2.608731095142704959e+00,-7.601043386155192927e-01,-1.114403063081341738e-01,5.011434776320613516e-01,2.232876444732532661e+00,1.920500577456139446e+00,-3.368431942133801593e-01,-6.879073094395452559e-01,-9.347149433962347320e-01,1.000000000000000000e+00
-1.576522468368316554e+00,5.800296965482403255e-01,-3.689855300874496979e+00,-4.159311439189684378e+00,1.499490023910577952e+00,3.332646831253460284e+00,-7.532115779566651570e-01,2.796382177454517226e+00,-2.132293027569749366e+00,5.547182575412618055e-01,1.259997904276763281e+00,1.000000000000000000e+00
-7.698496014930760190e-01,1.204661883699262193e+00,-1.714761478049855237e+00,-9.738269201608487080e-01,5.927478100610201750e-01,3.507847938746697647e-01,-1.524877988510126237e+00,1.227516918954749681e+00,-6.313434489737560495e-01,6.278763613665033771e-01,-1.608854010734313555e-01,1.000000000000000000e+00
-4.155523102382253087e-01,4.775430266452281858e-01,-4.577237852299719023e+00,-2.604646892663364799e+00,-3.487523028747894216e-01,1.250193567863508104e+00,6.301483910342259298e-01,2.093557943899522655e+00,1.414052132825876384e+00,-2.569252563243892951e+00,5.105703351125985279e-01,1.000000000000000000e+00
-6.779077117834878541e-01,8.346910854318780881e-01,-2.688739161550627088e+00,-2.294314880354558994e+00,-1.437738112122082024e+00,1.951672819060363828e+00,9.685190729049968361e-01,2.360291766852788520e+00,-1.788655433545989215e-01,-2.342558332372673691e-01,2.201046556141909250e+00,1.000000000000000000e+00
7.642370585248782211e-01,1.322978360584402768e+00,-3.563172491758775706e+00,-3.649569304207918030e+00,3.553224411095545765e-01,1.491096233333551790e+00,3.836026944119261262e-01,9.469478172220271439e-01,-5.659502870790537044e-01,-1.241602519896922940e+00,-3.215537928933093759e-01,1.000000000000000000e+00
-5.860898394536824263e-01,6.777501727553152389e-01,-4.495926388749738933e+00,-3.269225000487037125e+00,1.507463373278446761e-01,5.509530047276197662e-01,1.011712140023402817e+00,1.209781239266410902e+00,-1.049621609084474327e+00,-8.450453280592686855e-01,8.283093734416777099e-02,1.000000000000000000e+00
3.786761738435033831e-01,5.624684444583627485e-01,-1.593092630320510183e+00,-1.661377872264507616e+00,1.074570768473172677e+00,1.732570092437773379e+00,1.029654174086922946e+00,1.831198548194289621e+00,-1.558251722814639084e+00,1.009406648126305595e-01,-1.106819813034146671e+00,1.000000000000000000e+00
5.980201054686781204e-01,7.957298771324553543e-01,-3.787800785348299115e+00,-1.214351106669375735e+00,6.749881696982538148e-01,3.698769321523029951e+00,2.359417608441778391e+00,5.815017802555405346e+00,4.684029504887876616e-01,-2.591859960585368050e+00,1.161835616355056722e+00,1.000000000000000000e+00
-8.304102377601015883e-01,-2.657989424693372182e-01,-4.130955945801392026e+00,-3.708995218138906758e+00,-4.083333592186471073e-01,2.642095728863634641e+00,1.079946486234648617e-01,1.609100289837367637e+00,1.769955836998393650e-02,-3.527788580173606969e-01,1.559798059107050827e+00,1.000000000000000000e+00
-1.126822878636192016e+00,1.111941031335116126e+00,-3.171178000946678566e+00,-1.674843296461852260e+00,-6.187573302460458446e-02,-4.958564470126096690e-01,5.391871943579533699e-01,7.230681634034419325e-01,-2.569864378277033623e-01,-1.002763535949818152e+00,-4.827638230211335757e-01,1.000000000000000000e+00
-2.349097239647402191e-01,1.443803157061561482e+00,-4.237176076227923360e+00,-4.268111830898988046e+00,2.211164488489717472e-01,1.410347074885942575e-02,-1.186569598080368104e-01,-1.273153624751103719e+00,-2.894055544455129247e+00,1.473897355264540909e+00,-8.924442051715846258e-01,1.000000000000000000e+00
6.607436067151450931e-01,2.251842226290592386e+00,-4.798157829720736345e+00,-3.604483693555369239e+00,5.265355407000871235e-01,2.001959626683457838e+00,6.303454784775756048e-01,3.889361588491066613e+00,9.842673281899874116e-01,-2.010132457978887732e+00,2.810944498504520106e-01,1.000000000000000000e+00
-8.518917072505171051e-01,1.067373962443040947e+00,-7.721671049657896191e+00,-6.860648111332888988e+00,5.711458709321659555e-01,3.181229084979173116e+00,5.569490959548718534e-01,3.793340860785208157e+00,-1.097831777267997522e+00,1.724664479944044287e-02,2.334044354356692441e+00,1.000000000000000000e+00
-9.388645135896876992e-01,8.963179233957877523e-01,-3.120979832353730110e+00,-2.669318374330639898e+00,1.507462842866176933e+00,2.691612398434122699e+00,-4.971616596453992676e-01,3.942046673953911728e+00,-1.882919420119047116e+00,8.554898279018816609e-01,9.812878354357394972e-01,1.000000000000000000e+00
-9.321903662885265562e-02,5.791180383651364227e-01,-2.132303121974464144e+00,-2.361361685850404513e+00,1.089434683238158508e+00,1.618309413344362513e+00,3.889414780109066716e-01,1.514119355358102492e+00,-1.346119486648119423e+00,-5.385674229948129998e-02,-2.880763338542323693e-01,1.000000000000000000e+00
5.188750948186687806e-01,4.707084546373974110e-01,-4.338284100754999706e+00,-1.465247427983082273e+00,1.305860344073870305e+00,2.225207200001470209e+00,1.243341703575582713e+00,3.330220782337182328e+00,-1.549545550115691839e+00,-9.603123584502303300e-01,-3.584795669656918315e-01,1.000000000000000000e+00
-3.369474408047900410e-02,7.949819761302988619e-01,-5.132770354536742907e+00,-4.635884910028671868e+00,1.175490568668783459e-01,1.770486331140692204e+00,6.709247691601525343e-01,5.754838083548111660e-01,-1.324525196822423645e+00,4.282556543064799937e-01,-9.040327319855162580e-02,1.000000000000000000e+00
-8.680904255061451247e-01,1.247685760409146916e+00,-2.720982387440980865e+00,-3.820487448816862752e+00,3.236153783835178932e-01,2.302094326459380280e+00,5.433571943083090883e-01,2.856732244720894265e+00,-1.128826065265468692e+00,-9.366522576329526784e-01,7.916334385744127067e-01,1.000000000000000000e+00
-7.210422017572334363e-01,2.850675785275940122e-01,-3.071641034417335270e+00,-4.796876324029577532e-01,3.258394776035595797e-01,2.114624619375204517e+00,1.045256448940342198e+00,4.475541674058699293e+00,-4.859034100370146492e-01,-1.516124834722303749e+00,7.725915188892453767e-01,1.000000000000000000e+00
-2.028668891924084949e+00,2.583389863124370134e-01,-3.683219139801126030e+00,-2.346253275567858232e+00,8.640815630759307586e-01,1.771833556817653310e+00,-3.426857546654732412e-02,2.963531121701649784e+00,4.301776006049604639e-01,-8.520389596426004575e-01,9.238243874808971245e-01,1.000000000000000000e+00
6.943489031240520637e-01,-1.995802476258476954e-01,-2.658436704732681122e+00,-9.324008172943281103e-01,6.561120242011159176e-02,9.822252876330718196e-01,-2.621484955059926181e-01,1.082839273712562944e+00,-8.638320007587723115e-01,4.883802780245809494e-01,-4.453033035579696125e-02,1.000000000000000000e+00
-1.375912388015746224e+00,1.117156059139377877e+00,-3.320799431380850653e+00,-3.590744412482373527e+00,-1.162576327472258919e+00,1.256756029177565459e+00,-7.644383413391645510e-01,8.387505203114018482e-01,7.462884557621483061e-01,-1.285570396002361671e+00,1.232127319558347089e+00,1.000000000000000000e+00
1.068351381586671867e+00,1.337170377721216719e+00,-2.640296927904077329e+00,-2.191106934448031840e+00,6.538530092017631468e-01,9.931560073909702080e-01,4.210187018792453384e-01,6.957549220460892414e-01,-2.277061179671090674e+00,3.548829108973250435e-03,-1.346505283943055575e+00,1.000000000000000000e+00
1.239236464673108884e+00,1.902405284256885043e+00,-2.654843116319828944e+00,-1.632489241374289968e+00,2.275481438237098031e-01,7.861468409994375461e-01,1.905277012353752131e+00,1.173525299862895999e+00,-1.001526209473432072e+00,-1.845820854147502965e-01,-1.665783257431130648e+00,1.000000000000000000e+00
-1.800683209293467146e-01,1.338781129206474407e+00,-3.857869520318777834e+00,-2.249845830743442576e+00,1.511763418311391050e+00,9.082872557580239370e-01,3.216847289218886519e-01,1.447596251502870413e+00,-6.387803657819985936e-01,-9.960602758955833247e-02,-4.009664802568022601e-01,1.000000000000000000e+00
-6.131163999884019500e-01,-1.230501360580456005e-01,-2.661885853568237703e+00,-1.651847784104305772e+00,1.415461245663974799e+00,-2.146743234271932810e-01,-2.876601576709975072e-02,7.257921395533114550e-01,-1.973909988935391491e+00,-2.338797247892268338e-01,-1.152282476386095933e+00,1.000000000000000000e+00
1.105041710241724262e+00,1.523753195655803694e-01,-1.831964615144893394e+00,-3.878451762324876206e+00,2.330212575348928006e+00,2.525581231256807335e+00,4.999025276936597262e-01,2.754636237703498303e+00,-2.261399444779972789e+00,-1.219705039651706735e-01,-5.116278742182186479e-01,1.000000000000000000e+00
2.238366861900469296e-01,7.790926357961749371e-01,-4.284015789186223166e+00,-1.757412163825440299e+00,9.490470028520152646e-01,1.237875838282865626e+00,2.189050401293574755e+00,6.070310305340802515e-01,-4.414248487941405119e-01,-2.448647796352213746e+00,-2.206287646456838392e+00,1.000000000000000000e+00
5.554608083571835886e-01,-4.390241648476622682e-02,-2.780324215178158198e+00,-2.156347497331093876e+00,1.308374500607191404e+00,1.682130179900045652e+00,7.750409083366196494e-01,1.466563651437765348e+00,-7.977998148702691861e-01,1.582714389668518518e+00,-7.867684635430698403e-01,1.000000000000000000e+00
1.148269489733138582e-01,1.952152031226990214e+00,-4.409844487524260614e+00,-3.743314958755135535e+00,-1.496079146745175947e+00,1.202868110028823434e+00,1.469645378995870555e+00,5.163309568784852921e-01,-6.042533291873832813e-01,-1.505296266319049669e+00,-4.293860097969100925e-02,1.000000000000000000e+00
3.899487697995497326e-01,7.036380176053819158e-01,-3.311294665936389325e+00,-7.427632976898381756e-01,5.476345669791099491e-01,1.197273965982167621e+00,6.020865576776499584e-01,2.574988680419726172e+00,-1.112298025358162690e-01,-6.169261694331504842e-01,-1.438591159614889259e-01,1.000000000000000000e+00
-9.272571330919682220e-01,7.833515797110081058e-01,-2.603503220447335398e+00,-2.223283327884113980e+00,-9.134988146699651868e-01,1.161520940590305084e+00,-8.248884625643598811e-01,1.160306741706817357e+00,1.487265072635571839e-01,1.632538128507177999e-01,1.838148563433344540e+00,1.000000000000000000e+00
-1.577916918536404145e+00,1.164009111647657413e+00,-4.363391297699385163e+00,-3.684909996670930887e+00,2.670408838869849921e-01,2.028985570486906198e+00,-1.101898986119654200e+00,2.505216843220036793e+00,-7.357718214964448222e-03,5.114374489736225327e-01,2.108228221782899592e+00,1.000000000000000000e+00
7.566255825407295355e-01,2.268219516212436559e+00,-5.146830748185342586e+00,-1.648326835804132973e+00,4.577522904801745729e-01,-9.074779030268269597e-01,7.049828448909650769e-02,-1.539313022328994807e+00,-1.181982064883894346e+00,1.569170576595727784e+00,-2.375551561532314615e+00,1.000000000000000000e+00
4.962005729156755696e-02,1.249736947373820239e+00,-2.377689235585547678e+00,-2.212901601005693664e+00,1.935425793829568919e+00,-5.704178159304478246e-01,-4.222748468295471902e-01,6.519016627589617752e-01,-2.191082628791995113e+00,7.538731213965463862e-01,-1.728200006264752897e+00,1.000000000000000000e+00
-1.034893388573294271e+00,6.648146407527224522e-01,-2.395501808823025769e+00,-2.868220794511715521e+00,-1.217888103352961382e+00,1.601399019375308264e+00,2.802454947337316149e-01,8.717865675333088538e-01,-1.765240110255531292e+00,-9.523560597344520318e-01,9.913768535799951653e-01,1.000000000000000000e+00
-1.211651816388676223e-01,3.338791594149479458e-01,-3.762119648708022623e+00,-1.997126199689520654e+00,-7.831436131076445761e-01,7.253343941925884941e-01,8.698587518336827751e-01,-4.694288458028104127e-01,2.956707768636506195e-01,-8.439033963031736252e-03,-7.686284412272029187e-02,1.000000000000000000e+00
-5.508060622342966228e-01,1.327148580601341221e+00,-2.839160985379036717e+00,-1.701133810947391245e+00,2.328595080117867866e-01,1.531945772493854996e+00,-3.217738653858587261e-01,2.134160215570565899e+00,-1.336390007848784922e+00,-1.922094110351533214e-01,5.200616497528816051e-01,1.000000000000000000e+00
1.111391200351593112e+00,1.388601450592109154e+00,-3.197926820056876451e+00,-2.593170554138070738e+00,7.789485572151546577e-01,1.050886019914882841e+00,8.393023069711788020e-01,1.895541585984454880e+00,-9.177540728423073668e-01,-1.428915806193624460e+00,-9.023504270607528577e-01,1.000000000000000000e+00
7.567223343823007431e-01,2.154886928084299713e-01,-2.826101127191493312e+00,-2.689924274071760379e+00,2.556358703094658402e+00,1.498581921331025413e+00,8.900500925648541228e-01,8.937147949599435481e-01,-1.565738983128007522e+00,2.335293977113312547e+00,-1.556855629656892281e+00,1.000000000000000000e+00
-1.041972698682908316e+00,9.575511638127881531e-01,-2.451077758133754614e+00,-1.970148175139598390e+00,2.253538116254810042e+00,-1.520559655608870742e-01,9.601338741508713692e-02,9.861147927513926881e-01,-2.494205873819645092e+00,8.452177915933414276e-01,-2.195780129739070663e+00,1.000000000000000000e+00
-1.454842709290791403e+00,2.081653987954057428e-02,-3.125004965734663465e+00,-3.436290989627181602e+00,-7.844861812291770153e-02,1.273596563109730795e+00,-6.155237739060278601e-01,7.481027394896790916e-01,1.162321810450794857e-01,1.252696013420051269e-01,9.964543074458349636e-01,1.000000000000000000e+00
1.356719868190773726e+00,2.267150737992893905e+00,-4.399966266047234065e+00,-4.271902187496496417e+00,3.108662983247900691e+00,1.944306660700010347e+00,-6.842799888568679156e-02,1.481250517238371867e+00,-1.818778832597509387e+00,1.170591821766439888e-01,-1.850649048870070201e+00,1.000000000000000000e+00
7.407948784566059652e-01,3.603961622620803773e-01,-5.177917120932448825e+00,-3.950215844109548069e+00,2.246933466938741297e+00,2.292238494301174878e+00,1.970837790704036974e-01,2.684175329229481211e+00,4.481528975817021809e-01,-1.392323414309823537e+00,-5.906248404927829654e-01,1.000000000000000000e+00
-2.040262180308064777e-01,1.091071018130916226e+00,-5.349001017859541740e+00,-2.992846196174175244e+00,-1.455398791788159896e+00,2.329117567003053502e+00,1.642964427274129946e+00,1.952459476854071063e+00,-1.361265315628876316e+00,-4.068018930294552971e-01,8.946248728204277967e-01,1.000000000000000000e+00
1.209481369612567248e+00,-2.184730641852261623e-02,-1.928946258144506043e+00,-3.192083130922972689e+00,3.510772754754930558e-01,1.370150871600828602e+00,-3.572962036166198452e-01,-1.267824717888889952e+00,7.924419240491473726e-01,2.898167014414134157e-01,-5.273789427108926953e-01,1.000000000000000000e+00
5.040204187384558221e-01,5.132946546672647603e-01,-5.441969199310225491e+00,-4.668887559074480720e+00,1.349576659537674139e+00,3.174624385950195471e+00,1.015916968489944061e+00,2.880732219923820558e+00,-1.754467327715700353e+00,-4.712911968387846762e-01,-3.132452456443825528e-01,1.000000000000000000e+00
1.090524799629042328e-02,2.012751045018183582e+00,-3.047407331448068302e+00,-4.368746918629833331e-01,2.002276749699913871e+00,1.284893661518625718e+00,-6.887322600613404733e-01,3.239321318805672867e+00,-1.578966053502354860e+00,4.538271174512093636e-02,-4.964903248093948673e-01,1.000000000000000000e+00
6.587325945407750405e-01,1.061138981130443693e+00,-2.491184104525715703e+00,-8.098304567301366497e-01,1.454874940196259736e+00,1.787766469988542495e+00,1.196291633266363785e+00,2.877055996181764996e+00,-1.357071942116936381e-01,4.771405779865954822e-01,-5.352441630475197609e-01,1.000000000000000000e+00
-5.012594395171100503e-01,7.923038558141031196e-01,-4.886062604804491727e+00,-2.110043302651960051e+00,-1.656644084322862254e+00,1.401647553473226893e+00,2.134962646213502069e+00,2.352140450348108924e+00,-1.746935574806748326e-01,-1.376466888003799349e+00,1.497924370719617260e+00,1.000000000000000000e+00
1.701184691434730889e-01,1.720901292197410726e+00,-4.232072893804478042e+00,-3.697510614496550829e+00,7.489600367015750160e-02,1.189675779769465036e+00,4.358638972236352771e-01,-1.585721149727790102e-01,-2.783338859781561148e+00,1.074557064821648256e+00,-3.328201016812504243e-01,1.000000000000000000e+00
1.680274075080264717e+00,8.968504273193469434e-01,-2.211968371996793081e+00,-2.408591988866999323e+00,-3.697883243293048627e-01,1.480978978344779096e+00,1.684763488598313153e+00,4.243897219641508123e-01,-1.755710614000745018e+00,1.259291881115286726e-01,-1.202783698690115033e+00,1.000000000000000000e+00
-1.855200468442186057e-01,1.164574969322694775e+00,-5.281791692483649214e+00,-3.552194398951624699e+00,4.546840156253486587e-01,1.207766175509110029e+00,1.450887004476450137e+00,2.129492954882501010e+00,-1.464542933248413004e+00,-4.526640475007026598e-02,-2.130582074545775140e-01,1.000000000000000000e+00
1.865944905580371183e-01,1.512099103967201597e+00,-3.101513159112780471e+00,-9.736214447280204798e-01,2.283477248557027828e+00,-1.278316996851703857e+00,-4.406455595591384222e-01,-1.595199697523712601e-01,-1.297299950361480381e+00,6.445906917421302396e-01,-2.370147549791993935e+00,1.000000000000000000e+00
5.062679162822572021e-01,1.918984881034621059e+00,-4.930330041287184883e+00,-2.949152044230079373e+00,-9.745291331653865852e-02,1.388310687290728040e-02,4.629626726987725038e-01,-2.361649361646216416e-01,3.646982567189067659e-01,1.736290730027501283e-01,-8.228525798919275047e-01,1.000000000000000000e+00
6.458249825605444361e-01,9.820293297890335671e-01,7.141674496309802223e-02,-7.854054833676213931e-01,-3.427826412960819358e-01,2.240159066503930596e+00,8.076803677003612236e-01,1.731187703029279934e+00,-1.448871668113862476e-01,-1.546903657368928764e-01,1.642805853524196003e-01,1.000000000000000000e+00
-8.638908280209796064e-01,5.250634465622057157e-01,-2.943699487812379889e+00,-2.131645561078953754e+00,-6.909596702015767811e-01,-9.155652439982049362e-01,2.197608303947849728e-01,-1.168794308360532330e-01,-7.603832076628379566e-01,6.030241306571829801e-02,-2.568827196059356721e-01,1.000000000000000000e+00
-7.749569871741648353e-01,1.156122823594916582e+00,-6.957563264432049976e+00,-4.717457476862561450e+00,-6.931437350861596736e-01,3.627040259456220994e+00,9.866605865358900607e-01,3.802426919755951928e+00,-1.145193414572397650e+00,-1.583594345824914651e+00,2.574309990210661869e+00,1.000000000000000000e+00
1.343490478364540941e+00,2.032868544353794604e+00,-4.903439728444352497e+00,-3.977678560773133754e+00,9.396705689688378271e-01,4.895244339154681823e-01,7.407671110013535065e-01,-2.094766559364249048e+00,-3.010631194519181264e+00,1.116600016683125141e+00,-2.459443918718932753e+00,1.000000000000000000e+00
1.107004299138579229e-01,1.747137970893166470e+00,-4.225244260942966790e+00,-2.751653949812443489e+00,-1.341682266449039540e+00,1.734775024858647541e+00,1.529008814777633951e+00,2.221242348484486762e+00,5.188027512704940225e-01,-8.699609009453457276e-01,1.277126454327349281e+00,1.000000000000000000e+00
-1.298729858065761356e+00,-2.282031664412353944e-02,-3.645709440163549253e+00,-1.966223098213691234e+00,-1.100118125197900198e+00,2.441499565873957778e+00,-2.820069004316393402e-01,3.691282952509586046e+00,8.403159599924991952e-01,-1.172959506503830296e+00,2.748880978827131116e+00,1.000000000000000000e+00
-5.017866266421650012e-01,3.713645223396021544e-01,-2.449462911086945027e+00,-2.083055827865439635e+00,3.726830090406076934e-01,3.239430652627173224e-02,5.087767703913056438e-01,2.600425454021079164e-01,-6.813282336265652495e-01,-8.457702066333550039e-01,-9.855951045919146836e-01,1.000000000000000000e+00
-2.119673017734091669e-01,-1.271277631779144102e-01,-1.265907803575524238e+00,-2.033792338276493972e+00,-2.401353193175360667e-01,8.199921967509936627e-01,1.224697975312250553e-01,-1.448133599234168623e+00,-2.179581289921461718e+00,-1.759141860400816604e-01,-1.198293105872290987e+00,1.000000000000000000e+00
-4.010776614845002475e-01,3.444037718409905802e-01,-4.496855217009308348e+00,-3.619886291789750743e+00,9.710232162704206527e-01,2.555030385942581361e+00,2.817576259107035241e-01,2.434554577276783593e+00,2.502960041074495656e-01,-1.225578570991875837e+00,1.023150632928200521e+00,1.000000000000000000e+00
2.432568697885268416e-01,1.135958774077328037e-01,-3.534165772060571253e+00,-2.301033024256727177e+00,3.441403773972007141e-02,1.268059388668397514e+00,6.258630827424316312e-01,1.897277897130390523e+00,-5.716173614413060378e-01,-1.766350290540674370e-02,5.209072290153774487e-01,1.000000000000000000e+00
-4.385890417048475820e-01,3.285477243124003799e+00,-5.687037175951529022e+00,-3.418888809973564147e+00,-3.252196841984523523e+00,3.699782264652868857e-01,1.833013821468063576e-01,-4.897723294730831345e-01,9.504135175055867801e-01,7.989633401904915333e-01,2.102807120800993523e+00,1.000000000000000000e+00
-1.389670081139628977e-01,1.479370516550130077e+00,-2.275017732936663428e+00,-1.283448447153002103e+00,3.327316894271445946e-01,3.845587979637343778e-01,2.109165142952035832e-01,1.426252109974745608e+00,-1.461857085832594549e+00,-9.561300475599353588e-01,-1.200268164278599725e+00,1.000000000000000000e+00
7.147558097610198224e-01,5.894743234167054702e-02,-2.084883327256557450e+00,-2.375639855406644241e+00,9.220472929540529661e-01,3.026757136887699762e+00,1.130161028721379024e+00,2.775653271100857022e+00,-1.569796269942939082e+00,4.197809075973726323e-01,4.958207770189841934e-01,1.000000000000000000e+00
-3.987879055869085199e-01,7.638955956399903213e-01,-2.389654407525667157e+00,-6.066703602669738515e-01,1.096131076008697747e+00,1.290081364193530922e+00,2.918557525000461950e-01,1.979888514978483283e+00,-1.039158589270543498e+00,4.911210372566836568e-01,-4.120936003363722538e-02,1.000000000000000000e+00
4.746390643170978474e-01,1.246815221771010895e+00,-7.579237084463756879e-01,-1.430807655114161747e+00,4.553891515326994321e-01,-9.967354460293018636e-01,-9.347611068451083804e-01,-8.993441921937821437e-01,-1.566252452195785461e-01,9.726896963588518852e-02,-1.433977078220686652e+00,1.000000000000000000e+00
-2.323075953328206447e-02,-4.570243499505257656e-01,-1.887462679705278701e+00,-1.519400061655552303e+00,-7.018774681824632156e-01,9.479961539897548972e-01,-2.645933360084303798e-01,3.008687447239686286e-01,-5.384943124496957001e-01,1.507080431680256183e+00,8.037811206368800088e-01,1.000000000000000000e+00
-1.136638710269912561e-01,1.764282390891244834e+00,-3.873287649243503328e+00,-2.438993969739784440e+00,2.163868561291752701e-01,2.391260241039887546e+00,6.313226482159762787e-01,2.783224249464649080e+00,-1.858017464366288563e+00,7.353824082670672446e-01,3.954505887246897444e-01,1.000000000000000000e+00
5.265939216803232348e-03,1.925439911854434083e+00,-3.396426653160456333e+00,-4.151388411475779527e+00,9.959039076073641361e-01,3.603464406174583523e-01,-1.113900274979501503e+00,-1.182435924780812941e+00,-1.370211935039200135e+00,7.250343457823287263e-01,-1.700013225755276025e+00,1.000000000000000000e+00
2.210149118904916055e+00,9.236342654865044022e-01,-3.220920186123706674e+00,-2.450457190737485913e+00,1.049901591953127600e+00,7.850825923003408313e-01,1.183642668245010077e+00,-4.633993456351499507e-01,-1.442257109071023446e-01,3.727855741222855790e-01,-1.953782024870065248e+00,1.000000000000000000e+00
-8.139312230418159766e-01,7.767549908482729304e-01,-5.243322903012037628e+00,-4.247488355132351678e+00,-1.635306027135504880e+00,4.262398619807440170e+00,6.474877689856147756e-01,4.272104744164390233e+00,-3.134150046462425565e-01,-2.186730911320645898e+00,3.435558301872438935e+00,1.000000000000000000e+00
-5.843593273021251422e-01,1.061602578428493260e+00,-3.584764333116954749e+00,-3.794720447939614605e+00,-9.411605900250796797e-01,2.257879638866858940e+00,8.230442459939012467e-01,3.201190417343447336e+00,-1.787356345278898084e+00,-1.516226164270044974e+00,1.442325549025928799e+00,1.000000000000000000e+00
4.377789230062757025e-02,1.665897851997490076e+00,-3.990652142495456189e+00,-1.522979781764238760e+00,6.641989657445475093e-01,3.235543001580489797e-01,6.211428494821483737e-01,5.288074139505023474e-01,-1.767730745706682205e+00,-8.343702151265339206e-02,-1.927306353074664580e+00,1.000000000000000000e+00
-6.148435350500230934e-01,8.437669756473560323e-01,-2.622372905999986958e+00,-1.593004088992977074e+00,8.448886871792439246e-01,8.027889675474523257e-01,-2.547569966269858099e-01,1.309013804660190905e+00,-2.583421469299528539e+00,-2.520890014326406803e-01,-1.138598065009627902e+00,1.000000000000000000e+00
5.432905857287938511e-01,5.313373856522562999e-01,-1.903807105089801111e+00,-4.579092175572607282e+00,-4.755562794653751535e-01,3.437994900100957096e+00,3.123971587618128987e-01,1.275083996265903297e+00,6.921118624729378777e-01,6.421774479380888412e-01,1.871283423142153568e+00,1.000000000000000000e+00
-1.510027098789322106e-02,2.173370139569398285e-01,-1.013559844726047210e+00,-1.931684636538864019e-01,1.580782772931056124e-01,9.164427505709770161e-01,1.056845292087215671e-01,2.130903103759552053e+00,3.675899984335619930e-01,-4.641575907316944916e-01,3.931108490036359093e-01,1.000000000000000000e+00
-5.976805267802227650e-01,1.390222585008135781e+00,-5.155865842179148117e+00,-2.568551328555184643e+00,5.885725582909741016e-01,9.060821489760513270e-01,7.935359816419750301e-01,1.631753209927988557e+00,-1.507282137240218756e+00,-1.612558951723793266e+00,-1.139818675071940346e+00,1.000000000000000000e+00
6.878164341216702615e-01,-5.869408921492369480e-01,-4.283578231018747573e+00,-2.647499272614899812e+00,1.180962313754781112e+00,9.439505161047067050e-01,1.253168330504849548e+00,5.171422239735490312e-01,-9.424672261014711561e-01,-6.274700836514052193e-01,-1.284384682546643397e+00,1.000000000000000000e+00
-1.233223971251663720e+00,9.942171185281507562e-01,-5.506975574164671983e+00,-6.073511492128492506e+00,2.037720232151779276e-01,8.241942361664952310e-01,-1.135090790792206317e+00,-6.812967088707093666e-01,-1.052927242146237896e+00,1.726014203142321790e+00,1.733914162883088972e-01,1.000000000000000000e+00
7.018658531899840680e-01,9.437985449424048934e-01,-2.333492310675600923e+00,-3.133639336983298218e+00,1.003489058407046386e+00,1.888139058032457296e+00,-2.240336228843474720e-01,1.362954498199954401e+00,-1.846302395670228691e+00,1.366605378480647337e+00,-3.782001364359615092e-01,1.000000000000000000e+00
-3.136096126633700076e-01,2.627748257304561630e+00,-3.770583948941605978e+00,-3.399686661566049484e+00,1.746132994026842855e+00,-3.862401148362337722e-04,-1.277198144148384618e+00,2.129963819331726960e+00,-9.116145438487488484e-03,3.321393493118315332e-01,3.642347623784021882e-01,1.000000000000000000e+00
2.534377409649275492e-01,3.432985584073644514e-02,-6.138312721473268674e+00,-7.105579523643129392e+00,1.039815255022062956e+00,4.702947942741254828e+00,-3.185567328029250689e-01,1.829719372453034065e+00,-1.393684644600616140e+00,-1.860557783720333536e-01,1.507748422371369523e+00,1.000000000000000000e+00
2.014372367705900280e-01,1.785173929474109134e+00,-4.471392022380498155e+00,-3.295786726930144184e+00,1.012654194396862772e+00,2.704889958833889274e-02,7.508564246261035802e-01,8.497524869496216882e-01,-3.548682761809081043e-01,-5.401890655342471703e-01,-1.315752857722212177e+00,1.000000000000000000e+00
-1.895105489140115895e-01,1.002920492097647553e+00,-4.259681613664094257e+00,-3.814594319834171188e+00,1.452866424486934704e+00,3.232146719291692172e+00,1.780033795571579203e-01,4.038060840378605576e+00,-1.881344986718784806e+00,2.109231533543427517e-01,8.444502000573188560e-01,1.000000000000000000e+00
1.180521632113863628e+00,7.225992973897824578e-01,-8.487736806250438804e-01,-6.511777973096446459e-01,-4.801328599920312579e-01,-2.264297560838168799e-02,9.512289985311930263e-01,-3.107153533003499390e-01,6.992275495599897805e-01,-6.518224325644056405e-01,-1.476642376335145945e+00,1.000000000000000000e+00
-4.068351414047109704e-02,6.927184235561473225e-01,-4.174455838426405663e+00,-5.702524284311951241e+00,2.772718272083360969e-01,2.300628553982490221e+00,-1.707813504246304959e+00,2.454671702300632585e-01,-1.599149399469617094e+00,1.776299905673139001e+00,5.489356618174886515e-01,1.000000000000000000e+00
-9.873929698403376420e-01,4.588581194988689549e-01,-3.759486198623624986e+00,-2.807926644337347621e+00,4.656578960757887797e-01,1.154524750610426365e+00,-4.942005532660280753e-01,7.724191389566354982e-01,-3.701959643426807611e-01,5.646412523334666256e-01,3.067778537147581308e-01,1.000000000000000000e+00
8.478470653289919001e-01,1.636156851277829061e+00,-3.100004507487320815e+00,-3.430677662959824570e+00,3.063793068131491770e-01,9.597944342018129849e-01,1.595879395364281361e+00,1.713892135575383335e-01,-3.093186897493165333e-01,-1.122586693094344890e+00,-1.351681849958874970e+00,1.000000000000000000e+00
-6.481375887650210332e-01,1.622040245553442617e+00,-1.801959010069918987e+00,-1.937937222842964324e+00,-5.610806313907908960e-01,1.063313523358782042e-01,-3.059407942960534754e-02,-8.543430462400010139e-01,-5.533607323980322956e-01,-1.994644479184294328e-01,-5.156478745086945370e-01,1.000000000000000000e+00
1.250728905044356243e-01,1.917478469612323932e+00,-3.723621896016248822e+00,-3.227674214668696084e+00,1.225558145773440744e-01,1.034954188250382323e+00,5.135550074575465640e-01,1.933833729003998192e+00,4.896174109403483854e-02,-5.490727911384712945e-01,-2.377681538845471676e-01,1.000000000000000000e+00
-4.633987431663467160e-01,3.512167045595481207e-01,-5.180339150924696767e+00,-5.253542563188691616e+00,1.109009635398308241e-01,2.464852258380669348e+00,1.455962078692744910e-01,1.537059490514190552e+00,3.414733661238023021e-01,-4.271973176584981657e-01,1.531892566729292415e+00,1.000000000000000000e+00
-1.330752677707620402e+00,8.353267361456809814e-01,-4.250182578138971046e+00,-1.426818876574012185e+00,-1.095992703114637701e-01,5.206252193866878208e-02,-1.533650902859397647e+00,-2.269039797079044352e-01,-3.528822602475469861e-01,-2.192011556857806354e-01,6.506719289701584641e-02,1.000000000000000000e+00
-7.211750813419476325e-02,-2.581240910932818267e-01,-2.053324977072577440e+00,-4.247973807952705627e+00,2.397435181805503746e+00,2.294475801617227972e+00,-9.934639583345631353e-01,1.120248015414484488e+00,-1.113010746639889970e+00,2.018376027624124713e+00,-5.564400110585273618e-01,1.000000000000000000e+00
-1.044378090119696179e+00,-8.574062192880060884e-02,-1.241946869174314738e+00,-2.150402275210655745e+00,1.009912024931802321e+00,-2.008293233182585347e-01,-9.922182473499453481e-01,6.778653539790191473e-02,-2.460548437574180403e-01,3.535914602070273638e-01,-4.866212431859869847e-01,1.000000000000000000e+00
-9.898030591147087831e-01,1.601952658066860380e+00,-4.317456346346751239e+00,-3.772197809697526161e+00,-1.645736326137693162e+00,1.579005678433248905e+00,4.789594508219407465e-01,2.260874701472085135e+00,-1.445881496470111216e+00,-4.103014537903879044e-01,1.366027784905930798e+00,1.000000000000000000e+00
6.710092724986296275e-01,6.555033613252543301e-01,-2.024494839166011584e+00,-1.288991839299246989e+00,-9.128927276134095603e-01,9.435024875515448661e-01,5.331587249633730208e-01,1.132389191158733155e+00,1.134519385467047670e+00,-1.754745982295052409e+00,3.235796104041355203e-01,1.000000000000000000e+00
-3.385926760650570522e-01,1.028055880850592185e+00,-5.334340747287564355e+00,-3.460833132960422276e+00,-1.812845782716524079e+00,2.007791119247670952e+00,-2.034985902576871286e-01,1.500331297335805614e+00,-5.149162512069582753e-02,-8.693663372881845763e-01,2.304484546419494961e+00,1.000000000000000000e+00
1.710872147128165988e-01,-5.264092712743240199e-01,-2.224467388606977458e+00,-2.781241626972101422e+00,3.066841740104270242e-02,4.548792327253200485e-01,-5.295549135543310415e-01,-7.382123701451990261e-01,5.328890458814861120e-01,9.743941729477810787e-01,1.729285338532825234e-02,1.000000000000000000e+00
-1.019541666264993235e-01,1.871797073736274797e+00,-3.922716572938412138e+00,-3.188645793393895200e+00,3.463482367227532777e-01,3.323070848905042673e+00,4.619029340225914160e-01,3.445396411418610860e+00,-4.657917522740419591e-01,-4.211949063400490800e-01,1.289262934021397022e+00,1.000000000000000000e+00
1.149141001203592000e-01,1.024574159243145433e+00,-2.580099905982328412e+00,-1.156882684976193509e+00,-1.854875972189086619e+00,-1.205376373306574767e-01,7.508113902703278386e-02,1.706858972297546906e-01,1.335951265723924308e+00,-2.010670072550025667e-01,5.026960211242107457e-01,1.000000000000000000e+00
6.627783073916999612e-01,1.238872917321043987e+00,-1.135665357668714570e+00,-1.042265656477746605e+00,5.791997844519551908e-01,1.333344728423579095e+00,1.556452786221658169e+00,6.900269137215608861e-01,-1.558754781454629423e+00,1.020489988436789730e+00,-1.180607789845907085e+00,1.000000000000000000e+00
1.194542348266367515e-01,9.975886421543767035e-01,-3.629501713953513953e+00,-1.336067926376280024e+00,2.630616814866938435e-01,1.453000710900860026e+00,-3.050917409557157844e-01,2.543359808655511145e+00,-1.907043101472860602e-01,-1.440455099332096589e+00,4.893710801349568928e-01,1.000000000000000000e+00
1.262294067971062805e+00,6.725839454645954341e-01,-5.537603029531707577e+00,-3.770549604673301136e+00,8.115862015211356972e-01,1.837548166319311393e+00,1.160872689379219613e+00,9.006652619393874515e-01,-9.796758857903457018e-01,-3.193853732936557388e-01,-7.078626769463296498e-01,1.000000000000000000e+00
1.370617197231180029e+00,2.546423605668437062e+00,-4.104034976068014373e+00,-2.601226412862310156e+00,2.300357878310562043e+00,1.046050330039679066e+00,1.149909224365107008e+00,1.038243708563225232e+00,-1.949116463777499142e+00,-3.159397784998733971e-02,-2.703843478824722091e+00,1.000000000000000000e+00
3.952769880901725319e-01,4.170224434816036108e-01,-4.008739371236057281e+00,-3.593768581119880068e+00,5.091981435384774768e-01,1.715533168931421937e+00,4.312866986444545692e-01,1.525090377368962136e+00,-5.393679603234979858e-01,-2.736372243929297565e-01,3.239583235671255057e-01,1.000000000000000000e+00
9.259887794988351795e-01,1.299532782059841685e+00,-4.183924045754547905e+00,-3.077340124221118689e+00,1.660883203881264869e-01,2.809433383534532425e+00,1.883116120289847206e+00,2.867741658347557454e+00,-3.614721813563282482e-01,3.872233429436905405e-01,1.039793447343597022e+00,1.000000000000000000e+00
-7.036837580776239554e-01,2.115503767812438873e+00,-4.578185006817330205e+00,-2.520126041469243017e+00,4.474300853883724227e-01,-4.079000972456943153e-01,-7.188862930026415077e-01,5.111308987575607921e-01,-1.622641333860601609e+00,-5.412723598537536596e-01,-1.567904911884999919e+00,1.000000000000000000e+00
-3.778593872325657910e-01,8.505588383513661421e-01,-4.256399702687632569e+00,-3.161419802174195492e+00,-3.990424890915016398e-01,-7.530126549048523632e-01,-1.038854387177520766e-01,-2.233022523179226226e+00,-1.124058359141182573e+00,2.600952262137510296e-01,-1.374141110730385362e+00,1.000000000000000000e+00
8.483990531584579831e-01,6.618957902868396470e-01,-1.651148295316267056e+00,-2.482594683156733595e+00,1.958881330696021772e-01,5.661185479364472251e-01,4.086785781836127507e-02,-4.460007068009474995e-01,-1.004255242164066475e+00,1.071486987689792558e+00,-1.045559714499762816e+00,1.000000000000000000e+00
5.437285843974573041e-01,3.350503703558539437e-01,-2.089320940609978638e+00,-2.539395940403386565e+00,2.093022585755977549e-01,-5.716119135157147202e-01,-6.486666435755602533e-01,-2.420283863699975946e+00,1.252090188564315421e-01,6.879483495515469338e-01,-1.473240420183164145e+00,1.000000000000000000e+00
-3.403263251757240870e-01,7.028222387509691638e-01,-4.972872683599322663e+00,-4.703229683149767304e+00,1.330814598659803560e-01,1.748311071541975625e+00,-7.839094820213199366e-02,3.104158487282024925e-01,-4.801985179097119083e-01,-5.852353609623757169e-01,5.297448854709050359e-01,1.000000000000000000e+00
5.462567679701836321e-01,-3.215060619225844629e-01,-2.700995788391552743e+00,-4.285686992392606420e+00,1.585547199328368739e-02,2.578248581692152985e+00,4.136633767610656820e-01,3.874111651454027472e-01,-2.027782641281485887e+00,-2.677897639683378683e-01,2.029021362346124513e-01,1.000000000000000000e+00
-6.475961782672056133e-01,2.346675355861612466e+00,-5.740755205112243686e+00,-5.570261713269523796e+00,-1.626737671999271218e+00,1.391110285544429503e+00,5.392267966154027370e-01,-4.113457653782235379e-01,-2.035991971716797799e+00,2.521030178512198572e-01,9.500798134896928371e-01,1.000000000000000000e+00
-1.021266338955280073e+00,1.046795017978080500e+00,-4.911203695631471078e+00,-2.458245308798672202e+00,3.656944044934780091e-01,1.427094109679286404e+00,-6.664641817790074585e-01,1.298382289493086983e+00,-1.976679103012014549e-01,-3.482048420180757220e-01,1.044191221984696605e-01,1.000000000000000000e+00
-1.219920744166424154e+00,2.450172247106759293e+00,-4.966399211069226105e+00,-2.903675085076625972e+00,-3.900327836769492684e-01,1.509263781651339897e+00,-2.300196714195911207e-01,3.612271459364838400e+00,-1.874154402425770805e+00,-1.031680485302752581e+00,1.019641157431178780e+00,1.000000000000000000e+00
1.030554776194508193e+00,1.017447260822015087e+00,-5.101099042256916682e+00,-1.760457573406473575e+00,-1.389340870338359180e-01,-7.297447295340535600e-01,9.039672221485584025e-01,-1.156051810275542158e+00,4.581687532410343433e-01,1.566637004592150439e-01,-1.745058010309791019e+00,1.000000000000000000e+00
-4.226894811401430418e-01,-8.245528218773936491e-01,-3.597885595124753699e+00,-5.910145380541047544e-01,5.084667103672432242e-01,-2.363332199567702574e-02,9.191216264794260793e-01,6.145207933760130636e-01,-5.459958150086374751e-02,-3.257759589536348699e-01,-6.773764125362525812e-01,1.000000000000000000e+00
1.851846475609441878e-01,1.326158775459053585e+00,-4.962100049172889271e+00,-4.418534836585553016e+00,-2.139541730621344340e-02,2.337231965321561855e+00,6.991115885665906138e-01,1.639189630476095338e+00,-1.680925336144377891e+00,-3.832456033866393774e-01,4.616127414496266068e-01,1.000000000000000000e+00
-1.798603340474991541e-01,1.844434355989626795e+00,-3.927898820367791366e+00,-3.657824505806067883e+00,1.179552332736775844e+00,1.759480378839504144e-01,2.312424681158772866e-01,-3.415099377516050971e-02,-3.403243254450653565e-01,8.219351142591233561e-01,-1.211276791615620407e+00,1.000000000000000000e+00
-9.458619209347793877e-01,6.687296586987495628e-01,-3.002503762894713990e+00,-2.497999417296297597e+00,6.958458019574753628e-01,1.871489593463410817e+00,8.339990846744413933e-01,1.864960385557693945e+00,-2.541044788554827072e+00,5.678152664716420439e-01,-3.601221912485849663e-01,1.000000000000000000e+00
3.046430001905952034e-01,1.195909776558524262e+00,-6.038996882472362770e+00,-3.969917684983945705e+00,-9.183686692957195863e-01,1.447523737569606617e+00,-4.535038402296482918e-01,6.879322687860600638e-01,-1.808006144282841898e+00,8.218689146978760407e-01,8.290096698921244345e-01,1.000000000000000000e+00
4.222607745951248992e-01,2.801386766436861908e-01,-2.288976966271345503e+00,-2.900641780401411740e+00,1.152252631471818667e+00,1.242827472902590991e+00,3.928096237044391703e-01,1.137287558243129659e+00,-1.300177040329433709e+00,4.042764273804014263e-01,-7.522349995576332882e-01,1.000000000000000000e+00
-8.075253158912469864e-01,4.200999241656305228e-01,-4.587245335860137274e+00,-1.859244625971474552e+00,-2.838763447524989547e-01,1.229375952700493713e+00,-9.361514994772605069e-01,1.439043266749227890e+00,-6.744924018831868207e-01,7.733959692145475628e-01,1.188520351452430734e+00,1.000000000000000000e+00
6.034880023813885552e-01,3.174415402577054124e+00,-6.185746713782926065e+00,-4.528679056876400821e+00,5.941966862215994905e-01,2.893005476991821201e+00,8.993433905372071324e-01,1.845610227731695918e+00,-1.804348642355429577e+00,6.277529759083139149e-01,-1.302154334882921760e-01,1.000000000000000000e+00
1.658271046741998933e-01,1.128574775749687120e+00,-3.920853499302305423e+00,-2.562405558920498372e+00,4.616961467651110040e-01,6.661031687412001245e-01,1.671045234735151208e+00,3.084312012004464254e-01,-8.487154623440454904e-01,-4.380402100447895464e-01,-9.264617646394350814e-01,1.000000000000000000e+00
-1.156659484320187392e+00,-2.699022276917444341e-01,-6.158959094952924040e+00,-3.990637579915876643e+00,-1.237478986071309794e+00,3.234425659744621040e+00,3.742223720702913536e-01,2.497893960221221121e+00,-6.540290666864956304e-02,-5.036372143277187963e-01,2.931304628609329832e+00,1.000000000000000000e+00
9.139677437504810376e-02,1.907959019643763021e+00,-3.581879962443226262e+00,-4.043373375731948549e+00,-8.970019708093041055e-02,2.128123862051633175e+00,5.792152294546553115e-01,1.733766506018014741e+00,-2.722261494095350010e+00,7.518471549609585525e-01,-1.544045009838193594e-01,1.000000000000000000e+00
7.877633614004158069e-01,1.525528838131560150e+00,-4.177173966423223028e+00,-3.894434520908385267e+00,-3.938354508751621408e-01,2.021291017030248049e+00,1.160921673336677284e-01,4.909031354550931203e-01,-1.574403460046770231e+00,5.625713862078827177e-01,1.091673187336284767e-01,1.000000000000000000e+00
-2.338576490258721663e-01,1.324549908127112374e+00,-1.029207011401120919e+00,-1.756713669885065165e+00,1.369511367883723851e+00,5.554416725736487370e-01,5.208156723144372613e-01,8.469168084824149068e-01,-2.202263197410990969e+00,4.270594593630768210e-01,-2.042276371359991849e+00,1.000000000000000000e+00
-1.134854226901633040e-01,6.084846459685744335e-01,-2.791120983354477225e+00,-2.066047971912747805e+00,2.017053063995848938e-01,8.807538789441764493e-01,-3.734932068777011560e-01,9.451457028101428737e-01,-1.033696368732953674e-01,-4.359189409022759532e-01,1.608447271798697509e-01,1.000000000000000000e+00
-1.684465297523878080e+00,9.611974068549095085e-01,-6.681853091047318394e+00,-3.409088222884793407e+00,-1.574150097308087304e+00,-1.667008400230565179e-01,2.358656350074178898e-01,3.410840943611750387e-01,-4.216537906433583394e-01,-6.494385246516631849e-01,1.332109643584098890e+00,1.000000000000000000e+00
-2.126191110052932931e+00,-8.595752023277678511e-01,-2.081684624238872239e+00,-3.276725259664912571e+00,-4.310565039319356195e-01,1.974178805827121019e+00,-1.274984271072211239e+00,6.376293670512886980e-01,-8.023879441900185761e-01,1.391843952222503011e+00,1.892095835729224129e+00,1.000000000000000000e+00
1.631488494991453486e-01,9.061906630784514194e-01,-2.671455984175309162e+00,-1.712166139794126130e+00,-1.452481098873250054e-01,2.167519753047232989e+00,9.255098404559914949e-01,3.333719320373913497e+00,-1.751342958846814568e+00,-9.439406486606566338e-02,9.297257208902738324e-01,1.000000000000000000e+00
6.407124236244593485e-01,-3.797645974648820033e-01,-4.059945559908146429e+00,-2.513277182143485611e+00,-8.860715759718813533e-01,1.819164729016267579e+00,1.289218330665953260e+00,-6.613277640082837472e-02,-1.154297736220957216e+00,-1.306493392179750579e+00,-5.601381431774319353e-01,1.000000000000000000e+00
8.787419839286791934e-02,1.283939760321306967e+00,-3.389746078094638904e+00,-4.382091042569555839e-01,9.368715182159630395e-01,9.662095838980877538e-01,-4.100754649569110510e-01,1.755364150891732811e+00,6.603945986453430006e-01,-8.299649056948333881e-01,-1.185880444489324947e+00,1.000000000000000000e+00
6.045609205253722473e-01,1.724128598340553875e+00,-4.184245969141323407e+00,-2.179836164932969389e+00,6.390511748432650130e-01,8.647941006257537921e-01,8.031529117702469467e-01,2.080766599635004432e+00,-6.253426685307867938e-01,-3.511772866641116875e-01,-6.727743223130545624e-01,1.000000000000000000e+00
-4.868595063270491075e-01,2.217579795275772980e+00,-1.969719042519307628e+00,-2.027179021129688508e+00,1.496654791780179794e-01,-1.520450014145320328e-01,-1.018655000713403869e+00,4.046186377618623542e-01,-2.103237911771836721e+00,1.634294552951811808e+00,-7.515843215770698915e-01,1.000000000000000000e+00
-4.637234073645166710e-01,1.458925696881226752e+00,-4.169962542023446517e+00,-4.768390515843980992e+00,3.942307697985926174e-01,2.963105079787560214e+00,2.398065804771659926e-01,3.075781486295392497e+00,-9.986411267410681969e-01,1.837100199583636462e+00,1.531288152959183746e+00,1.000000000000000000e+00
1.024658129200266554e+00,3.454888830239893682e+00,-5.165725904408867031e+00,-2.997753704678188580e+00,2.358368650669284250e+00,5.215714288952089106e-01,-5.341433028881845679e-01,1.249239870200875346e+00,-1.663511399472494823e+00,2.933707901613554631e-02,-2.343453441929295167e+00,1.000000000000000000e+00
1.179104340738376777e+00,8.180778973450535396e-01,-2.300162867490007201e+00,-2.707110889413758326e+00,1.470515853618417745e+00,-4.739529318378110645e-01,-1.099432971685391003e+00,-8.990127403851613241e-01,-2.445841364421223574e+00,2.183806168757495225e+00,-1.953335247234923244e+00,1.000000000000000000e+00
6.447610913968186974e-01,4.397342362040319586e-01,-2.600334857853245030e+00,-2.279588778584563435e+00,3.105402241852361911e+00,2.617622127788894471e+00,-3.018361999092056269e-01,1.103434470329949013e+00,-2.489024851553799600e+00,9.276600082664023805e-01,-1.711778060171213145e+00,1.000000000000000000e+00
-9.836740783440096614e-01,-4.607675204723733486e-01,-2.723120410480442732e+00,-1.519412600584289175e+00,2.727709835873836086e-01,2.315426169349735552e+00,1.526177262102560439e-01,2.105235172317243553e+00,-3.315724104898629121e-01,-8.188261966047703788e-02,1.392045341333723263e+00,1.000000000000000000e+00
-3.158027201289206887e-01,2.009358115267476208e+00,-4.050991966230718333e+00,-3.150818237527506671e+00,2.098806234024759299e+00,1.656759114347648998e+00,9.295146213375560240e-01,3.522645111998268241e+00,-7.855091486334835338e-01,-1.037114052727485580e+00,-3.854992421432238414e-01,1.000000000000000000e+00
-8.745107978158187523e-01,-4.391485270972017574e-01,-4.814068064052131390e+00,-3.882582918163486774e+00,2.106780516870774278e+00,2.230097062723499057e+00,-5.478549989934546893e-01,2.680574968091664623e+00,2.428049433129968460e-01,2.471530229186222893e-01,7.600961332654370128e-01,1.000000000000000000e+00
6.009568509251960178e-01,2.183014230951980217e+00,-3.230827237357360104e+00,-1.765089853081128757e+00,5.511350331693678495e-01,1.272987897402304114e+00,7.432280511667206380e-01,3.595075657748780351e+00,-1.205062082167513982e+00,2.211558992346063790e-01,1.626734161206968565e-01,1.000000000000000000e+00
-3.984029236827726916e-01,2.374139862062977002e+00,-3.797977729888081466e+00,-3.957970815872743131e+00,-1.502864990113295329e+00,1.123414279940812666e+00,-2.780843007277777890e-02,-1.168069347084903509e-01,-1.911631151719839661e+00,2.383167324067501092e-01,4.772560284484955728e-01,1.000000000000000000e+00
-7.245299209999108703e-01,2.188201918073307439e+00,-4.698908009741337821e+00,-2.562880332886897428e+00,-1.182138518058958865e-02,1.131034249763529953e+00,-6.292561119114644663e-01,3.694815724036819127e+00,-1.435192715046301082e+00,-1.603362773491835425e+00,4.804446574498971168e-01,1.000000000000000000e+00
-9.584680880662794777e-01,-5.167954996120249778e-01,-2.322630401390166632e+00,-1.962532766097008885e+00,8.811034882226025100e-02,2.180239026987327300e+00,2.719068649106355928e-01,1.191331379163201420e+00,-2.524817898290632634e+00,1.622726190787422695e-01,6.286305202308656304e-01,1.000000000000000000e+00
-6.089289404509220516e-01,4.441181041356321302e-01,-2.458974274424805984e+00,-1.666937330171521792e+00,1.467689523374310578e+00,2.198860759930734154e+00,-6.107066212847549469e-01,3.686334390729016697e+00,-2.066479483691991526e+00,7.203728084944009957e-01,8.224939932550092703e-01,1.000000000000000000e+00
-4.994293221244127112e-01,1.807713778711758090e-01,-4.136395592527588150e+00,-1.098401109918354601e+00,9.853057940586376073e-01,6.998847608409698440e-01,6.787675041863375780e-01,5.001765941760754064e-01,-1.738534294132165758e+00,-3.154548956414542360e-01,-1.420982479747238125e+00,1.000000000000000000e+00
-3.374794202271274024e-01,2.009097009906573028e-01,-3.481848308185203411e+00,-3.594636667984603573e+00,-9.555858077608609946e-01,1.814905729654749722e+00,2.598528277870620906e-01,1.566159170528068634e+00,-1.341769502851993812e+00,-3.045277443339088896e-01,1.121697375740971614e+00,1.000000000000000000e+00
-6.608666013597549460e-01,7.685732786826626750e-02,-3.081498127639385132e+00,-1.316332200754034565e+00,1.262118756453280977e+00,1.840798983365682151e+00,-3.324131967708409130e-01,1.473206938212981321e+00,-2.964686562895957334e-01,-6.866221033318259392e-01,6.210466349289736065e-01,1.000000000000000000e+00
3.631681414893062620e-01,2.282529655168955784e+00,-4.400059828064670775e+00,-1.792005089248505545e+00,3.934871495584113532e-01,-1.119713185345541762e+00,7.437834036679450422e-01,-4.662209697089023663e-01,-4.385665099525223876e-01,-6.548758520809877526e-01,-1.960767450394336864e+00,1.000000000000000000e+00
-1.147385807847588722e-02,1.507221963845123192e+00,-7.371758976155440735e+00,-3.706723482900445177e+00,3.643218418483281651e-01,1.045502927061325416e+00,3.540504731365795577e-02,5.308243938069819867e-01,-5.714636849638523586e-01,1.465717058213213408e-01,5.468391452798774394e-02,1.000000000000000000e+00
4.067344439582234461e-01,1.269809606337594321e+00,-3.848813304701713012e+00,-1.988082643945928929e+00,-3.329310677153298759e-01,2.021792654501696873e+00,1.320131182438530448e+00,2.519694252270043400e+00,8.319395775463735987e-01,-1.277652508482649329e+00,1.139415419176395217e+00,1.000000000000000000e+00
1.450409935927987892e-01,1.721386311488478871e+00,-4.161764098518593080e+00,-2.259301455078053245e+00,2.445214043353336031e+00,2.024587875035706919e+00,-2.422484029097050628e-01,2.263496745794497667e+00,-1.943901556353912374e+00,1.336524316476352281e+00,-7.203818679282193438e-01,1.000000000000000000e+00
9.195643511704395534e-01,6.973480829187013175e-01,-6.810650474770025831e-01,-1.245021256606448690e+00,4.860773575927377910e-01,-4.865923207371130044e-01,-1.206514024819272946e-01,-7.599235704636950750e-01,-5.801581947351754920e-01,1.453347614032401758e+00,-1.453898268244233849e+00,1.000000000000000000e+00
-8.081839726078001718e-01,1.789280519147265380e+00,-6.295912986206094075e+00,-4.097661398984042691e+00,-1.187979843456196116e+00,1.588787651081052799e+00,1.754065725946921894e+00,3.263694066821196671e+00,-6.333654701703028689e-02,-1.999988611071311206e+00,1.828656160135792019e+00,1.000000000000000000e+00
2.113302870413347467e-01,5.403482197350524263e-01,-8.810064850297738559e-01,-2.328906260757190427e+00,-4.292893521428807757e-01,1.087500320303654178e+00,3.218551387164604316e-01,-4.730182179070308024e-02,-1.154085861830262960e+00,3.976207970389140645e-01,-5.315773282126293742e-01,1.000000000000000000e+00
-1.749676757756242762e-01,9.105296450612178072e-01,-1.928133158110519663e+00,-2.691766832211698990e+00,8.857864164238149485e-01,9.321756881479626999e-01,-9.263893232113290521e-01,-1.019149915037466991e+00,-1.209344692555567757e+00,1.590561633041099210e+00,-8.772203155162516808e-01,1.000000000000000000e+00
-5.139937332275037463e-01,-8.203654805852127474e-01,-3.326833514622718813e+00,-3.070904002076300987e+00,1.037798435247035744e+00,3.023088658928575256e+00,-5.794759337375848807e-01,2.297870090969708734e+00,-5.452962779297736429e-01,3.477488675121209183e-01,8.427951882724068478e-01,1.000000000000000000e+00
1.214554472247121764e+00,8.280309874858402530e-01,-3.861710364805666096e-01,-1.454900709591302466e-01,2.126845316372679484e+00,1.424531771619674592e+00,3.969099371003730892e-01,1.938428297834215108e+00,-4.279675869166814639e-01,-8.868406863727692491e-01,-1.791307716985224507e+00,1.000000000000000000e+00
2.666668902343166669e-01,1.515993724840076329e+00,-4.905021422554495913e+00,-5.462410470318221911e+00,-5.882343947595536360e-02,6.971712440050247261e-01,5.080514933128068567e-01,-1.946153155959668757e+00,-2.513835281794944976e+00,7.660636801571950594e-01,-1.161902044108136245e+00,1.000000000000000000e+00
1.599091912558570083e+00,8.797363149489914047e-01,-3.606342682955823165e+00,-3.360810865222153332e+00,1.381583678652924974e+00,2.425649902964617244e+00,2.229266791576144602e+00,2.096886480473228787e+00,-1.967804358082873462e+00,2.391444468780750676e-01,-1.291537034371798898e+00,1.000000000000000000e+00
-2.230098744610888306e-01,-5.059594393305555382e-01,-1.326619565781681054e+00,-2.176035934648191450e+00,1.413467737094262322e+00,1.594855396642785417e+00,1.052673518986027568e-01,2.197442762560245288e+00,-1.639460858342792093e+00,1.175537636834942834e+00,5.863805412422760099e-01,1.000000000000000000e+00
-7.544628218712709500e-02,8.656152019641857320e-01,-3.490605039438126056e+00,-1.125934121843092939e-01,-6.113193665015523859e-01,-9.211820324543995575e-02,9.457459741055725955e-01,3.031166588223795699e+00,6.113363354440077835e-01,-1.592049982617807169e+00,1.305859417964001512e-01,1.000000000000000000e+00
-4.740579597721865102e-01,1.835334093512185794e+00,-4.062389494162909287e+00,-3.748490249028015864e+00,-1.313404952660588432e-01,-5.944338875957717594e-01,-3.724936471555664319e-01,-1.340051903268030253e+00,-1.398194700790966971e+00,5.167674614099918573e-01,-9.072026740758770691e-01,1.000000000000000000e+00
-1.388968394329343159e+00,-6.305572937839252212e-01,-4.187622460360571175e+00,-3.472818292441852250e+00,3.465639234443986805e-01,1.167644874019651668e+00,-5.552942656361320450e-02,1.034432128020410735e+00,-2.080821720192558733e+00,4.782772579637145638e-01,3.975244935136879043e-01,1.000000000000000000e+00
1.100713011360541449e+00,2.323556444469217830e+00,-5.283822208744185289e+00,-4.476555832559840908e+00,1.273338466131508362e+00,3.063564184450677352e+00,1.325868292481487964e+00,3.877895247787610522e+00,-1.112089468120876834e+00,-5.775973473206376108e-01,4.039580839946945168e-01,1.000000000000000000e+00
9.508491344576466275e-01,8.130084878223686751e-01,-1.611656733518378237e+00,-1.550202892099018737e+00,3.154571342821834712e-01,-4.121591715785100085e-01,1.364451266833234921e+00,-1.202246465352140303e+00,-6.108620867719507519e-01,-5.377340687935541208e-01,-2.496082697801395689e+00,1.000000000000000000e+00
-1.385583148700495482e+00,1.170456474097586241e+00,-3.682281143040184723e+00,-1.699554328150063354e+00,-6.914178556872080383e-01,-7.402670828818453952e-01,-4.919803096103041451e-01,7.865095492982898673e-01,-9.341221002833448583e-01,-8.780345486891113493e-01,5.322782967700551149e-01,1.000000000000000000e+00
-1.728290222207546356e-01,1.687307922995922027e-01,-5.055770592213685077e+00,-4.755554774336502533e+00,1.835088968248835606e+00,2.409294324434850143e+00,-4.274470552398568213e-01,1.036180769290526715e+00,-1.862373268518273672e+00,7.314022326002053154e-01,7.123186845978776716e-02,1.000000000000000000e+00
-5.137132790688793138e-01,4.459231429500622457e-01,-2.754496561643663632e+00,-2.603440372812037218e+00,-1.570988801905618182e+00,1.082885498104335209e+00,-5.062797066395553491e-01,-7.210479920269028398e-01,-7.706940986859953657e-01,1.341235570380642672e+00,1.378103628895457122e+00,1.000000000000000000e+00
5.977505791572325089e-01,6.522201371715328211e-01,-3.538028675216732921e+00,-3.519421266115211999e+00,-3.892828693151400010e-01,1.896407959281570133e+00,1.046588424699138375e+00,9.288496749469943303e-02,-1.268020213097651672e+00,2.987220174027684916e-01,1.290070362787639202e-01,1.000000000000000000e+00
-2.906219407777500541e-01,7.941248807485822292e-01,-5.047101265126259229e+00,-4.548370890605604622e+00,2.696657546576359810e-01,3.131982035805751075e+00,3.029586172272252798e-01,4.031974688563471076e+00,1.264833609125649572e-01,-8.755755119378784146e-01,2.338365750931934883e+00,1.000000000000000000e+00
-2.145014689971244115e-01,1.396510528046385424e+00,-4.229348637115573517e+00,-3.867277738273851462e+00,5.322919194724737846e-01,2.270816336892863330e+00,4.436993656648710593e-01,2.369013346152536670e+00,-8.793259882121605697e-01,4.581684886927416683e-02,7.105857631234570038e-01,1.000000000000000000e+00
1.689438073651950145e-01,1.812166605468025216e+00,-3.262035054896480268e+00,-3.277506737660275782e+00,4.019263134944699445e-01,2.803488583474181617e+00,-1.077292812054802540e-01,3.123120325735538216e+00,-2.091143690034735769e-01,4.164341466432606720e-01,1.193227154447351834e+00,1.000000000000000000e+00
-1.305251558479672280e-01,9.669180614084798009e-01,-4.434614495713686821e+00,-4.438956847154937435e+00,2.637678517079391938e+00,1.859230259000746566e+00,-5.305533564079546460e-01,2.194545340839630487e+00,-1.834933925516104569e+00,6.195613164434928821e-01,-4.352471395329527426e-01,1.000000000000000000e+00
1.306802058112261022e+00,1.065680661694052622e+00,-1.948327694277604216e+00,-4.972688406541781347e+00,6.748028272284037898e-01,1.506755853071308771e+00,-1.149840449146760646e-01,1.631197652550109289e-02,9.418983819598936158e-03,5.763720020580450631e-01,-2.981340310839310503e-01,1.000000000000000000e+00
2.325137064361979256e-01,-5.269332172180392071e-01,-3.609846895192810656e+00,-1.478571158017475851e+00,1.577883933348679157e+00,1.354143259988346726e+00,6.861206863279063484e-01,2.308932500005092425e+00,-1.190018893262903443e+00,-1.244718338052282380e+00,-8.303383683196772225e-01,1.000000000000000000e+00
1.219106600081566461e+00,1.348936469128158899e+00,-4.749234424691338496e+00,-2.954455531759676123e+00,2.368524977761597761e+00,8.027162613088176801e-01,7.252431803268197807e-01,2.208903838308339473e+00,-2.822694691139437939e-01,-1.098552773217252421e+00,-1.958111453847581229e+00,1.000000000000000000e+00
-4.800710464093437824e-01,8.486173703012600544e-02,-2.566932971690721654e+00,-2.856129288192014393e+00,9.251704475581424836e-01,1.741385058820955845e+00,-2.470812027856041038e+00,9.474802872325074343e-01,-2.393005512761469111e-01,1.773115104640580864e+00,8.182011658864174475e-01,1.000000000000000000e+00
-1.357700019876485698e+00,-2.229551718820390604e-01,-4.906445304113276507e+00,-4.234107102567520542e+00,4.704548734004980748e-01,7.996300318550527697e-01,-1.033972646320054256e+00,9.411002304857287726e-01,-6.184901327943178595e-01,5.581190026202086374e-01,1.080036104299186617e+00,1.000000000000000000e+00
-1.008224862512550057e+00,4.931580171268289958e-01,-3.379467941561974165e+00,-2.655555309924079843e+00,1.242565471102649588e-01,5.586518903385105927e-01,-1.307315700469562803e+00,8.310186622303725734e-01,-1.099332161977392586e+00,1.500676356903394515e+00,5.151069285953309151e-01,1.000000000000000000e+00
9.721791847671216180e-01,1.684555458382327453e-01,-1.503454123179002400e+00,-2.902405622205638025e+00,1.863571350892831102e+00,1.180805309902779987e+00,1.047602473751996222e+00,-6.414629691836926106e-02,-5.054279441088345148e-01,-8.248265421680132936e-03,-1.764599647452576914e+00,1.000000000000000000e+00
3.855402522296999535e-01,1.721324869389599055e+00,-1.490304719064671879e+00,4.637839939381338539e-02,1.916435528123616283e+00,-3.589772398706705392e-01,6.446695177682555400e-01,3.375337737952429640e-01,-1.000518546233139183e+00,-4.283085648141218837e-02,-2.948665854188416979e+00,1.000000000000000000e+00
-7.227573016843119591e-01,3.546415078849142200e-01,-5.576363135149062344e+00,-5.713827601530914180e+00,-3.069522976923320101e-01,2.574551708314487541e+00,5.914361594795061183e-01,1.725356063939134099e+00,-9.152532118444856035e-01,1.968678489641733920e-01,1.499313416141106581e+00,1.000000000000000000e+00
3.037736264941211517e-01,-1.222652333526728974e+00,-3.395864341900004302e+00,-1.803792851693341026e+00,4.774555513243657900e-01,3.472201093245820047e+00,4.607255803395525207e-01,2.310145560469929471e+00,-1.103515019796011076e+00,-1.490426098221034057e-01,7.267637176308533453e-01,1.000000000000000000e+00
-7.425370711860813655e-01,5.932599471839716809e-01,-2.574010630750153794e+00,-3.418159408542861044e+00,-2.937970642500626894e-01,1.893958550472849778e+00,-1.337638411952388751e-01,1.015364056297643147e+00,-2.360223480172335631e+00,-8.489864470934699314e-01,4.413942221646181135e-02,1.000000000000000000e+00
-7.432137402306171481e-01,-2.718649565453916672e-01,-2.451042265939640696e+00,-1.381698690653949457e+00,8.145641590192848058e-02,4.551954850069428460e-02,2.265810683347502796e-01,-5.660630214412367689e-01,3.132624757500257484e-01,-7.578092974592248732e-01,-8.641634571518186370e-01,1.000000000000000000e+00
-1.773399669407265344e+00,-2.197880182219968948e-02,-2.135584252893229618e+00,-1.578746886932452353e+00,-5.361448347515079815e-01,2.550114263778078261e-01,-6.513764672240641707e-01,6.438839795300107527e-01,8.445231940706945384e-01,-1.956448379379827074e+00,3.371586643931976934e-01,1.000000000000000000e+00
-7.550713802246822315e-01,-3.635161578348955480e-02,-3.512991436098812592e+00,-4.086262278117893665e+00,2.352938578923269297e-03,2.653098248234732282e+00,2.233639708037130633e-01,9.757297135058373705e-01,-2.106115878281708653e+00,5.442061844547888549e-01,1.123224761011552220e+00,1.000000000000000000e+00
2.964787837187928266e-01,1.103059759045187604e+00,-5.245323913540108407e+00,-3.022277852549261734e+00,1.593503570780748335e+00,2.097764843125438539e+00,6.757358065369329925e-01,2.458421794605030186e+00,-1.179142207513341756e+00,6.555815545204847217e-01,-4.363176119772251838e-01,1.000000000000000000e+00
7.372108860163261168e-01,7.221923549965220124e-01,-2.142814551693968284e+00,-8.268194236953121390e-01,-1.371105788559684457e+00,2.111629796999393349e+00,2.580258025523482601e+00,2.363627042032544257e+00,1.524412423158484131e+00,-2.531594608099668076e+00,1.960490555526339107e-01,1.000000000000000000e+00
1.824558416889298318e+00,1.500984443454792094e+00,-4.467821707916920460e+00,-2.711729365055521868e+00,8.731668565143614336e-01,9.019942810422673096e-01,1.653925664098217840e+00,5.747098189506385513e-01,-7.181302506870648195e-01,-1.205191439051350066e+00,-1.693458448300309893e+00,1.000000000000000000e+00
8.248671660929826066e-01,1.661931838751297796e+00,-2.365136010008779266e+00,-7.101552920605844754e-01,-1.800507145139232934e+00,-4.477219466504873679e-01,2.933611632200656683e+00,1.049839009380202359e+00,-1.733117081468464882e+00,-1.860446885544705165e+00,-1.173103978927326763e+00,1.000000000000000000e+00
9.622964944194412062e-02,-1.878195440910819247e-01,-2.112358923370317498e+00,-2.482130848231379083e+00,-1.735594294689306816e+00,1.284263148924701170e+00,8.412673411237454602e-01,-2.239880975764219073e-02,-1.483280510807937436e+00,1.103605301347378997e+00,8.857780917364114215e-01,1.000000000000000000e+00
-3.786324079517631169e-01,9.544592164656852118e-01,-5.246631868735722293e+00,-2.882959936598641359e+00,2.333571792397042266e-01,2.123346160127319138e+00,8.320961978797620784e-01,3.171568263885419015e+00,-1.848266459477241996e+00,-4.886525228246700325e-01,1.432296825231505588e+00,1.000000000000000000e+00
-5.971333047929355820e-01,1.205213573188826937e+00,-4.606575291129535898e+00,-2.349653157332116660e+00,-4.225242623786475971e-01,-3.777715350227779378e-01,-3.842958761419980052e-01,-1.070702653856840714e+00,-1.179779066476171145e+00,7.984352571739027349e-01,-3.768914958512019076e-01,1.000000000000000000e+00
5.749769249152203443e-01,6.547960646439197063e-01,-2.362928504462029622e+00,-3.960692529552239272e+00,1.266363706991079585e+00,2.195623710010767393e+00,2.256983122783183249e-01,1.414263561785333190e+00,-1.768609427762182662e+00,8.085443502420672779e-01,-1.132722745746540527e-01,1.000000000000000000e+00
-3.146685748584817643e-01,1.326178302893537442e+00,-4.003238952939132567e+00,-1.675905870561532840e+00,-2.795202820810629984e-01,2.984736372268566473e+00,9.137638655183549785e-01,3.559403142127042230e+00,-1.189603174807584374e+00,-9.947503946464711921e-01,1.361640988696188659e+00,1.000000000000000000e+00
1.720709436210703658e-01,8.227445723445128145e-01,-3.601809531608577863e+00,-4.332814930009547538e+00,-1.477484817453568189e+00,1.940131539356705570e+00,1.290947980314379739e+00,3.139192407830184717e-01,-1.114252479481683045e+00,-1.644832141674580639e-01,8.844310120048934909e-01,1.000000000000000000e+00
-3.287357227315798047e-01,7.692750271764767778e-01,-2.140038652170723310e+00,-2.124162860315586432e+00,5.590564945174807399e-01,1.364657550460622204e+00,-1.315597922713200862e-01,7.371315634391506499e-01,-7.589822869140581130e-01,9.122220616486728106e-01,7.419734506141220653e-02,1.000000000000000000e+00
-7.825943025396853159e-02,-3.892744655282303068e-01,-2.846929532631834903e+00,-1.974448624678637909e+00,-9.921530459760175003e-01,1.181804066257729824e+00,9.284005062708358125e-01,8.563823050722105812e-01,6.170765670997435670e-01,-7.366473027307661736e-01,6.518083242205213734e-01,1.000000000000000000e+00
2.548099683385109948e-01,1.923052055976160357e+00,-3.534785210102724395e+00,-3.797629485991261156e+00,1.429632750819749942e+00,2.922688834234106192e-01,-7.897962828927408419e-01,8.139316413184727317e-02,-2.252373167791019704e+00,1.740827490977813419e+00,-1.520668150578176059e+00,1.000000000000000000e+00
-9.523618325710938581e-01,6.032176134676791035e-01,-3.497631979606032449e+00,-2.259812092000720529e+00,-3.284666178776716183e-01,2.360637585186794229e+00,-5.987439505644628346e-01,1.594452790091652528e+00,-2.063183256881450767e+00,1.112941608552341144e+00,1.006131509717902217e+00,1.000000000000000000e+00
1.716417156198384308e-01,1.488698543493019777e+00,-1.877660731521977766e+00,-2.397998053208550751e+00,-1.781698404910062594e-01,2.233209608984926042e+00,1.499367875149845819e+00,1.384631978742872249e+00,-2.080812318382508241e+00,-1.016391698044161851e+00,-1.108243642327895739e-01,1.000000000000000000e+00
2.233574336222845028e-02,4.781590506619714520e-01,-1.749031501571389091e+00,-1.573160320209062046e+00,4.151218896579307316e-01,4.539256691159163637e-01,1.108342585765510480e+00,8.316785492088465404e-01,4.489737831647155897e-02,-6.054597062591975387e-01,-3.825047395645012616e-01,1.000000000000000000e+00
2.730298009978226470e-01,9.779586034342954148e-01,-3.055289769359451402e+00,-2.460229235377788815e+00,8.297843864790018786e-01,5.446495571527224522e-01,8.481321773835168720e-01,1.279578603967339800e+00,-1.457218947521257135e+00,-1.625210726432929631e+00,-1.496394755159252909e+00,1.000000000000000000e+00
5.006878980819351455e-02,1.258858367818216806e+00,-2.365313710032986183e+00,-1.993062775166045686e+00,-7.732990907549549542e-01,2.476123241899355065e+00,2.609863128323025805e+00,3.031780865597093033e+00,1.667219547144426217e-01,-1.923136688835224817e+00,1.094636211484206312e+00,1.000000000000000000e+00
9.196027425932030708e-01,8.087696890883450118e-01,-2.223739919141912047e+00,-2.291945993445975382e+00,1.865052194774585947e+00,1.705731354541465183e+00,1.055215531667076601e+00,1.567869532940431521e+00,-1.672236455944409173e-02,-7.043662696874128382e-02,-1.163815047554435322e+00,1.000000000000000000e+00
6.970819457942426522e-01,5.174919736866623321e-01,-5.499845914534458480e+00,-4.703316714590020986e+00,-9.052276232712592741e-01,2.550866583726517867e+00,7.700224722060136084e-01,1.572162681409101870e+00,1.700099949587648984e-01,-4.081439246806651822e-01,1.891757481293583787e+00,1.000000000000000000e+00
1.288098331776635908e+00,2.147353151793316872e+00,-3.537966540499735579e+00,-2.813391230472597648e+00,7.814154670955728577e-01,7.897258361990417974e-01,1.213672406786737934e+00,3.799033386393408929e-01,-9.609042675123471433e-01,-1.406552329869951601e+00,-2.083129734484495454e+00,1.000000000000000000e+00
2.275439368719252287e-01,2.933859898054881343e-01,-4.439210076546951100e+00,-3.454164910412709233e+00,3.837166602855658915e-01,2.338907866335564023e+00,6.437688758979360770e-01,1.174859210883318017e+00,-1.588364351452083989e+00,1.004562854653246573e+00,6.268521578814281181e-01,1.000000000000000000e+00
-1.475814047061370982e+00,-5.058119739852786623e-01,-5.920615444818833950e+00,-4.128139262484245897e+00,7.220688709125140381e-01,3.100498564727397266e+00,1.931815705974681274e-01,2.829787837648052751e+00,-1.301351981536831515e+00,-3.386973642436265364e-02,1.681354682069943429e+00,1.000000000000000000e+00
-5.571158092893194747e-01,1.711255071101004166e+00,-1.765187931885302097e+00,-2.727250908223987302e+00,1.619400841786836409e+00,2.126899639013097865e+00,-6.221620206329111502e-01,2.110969314657161533e+00,-8.828631055285476315e-01,2.065945423692924887e+00,1.310316532271655898e-01,1.000000000000000000e+00
4.847064838294878192e-02,3.546446664437015173e-01,-5.129370051416465515e+00,-4.427563939184390840e+00,6.035670241815980219e-01,1.667826545836901708e+00,3.237447880293869429e-01,1.240259102300472094e+00,3.350019485113064910e-01,5.724518740328835703e-02,5.999252997109967289e-01,1.000000000000000000e+00
-9.217341899712093445e-02,1.305354081374776820e+00,-4.872441782785961628e+00,-3.931244993854858816e+00,-9.549318357873555208e-01,-2.066962907902427649e-01,5.140536466559848527e-01,-1.601591507862734742e+00,-2.602219867943998288e+00,-2.856452094745345338e-01,-1.144043577614473728e+00,1.000000000000000000e+00
-7.446511597731561016e-01,4.543306933497308631e-01,-5.308060951939572725e+00,-1.992138277069735786e+00,-6.415881611001494900e-01,1.454395840614700841e+00,-5.056045094982254406e-01,2.975339774926656133e+00,7.802964282253213035e-01,-7.959160816134646099e-01,1.780582623773208528e+00,1.000000000000000000e+00
5.098967816558480637e-01,1.480212576115437662e+00,-2.170725956920289690e+00,-1.625047662858040365e+00,-8.754901959104890441e-01,1.751109705973932007e+00,8.382665914774417582e-02,1.353577959784718843e+00,-1.191784168639259622e+00,3.501705854061248901e-01,9.192764165389832876e-02,1.000000000000000000e+00
8.000236338708966999e-01,1.465939134110364250e+00,-4.536644904904799880e+00,-3.322654831202831449e+00,9.785342197292516975e-01,1.764257108158885590e+00,-1.241804736119840324e-01,1.894530987090998320e+00,-1.139143039495300380e+00,1.258862010496216932e+00,5.129294425591306439e-01,1.000000000000000000e+00
-2.184653653384869276e+00,2.159108449928920592e+00,-4.770355504579623762e+00,-4.358130087420449605e+00,-5.399570936784994224e-01,1.528517218546912915e+00,2.923226717211608872e-01,2.171069052809698974e+00,-1.945570240375993576e+00,-1.791624755915156852e-01,1.103215703678697368e+00,1.000000000000000000e+00
-1.278605039897764861e+00,2.142481139413180413e-01,-3.386592602969161536e+00,-2.076879508185437651e+00,-1.370928661769804213e+00,2.414317300869929461e+00,-3.084763249309540045e-01,2.807644055250870352e+00,-5.065950451664817944e-01,-1.364256601360169574e+00,1.740234566180912212e+00,1.000000000000000000e+00
-1.325444518031563712e+00,-2.615967036423998415e-01,-1.511558184043897413e+00,-2.503546753777428080e+00,-1.680772773924636976e-01,2.649736927730894642e-01,-5.831367872234579641e-01,-2.829188352374822024e+00,-2.112357129246585252e+00,1.282639349755204217e+00,-1.790180416139366626e+00,1.000000000000000000e+00
-1.553179472084464718e+00,-1.201780988524624227e+00,-3.266779173090736954e+00,-3.379887684412758553e+00,-1.965026372903730723e+00,1.377460706893610443e+00,6.247886305679115626e-01,2.061159066666276019e-01,-8.392621626352667619e-01,-1.940142039301514798e-01,1.139132942527130821e+00,1.000000000000000000e+00
4.807489728924493888e-02,1.052899003750083828e+00,-4.127694055602543877e+00,-1.921334501608027434e+00,1.205892265671942409e+00,8.946309648154868732e-01,-1.197091488223178235e+00,1.213698417653296113e+00,-1.932660676237630160e+00,-2.375374795555475760e-01,-1.118601358634901732e+00,1.000000000000000000e+00
3.232877472534825269e-01,7.124465791091821876e-01,-1.250502456275095930e+00,-2.968645139476413508e+00,-1.227799574598225973e+00,1.881384225166181867e+00,6.950564786270081452e-01,-2.263590025251833726e-01,-3.680890080737385661e-01,-1.652940765147855873e-01,7.127211266801644074e-01,1.000000000000000000e+00
2.005607744632512013e+00,7.730909396219368679e-01,-2.876075001732032455e-01,-8.832187535810396284e-01,6.433023703561843165e-01,1.204666545446263726e+00,1.762669128410802699e+00,6.639709588786297800e-01,-5.854698399268702946e-01,-7.300667049602973524e-01,-2.226507362440760751e+00,1.000000000000000000e+00
4.297725395016349093e-01,1.927524069502341897e+00,-3.834371757809909909e+00,-2.060989246105351835e+00,5.336467224553315125e-01,-1.617733291738578716e+00,8.560801343034712962e-01,-7.522603602008099966e-01,1.281777642984645027e-01,4.081072220932702860e-02,-2.193074713242080698e+00,1.000000000000000000e+00
-2.826955706334084439e-01,7.653920738991493167e-02,-2.364876008018397258e+00,-1.775462143456358222e+00,-3.363305503794951079e-01,2.156671699970570177e+00,1.308304867019115303e+00,2.923365409811326643e+00,-3.962730533332833871e-01,-2.380739314676631135e+00,2.402916327733903290e-01,1.000000000000000000e+00
6.251127274400584133e-01,-6.763806908261245088e-01,-2.644058852160471318e+00,-2.682935908421807625e+00,1.158488691998707187e+00,2.507193752601385217e+00,8.927002271040679338e-02,2.650134299620389822e+00,-1.228421614301523634e-01,-6.958059626853263513e-01,8.414145598443413254e-01,1.000000000000000000e+00
-1.266978314648637971e-01,1.518608722994418958e-01,-2.957720934769000554e+00,-4.542255019249136438e+00,-1.174182708728040536e+00,3.055324216436996920e+00,1.466733792674641546e+00,1.276050174311999186e+00,-2.463560253773664055e+00,-2.497070364560466105e-01,1.332068804754644065e+00,1.000000000000000000e+00
9.329367001443257257e-01,8.387058608333400889e-01,-4.334944670865993999e+00,-5.647945360648668256e+00,-8.539027183283864897e-02,2.075835342043823140e+00,1.393445857516563358e+00,1.719757449812775452e-01,-5.288705719918231907e-01,4.551234342946967049e-01,3.502526836414469047e-01,1.000000000000000000e+00
-1.886868735193255042e-01,2.152016785524940801e+00,-3.469067477295801893e+00,-3.424146294543904290e+00,7.359770309334794369e-01,1.140781560308434361e+00,3.603003971019935192e-01,5.050639318454129834e-01,-1.137787713726842842e+00,9.488557490287091722e-02,-5.667032990022854433e-01,1.000000000000000000e+00
2.114347105731231302e+00,1.287660466420440075e+00,-4.750334918118870320e+00,-4.625984816251760279e+00,2.096596914659651922e+00,2.993273504835016752e+00,1.420551881687522222e+00,2.483706704500144191e+00,-1.314293480378629919e+00,8.858652755915493726e-01,-1.027503272267841772e-01,1.000000000000000000e+00
3.204226700744847722e-01,2.157104710582359530e+00,-5.195581172247484503e+00,-4.018374372167953013e+00,-7.578978634923649871e-01,1.825166854468931232e+00,1.650260533533181029e+00,2.160624221542258194e+00,-1.373598666060886098e+00,-4.725903623152318267e-01,9.026626596800448876e-01,1.000000000000000000e+00
-1.253885644664546772e+00,7.643196078442886510e-01,-4.960151002048052149e+00,-3.830869054180385813e+00,-4.251636876513573693e-01,3.123471642896962663e+00,-2.761367851111778959e-01,3.947174887995175574e+00,-4.337066081181128463e-01,6.826849829507457557e-01,2.885461779324450138e+00,1.000000000000000000e+00
-4.831153643564780609e-01,1.043241938423571824e+00,-1.109793786129922299e+00,-4.264691011953283706e+00,4.619194841118304251e-02,3.829343192181580147e-01,5.826063814393970253e-01,1.238697191136004516e-01,-4.668791670339075273e-01,-6.690810310024279950e-01,-7.840267917902967731e-01,1.000000000000000000e+00
-1.445482859568089640e-01,2.761025146483700343e+00,-5.134320930604685529e+00,-4.641548353704653351e+00,-1.878597890875415066e+00,5.451282697937210875e-01,2.430476867507427308e-01,5.125549086861116432e-01,-5.594950365827389138e-01,-9.137125821662389624e-01,4.747346705354873464e-01,1.000000000000000000e+00
-4.530527832597160409e-01,5.143066124959674301e-01,-4.748111719810006903e+00,-3.692424250738659985e+00,7.989492677156730949e-01,3.468342744322687743e+00,2.027684637728939532e-01,3.483196333571859427e+00,-1.424114727269174985e+00,-8.560574012258732601e-01,7.764847130586780555e-01,1.000000000000000000e+00
-2.177867883320267761e-01,-2.567220426554099877e-01,-3.377514281280789454e+00,-9.623544292402468336e-01,6.528413855812782440e-01,-5.398784483292402570e-01,1.043346642140317582e-01,-1.539753129254797459e+00,7.298969200717764227e-02,-3.174068501169297063e-01,-1.376937494699010500e+00,1.000000000000000000e+00
-1.465947781491900415e+00,-1.485628294292729024e-01,-4.333227154141284565e+00,-5.082366970398034312e+00,-1.333269329803599135e-01,1.556585357707332307e+00,-9.255096966675718795e-01,1.070440510465602069e+00,-1.272979219159296793e+00,9.510290188298402558e-01,1.594321456775773083e+00,1.000000000000000000e+00
3.022352801060800287e-01,8.022598290756216555e-01,-2.642547633884182456e+00,-2.157732916317256056e+00,-1.184308135674224438e+00,2.142263732749110972e+00,2.615151168769003664e+00,2.388341639691510032e+00,-9.027033008967705330e-01,-1.328556123312556680e+00,7.452432097366901154e-01,1.000000000000000000e+00
8.260139023969222949e-01,2.295743090815406173e+00,-6.353950427438334714e+00,-3.788845850462540632e+00,-1.595462746733532722e+00,7.159065037328099512e-01,8.131844292376468886e-01,3.748216282778646935e-01,3.540374958709235909e-01,-1.896366673061599784e+00,2.086052191354801910e-01,1.000000000000000000e+00
1.618079353259244124e+00,8.549294342147706338e-01,-2.795012807351632489e+00,-1.707789333188698633e+00,-7.955317986076906323e-01,2.061627382509485074e+00,1.447882555887412437e+00,1.412556251507224747e+00,2.590755255908798738e-01,-1.187182664802423293e+00,6.434688502941600108e-01,1.000000000000000000e+00
1.761027419537783523e+00,1.778320205803954224e+00,-2.544952090934637923e+00,-1.247136643976144876e+00,-2.480407850870981479e-01,2.329063666459422866e+00,2.059958524838390481e+00,1.991636708023521773e+00,1.619563427747262585e-01,-1.305056645879938637e+00,-5.824493883809827022e-01,1.000000000000000000e+00
-9.076067323762589123e-02,2.133437871340121417e-01,-4.391216687019290354e+00,-2.706998179523885550e+00,1.076668131247743965e+00,1.517538842777326646e+00,4.835932137753723437e-02,2.457883985117984338e+00,-9.354931566827813239e-01,-3.474960008980026438e-01,5.096712898603397157e-01,1.000000000000000000e+00
-1.002724362892688736e+00,8.857065127826461159e-01,-5.128963529797484711e+00,-5.016909702269978233e+00,-1.478644573943987073e+00,1.082119132935593253e+00,-2.354782854177878137e-02,4.106717366497599775e-01,-2.012743797805613966e-01,3.245450231600495727e-01,1.780694911274315340e+00,1.000000000000000000e+00
-1.803651113038503284e-01,9.106940024209888573e-01,-2.706068589189039919e+00,-3.171482709322325011e+00,2.073079135418338659e+00,2.900159078304176852e+00,5.521587173388263770e-01,1.607271589964419878e+00,-2.211885220201570412e+00,1.191518111441607797e+00,-7.178202584136355036e-01,1.000000000000000000e+00
3.847137747429800747e-01,2.746136247955272225e+00,-5.770766215142022482e+00,-5.101235974212364077e+00,8.158254627171029894e-01,1.901644564185518638e+00,5.334338506950814240e-01,6.773364290369245921e-01,-2.236078057444675693e+00,-4.456390916905799138e-01,-1.505416621384382703e+00,1.000000000000000000e+00
-2.029409979962879806e-01,5.363284854071544983e-01,-4.629957667862257154e+00,-3.899761921347296045e+00,1.157242125962584911e+00,9.935022608081212070e-01,-7.148385351048430758e-01,-3.917256486532676441e-01,-6.912639323565011873e-01,1.470908176954970559e+00,-2.295294031815305613e-01,1.000000000000000000e+00
-6.314404740545356276e-01,2.224985327690314207e-01,1.211543161605595387e+00,-1.232676252099094150e+00,-4.550079213631234021e-01,2.746840619141957873e+00,1.047516493194355913e-02,2.465048519270932381e+00,9.053829474250871812e-01,-7.242279661514037237e-01,1.295943014647847891e+00,1.000000000000000000e+00
2.917201585432929734e-01,1.003631906422894460e+00,-1.421068521652971928e+00,-2.515119981115036651e+00,1.439858749152091444e-01,2.825783879423096057e-01,5.201100514951616516e-01,1.212360347736096688e-01,-6.697911914509060427e-01,1.235747210710314237e+00,-6.816317463508035912e-01,1.000000000000000000e+00
-8.334446770521589110e-02,2.370236952595173641e+00,-6.117209182132436140e+00,-5.411662865496303709e+00,1.843645795634558382e-01,2.920687361351406608e+00,3.273579694698631193e-01,3.282004526265267508e+00,-1.244893582668208598e+00,7.061735525431773741e-01,1.733790304966389417e+00,1.000000000000000000e+00
-5.199084508737883414e-01,2.480767279502032352e+00,-6.241276760473207119e+00,-4.400161555469313868e+00,-2.248890063371399073e+00,1.037887216851105965e+00,6.407172722453091662e-01,-7.594007318764062209e-01,1.330721243602096537e-01,-9.359107549256903136e-01,7.271581111968418165e-01,1.000000000000000000e+00
2.757229517024102350e-01,6.688358906229302514e-01,-4.647100394632916576e+00,-2.640411417408603967e+00,-8.573455975118142725e-01,8.478813346470202017e-01,8.169476353429709903e-01,1.590331878244735098e+00,8.641264229305600786e-02,-7.239976923433860678e-01,1.036358961417517710e+00,1.000000000000000000e+00
-3.506918833966815585e-01,1.720262766432753665e+00,-3.132548285302369173e+00,-4.011218795119457781e+00,-1.085758037485315519e+00,1.698419114423202814e+00,7.196978407382212950e-01,1.821320584451088465e+00,4.096223445790525552e-03,1.604084004115495510e-02,1.295678118130500156e+00,1.000000000000000000e+00
4.108227941017747464e-01,-3.478882584599070071e-01,-2.374722238503585992e+00,-1.793836958429668282e+00,9.561608235299379199e-01,2.104359607737904980e+00,-1.939391628381397670e+00,-7.840439860530712401e-02,-1.179711177715746739e+00,2.694184448136549559e+00,1.500987230633263336e-01,1.000000000000000000e+00
8.828735429385513311e-02,4.288018785919777698e-01,-1.563691307736248870e+00,-2.819359845965745848e+00,1.919749626979835089e+00,2.523450342160118431e+00,-7.678290460506022042e-01,1.567499018984985115e+00,2.358746525567867458e-01,3.581943956134722717e-01,-4.907482393392217229e-02,1.000000000000000000e+00
1.239776349884341849e-01,1.413036629303610958e+00,-3.865275745545861064e+00,-2.720805376765716321e+00,8.785682034467071633e-01,1.190548642104374277e+00,-9.942891924376295876e-02,2.001241456268486818e+00,2.132285721701299153e-02,-9.899193781214061794e-01,-2.152239177527418557e-01,1.000000000000000000e+00
1.455312568591815126e+00,1.029642294677728609e+00,-1.306893194652428924e+00,-1.769022674315757548e+00,3.652538648862379667e+00,1.664111805220601648e+00,2.481763484743088888e-01,1.843664333911647635e+00,-1.195060713207021008e+00,7.534995531582326933e-01,-2.221389784778143195e+00,1.000000000000000000e+00
-3.933305074925438904e-01,-9.743082839182766186e-01,-3.753828679974916760e+00,-1.390208077416456467e+00,1.921982963685243684e-01,5.723331417665336041e-01,-3.127303385859414586e-02,-6.322688233409148317e-01,-1.452747720809058674e+00,-6.309571809070130266e-02,-8.721612125368908286e-01,1.000000000000000000e+00
4.104364745372018342e-01,2.850769828742198975e-01,-3.656088890462429575e+00,-3.123355000541533588e+00,1.725616820550361696e+00,4.969409651783461834e-01,7.777088915108161249e-01,-8.665653380744320344e-02,-4.970887246707008100e-01,4.490901087064709252e-01,-1.241138678404350104e+00,1.000000000000000000e+00
-6.151322185740313309e-01,1.458097221565746615e+00,-6.655774754550886740e+00,-5.093296970772547283e+00,4.916035791528954313e-01,1.583372823124790330e+00,4.999640254490939073e-01,1.693840624767259051e+00,-1.060098946984148194e+00,-5.741496821873283141e-01,2.253748087326859217e-01,1.000000000000000000e+00
-4.575553174182594995e-01,9.681980831976333413e-01,-3.073021926897444800e+00,-2.583737712145801169e+00,-3.543632097646238766e-01,7.182594400747761565e-01,8.346032813183683619e-01,6.327318836942303903e-01,-1.687043386447278914e+00,-7.238940970026113142e-01,-8.238792568639973224e-01,1.000000000000000000e+00
6.946138464574471705e-01,1.705046842166045851e-01,-3.253655372935427614e+00,-3.547567382863996865e+00,4.264427487613593470e-01,1.884390637186065920e+00,2.986779314331606816e-01,8.226524919137639946e-01,-1.169565052601985400e+00,-9.185439142150857439e-01,-3.263293525488334956e-01,1.000000000000000000e+00
-1.422591587785560219e-01,-6.588729211951109832e-01,-2.231891509147569064e+00,-1.699268568239249877e+00,-7.855359979252743985e-01,1.880562160217958301e+00,9.282886635619195248e-01,4.397771450965226592e-02,-1.131219023858679229e+00,-2.568068234282695483e-01,4.802420567411536112e-01,1.000000000000000000e+00
1.343432673619616491e+00,2.407514857970289412e+00,-2.721430062122593974e-01,-1.985408271407727021e+00,4.062960520354972349e-01,2.094322654845737208e+00,8.104879655171728370e-01,2.547285318128155840e+00,-2.031016349134560528e+00,6.989988710485214307e-01,-5.378476924074026000e-01,1.000000000000000000e+00
-1.195807988702619395e+00,2.214235644357631649e+00,-4.369329227667362758e+00,-4.972044543522490478e+00,-6.802982176222192034e-01,1.942041807116778429e+00,-1.034482429209487186e+00,2.258789841556705369e-01,-2.054037751130235900e+00,1.909570233788244531e+00,9.558037373927510405e-01,1.000000000000000000e+00
6.079104808637249974e-02,2.559319567957496044e+00,-3.959237400331878209e+00,-3.586978227008152942e+00,3.347746460852305539e-01,1.767322555690127306e-01,1.325404205566468319e-01,2.219491421371531104e-01,-8.656345534710883083e-01,-8.228602502273579811e-02,-1.118247571757607028e+00,1.000000000000000000e+00
-6.360715799200832021e-02,1.375722047233325585e+00,-2.452078478700605579e+00,-1.807185597496087537e+00,8.679100472401587441e-01,9.466277817364545655e-01,-1.256927403380168062e-01,1.822315084773860505e+00,-1.542240279672287384e+00,-1.438748045030965872e-01,-6.115233255458143447e-01,1.000000000000000000e+00
-1.165110269086011563e+00,1.275615651235374459e-01,-5.374263398794894009e+00,-3.271478641245388452e+00,-3.198828634931111248e-02,4.658795154572933361e-01,1.266219979294936349e-01,5.149474845065440398e-01,-9.749895027860385754e-01,-3.519887846771139334e-02,1.993120862860313092e-01,1.000000000000000000e+00
4.184602082084842301e-01,9.569470673013984463e-01,-1.730472146732497274e+00,-2.163644550798560662e+00,4.747008184526322339e-01,3.013189974146528449e-01,4.549576767902016039e-01,1.083137822791095939e-01,-9.755618037055731051e-01,3.422410855677700536e-01,-1.063942333557811537e+00,1.000000000000000000e+00
2.762571506312412883e-01,1.154256099436479666e+00,-3.727094670907303620e+00,-2.868289597407986058e+00,-1.711943973346994330e+00,1.460091425280461763e+00,1.055768825690500679e+00,-1.191993536014177568e-01,-3.394370808492272462e-01,-9.002607359513333796e-01,-8.674821425227663418e-02,1.000000000000000000e+00
-6.272409184051391806e-01,1.099118546973369082e+00,-3.530061773228731159e+00,-8.051457942587818550e-01,3.578459496833638065e-01,1.319842850544084456e+00,7.689017774758994950e-01,3.402291565945459340e+00,-5.865578832053786051e-01,-1.530094030359537394e+00,6.159822329053904477e-01,1.000000000000000000e+00
3.863967657282239010e-01,-3.105405097253171043e-01,-5.565537978751597947e-01,-2.381335201990598893e+00,1.619247037012444324e+00,1.439461917781179157e+00,-5.283791277601358471e-01,-1.234664735633403954e-01,5.985559636098258807e-02,3.466459322680396915e-01,-8.783877660465421178e-01,1.000000000000000000e+00
-1.072233731005722314e-02,1.180344772086286964e+00,-1.564171801357883362e+00,-2.705981642750615812e+00,2.922301833878290012e+00,1.822529768329192112e+00,6.403888515384220659e-02,2.212567000082386492e+00,-1.223086052764974507e+00,7.988941386630066255e-01,-1.424786285271426145e+00,1.000000000000000000e+00
5.255043864887820604e-01,3.010040804036174800e-01,-1.872885597283306058e+00,-2.863187498957175947e-01,1.223715180754669923e-01,1.598759051122378594e+00,8.818794157924698673e-01,1.562181560882755615e+00,1.259928689750309694e+00,-1.110341559618743812e+00,2.442088983913648370e-01,1.000000000000000000e+00
1.189603642733354061e+00,2.133348159006052569e+00,-4.857739502365018502e+00,-2.279462496263259030e+00,7.683366215505521568e-01,1.033987672399085289e+00,7.328091013160084044e-01,1.830211780902422980e+00,-6.739885313952089785e-01,-8.220537574629747102e-01,-8.739690958004133758e-01,1.000000000000000000e+00
-2.224649282941906225e+00,2.599632728554801542e-01,-2.895186913145329832e+00,-2.981216606870966679e+00,6.122978847533788738e-01,1.239679389119413111e+00,-1.053700611631628092e+00,1.059801275912350960e+00,-1.326759558835269859e+00,1.607763440517105402e-01,8.644320784381591682e-01,1.000000000000000000e+00
-2.265999435956642660e-01,3.260341073481675123e-01,-5.973189654694492923e-01,-1.369510786112606349e+00,-6.785063191256044401e-01,1.160225686445156557e+00,5.762942538711754992e-01,9.569119601235990258e-01,-8.969608367161060469e-01,-4.202173808069410987e-01,-1.819878303202306924e-01,1.000000000000000000e+00
1.409623578622568152e+00,1.214907043315015311e+00,-3.615510650430063144e+00,-2.185222935652241905e+00,2.053447368931821337e+00,1.747490679782582212e+00,2.940115365762160149e+00,3.292132461855115544e+00,-1.750851618253118636e+00,-1.152429436557581788e+00,-1.199754195879352725e+00,1.000000000000000000e+00
3.854177276708132399e-02,4.631053560981002182e-02,-2.604934120231548356e+00,-2.796681165072461006e+00,1.351497030546184641e+00,1.523591065189638716e+00,5.133555009255366119e-01,2.720228857828661084e+00,3.397260688234016168e-02,-7.485087120817520701e-01,1.672566051018443689e-01,1.000000000000000000e+00
-1.032904826686047217e+00,-5.818443030427558060e-01,-3.525902967131348653e+00,-3.274707299471502076e+00,-1.225415164233332410e+00,1.182192134418590834e+00,-1.831239338908551284e-01,-3.899662902065892389e-02,-2.265872102056272208e-01,1.427931004690457806e-01,7.780465599409620570e-01,1.000000000000000000e+00
1.076537411434940417e+00,1.192810435502368982e+00,-1.497208382271174809e+00,-2.006810327520879511e+00,9.323205107431843386e-01,3.524243005673535656e+00,2.284068285675285193e+00,3.552284240121645453e+00,-2.188906286161068859e+00,-8.977795550857690099e-01,-1.074293037961185082e-01,1.000000000000000000e+00
1.667402027519032659e-01,-7.299945572599464416e-02,-4.421897937624110320e+00,-5.968129383220801998e+00,9.319954483459214067e-01,9.775711120108855345e-01,-5.743962574918539676e-01,-1.037576082222194662e+00,-2.100516974051098273e+00,1.970457164408125239e+00,-4.444111695980795806e-01,1.000000000000000000e+00
-5.656700047152437433e-02,1.668715799964212820e+00,-4.274466886826270517e+00,-3.831054962079720294e+00,-2.113169152690298702e+00,2.901722591456320721e+00,1.370934761509061239e+00,2.702321638306840690e+00,-1.059093378199754909e+00,-1.590066198806354691e+00,1.753484938000735793e+00,1.000000000000000000e+00
-1.440093080466013253e+00,-1.327162797082601653e-01,-3.425261505271466334e+00,-3.535458959087179220e+00,1.081345908809016598e-01,7.758643213079020606e-01,3.101655891718635982e-01,1.535271350067584972e+00,2.060270942371511538e-02,-4.940183592994597528e-01,8.324777966657507244e-01,1.000000000000000000e+00
3.549565296842150941e-01,8.264393056334010668e-01,-4.318894954222991522e+00,-3.199393732192790107e+00,-1.256767448234658024e+00,6.712406925042809780e-01,-4.703258201944253702e-01,-7.784576246671948141e-02,-1.187074860328799719e+00,8.134356353366584136e-01,8.185957526910253579e-02,1.000000000000000000e+00
3.368233485769351332e-01,6.312196579585014344e-01,-7.990794696047176515e-01,-1.154781890757747842e+00,2.250777746299151616e+00,-1.003837676783608801e+00,-1.473879607781988454e+00,-1.304426088209185375e+00,-1.056547511656988902e-01,4.673215695167481920e-01,-2.665845462789603992e+00,1.000000000000000000e+00
-1.480150384698027954e+00,1.641149622154421950e+00,-3.601024988399986970e+00,-3.460077441959306110e+00,-1.284298773903113089e+00,1.805922420791568062e+00,-3.096836457175554669e-01,3.277296600748287325e+00,-6.659566156255081193e-02,-1.117765647247198402e+00,2.309027493438838174e+00,1.000000000000000000e+00
-4.325854313700999154e-01,2.741527049583560860e+00,-3.666087278329578591e+00,-3.029752432383328031e+00,-6.208460582122484750e-01,3.903962853726916649e-02,7.779654358491452371e-01,2.825663418235934143e-01,-1.712503538927593549e+00,-2.945863622247451574e-01,-8.844161382468809229e-01,1.000000000000000000e+00
5.718882646657077462e-01,1.810693201329968138e+00,-2.449649684925389703e+00,-3.184306781305457967e+00,4.398766868986510037e-01,-2.845783181336503098e-02,5.051810425402905036e-01,4.705287694889332961e-01,-5.304816565779428839e-01,-3.367773244302403324e-01,-7.622145057219915643e-01,1.000000000000000000e+00
8.307633713223422367e-02,1.878287935049553825e+00,-3.541484127177796370e+00,-3.718566399661860977e+00,1.466504959245499062e+00,2.024330201875669921e+00,-1.843633422129009602e-02,2.373366924082769280e+00,-1.726353266172097944e+00,6.981689480576284135e-01,-1.578626675904001297e-01,1.000000000000000000e+00
3.988518971755866116e-01,-5.870474137216652455e-01,-9.055621012689427651e-01,-1.085933528687919480e+00,2.008188347394970208e+00,1.126300671901432571e+00,-8.860099185600459615e-01,1.069854271277064672e+00,-8.137399955773599869e-01,1.222966766476746958e+00,-1.044433920127338933e+00,1.000000000000000000e+00
9.998659109032188574e-01,-5.479599381569943972e-01,-1.415398220560605047e+00,-3.338650192114654747e+00,2.861978667550319488e-01,2.938133209315755945e+00,1.232436154218020441e+00,6.732416130679008681e-02,-2.001331888257761094e+00,5.569129447682723555e-01,-5.667729300427573058e-01,1.000000000000000000e+00
3.346303871017890508e-01,2.032206115008771130e-01,-5.509979294600300115e-01,-9.397700110913600469e-01,3.424943474455596215e-01,3.502588931968917407e+00,1.486833510255243240e+00,1.645209441899636138e+00,1.723880165829845268e-01,-5.582691946341216127e-01,1.057557745898285162e-01,1.000000000000000000e+00
-2.048839540994205066e-01,2.655670981078761539e-02,-3.602015983071577221e+00,-2.671468148105389684e+00,-1.017485677805187727e+00,2.673469139397172789e+00,1.438194584301160095e+00,3.245140951117973849e+00,-7.302705278822545498e-01,-1.673456702736143775e+00,1.994402109374730836e+00,1.000000000000000000e+00
-3.194205170125986037e-01,1.168367392932028848e+00,-3.418349478404765662e+00,-4.352466393594890626e+00,1.366374726866086409e+00,2.304080904770009930e+00,2.762795731372855723e-01,2.117942151538232398e+00,-1.523733894009903445e+00,-4.002213278540505681e-01,-2.193342562677310648e-01,1.000000000000000000e+00
1.692291471215507520e-02,5.654977481942091710e-01,-1.607134272267252362e+00,-2.427202185766043741e+00,5.680287925499198920e-01,1.849510199170210534e+00,4.009422012017782588e-01,2.006645344382839813e+00,9.672766922257602928e-02,-6.328016398880925708e-01,-1.371361526867350550e-02,1.000000000000000000e+00
-7.490383147758438165e-01,-8.727710098142904549e-01,1.558288627801838189e-01,-5.186269706707093974e-01,5.618696562023627328e-01,8.102304404252638204e-01,1.027965841389731350e-01,1.646941684609119161e+00,5.297483880682463120e-01,1.779309481001287163e-03,5.118903410513491181e-01,1.000000000000000000e+00
4.210095912423178488e-01,9.110033708558372689e-01,-2.231163527000197710e+00,-4.054364308377243376e+00,-6.044163863750584564e-02,1.133119679323193019e+00,8.620868391746197013e-01,1.257047882620284884e+00,4.167595975818156884e-01,-2.855790900781768893e-01,4.216171938810911457e-01,1.000000000000000000e+00
-2.905027102277210616e-01,-9.656041969436066630e-01,-5.668064464425848215e-01,-1.939458771571841433e+00,3.159738627615987783e-02,2.450257710884740980e+00,-5.460952772033611513e-01,8.999929062475917618e-01,1.856906476394548644e-01,4.125811868828717643e-01,9.980334574496709799e-01,1.000000000000000000e+00
1.474548342736665019e+00,1.873506733664517032e+00,-4.464126692784963879e+00,-2.814670985480166365e+00,1.316398003724488230e+00,8.794941641171215574e-01,1.261510544154741176e+00,3.097899666973248367e-01,-2.453074367359570740e+00,6.202685634130293835e-01,-1.609574071565901709e+00,1.000000000000000000e+00
2.026380324619772022e+00,1.972817798312155535e+00,-5.487366022575337787e+00,-4.018051683552355868e+00,1.144990116482933917e+00,3.326010013740119398e+00,1.082488488038637842e+00,2.304308605912270380e+00,-2.707164953600780244e-01,-5.070379483227783757e-01,-5.139609825815202315e-01,1.000000000000000000e+00
8.155237625953959402e-02,9.424239643570503366e-01,-3.419522516584681870e+00,-5.157596860506249214e+00,-1.621497856605798482e+00,2.909762097679792880e+00,1.467140795314875401e+00,1.839447946170281512e+00,-2.891682237144258760e+00,1.983633160005476848e-01,1.737580049266607141e+00,1.000000000000000000e+00
3.134417090249372317e-01,5.933654258541481985e-01,-3.357026145847052945e+00,-2.686819049042666219e+00,5.331194042919631393e-01,2.844877374119725300e-01,1.379262748031003238e-01,3.709217384736329670e-02,-6.008788172665502358e-02,-4.461307812116608873e-01,-1.350121711032866934e+00,1.000000000000000000e+00
2.817985471816750742e-01,1.433263225657596340e+00,-5.491116137472086933e+00,-3.339161602160415132e+00,9.987363829348386290e-02,1.304365944202354743e+00,7.016163473550923735e-02,1.596336416629709820e+00,-1.341741258006324822e-01,3.210620950669744178e-01,4.519860048861502611e-01,1.000000000000000000e+00
-2.444266602751294509e-02,9.115500542658652172e-01,-3.373090297215990851e+00,-3.743474207317990299e+00,7.619368093676367470e-01,2.487574465359334575e+00,6.918070679021004477e-01,3.356628300310705804e+00,-1.960561223449824864e+00,1.341196443696273333e+00,1.260381905155849358e+00,1.000000000000000000e+00
3.213107881200796268e-01,5.475845301925883479e-01,-6.492541845156838853e+00,-4.311924827269825400e+00,1.217634492510584421e+00,2.869667777164298439e+00,-3.795756012575540739e-02,1.901086376973010861e+00,-5.341404829601912319e-01,-8.810561702507178072e-01,6.029243150307572741e-01,1.000000000000000000e+00
2.361962205551509653e-01,8.080168621084782288e-02,-2.971170554135454722e+00,-8.965383474237447192e-01,1.564207374955658425e+00,6.557473465143930369e-01,-7.704888731617868247e-01,1.686551483125855677e+00,-1.502340397379231529e+00,-1.941448625807236650e-01,-1.357371434284614375e+00,1.000000000000000000e+00
5.830378200907150310e-01,2.402220473802528566e+00,-2.322825796514847330e+00,-2.916201760934754361e+00,1.954384837398768449e+00,8.912360717449114844e-01,-3.483183788754440346e-01,7.017846518855714866e-01,-2.139900041906324990e+00,1.123658281291636696e+00,-1.659505746094859013e+00,1.000000000000000000e+00
-2.568832282476080642e-01,9.295865938248815130e-01,-1.106493091396201223e+00,-2.508161681928262610e+00,7.280442941261280332e-01,1.806397802484571269e+00,8.822344718947361386e-01,4.026932113146331815e+00,-6.636833473869385713e-02,-2.105036301926619946e-01,1.238750374651005126e+00,1.000000000000000000e+00
1.479555628109212595e+00,1.027447200710201347e+00,-4.197514825440120667e+00,-4.937558370322603807e+00,-6.076384495208989600e-01,1.520848765816249060e+00,1.357425983955106608e+00,-3.454457847343372912e-01,5.504948471097734775e-01,-5.721425843732547145e-01,-8.711052689055723275e-02,1.000000000000000000e+00
-4.823100775454180478e-01,1.208109071803383117e+00,-3.516887411816097320e+00,-4.353874897360401341e+00,-1.060535524064791568e+00,1.546149162773110319e+00,-4.002346010290508405e-01,7.850483463997709466e-01,-5.403190104686188544e-01,1.041584264784153779e+00,2.145651615830784120e+00,1.000000000000000000e+00
-4.248016122985337484e-01,1.653173995007392261e+00,-5.482466793022375384e+00,-6.631069398339629828e+00,-2.207949325562542420e+00,2.765815740464867556e+00,5.139666912031000123e-01,1.410333547274708277e+00,-1.891178403977647804e+00,6.012984114746644515e-01,2.628277786325860177e+00,1.000000000000000000e+00
3.749554377463206190e-01,-3.367559946092590906e-01,-2.097790658258021690e+00,-1.498508988992269586e+00,-2.169671282369075582e-01,1.399122469745137431e+00,1.589989531591329719e+00,2.474371199063150506e+00,6.778897430394881241e-02,-1.369641117367462080e+00,2.454960951475766984e-01,1.000000000000000000e+00
9.179024080756333914e-01,8.958345699688244901e-01,-4.082032448484377518e+00,-4.832174189800583441e+00,-5.454945594587691238e-01,3.500305285913208664e+00,7.614378913749394462e-01,1.496655629467458226e+00,-4.536329614746760219e-01,-3.829074514195736079e-01,1.366238586261649290e+00,1.000000000000000000e+00
3.954652955098319489e-01,-9.430524965769238044e-01,-4.798187810442806622e+00,-3.615788956179178282e+00,4.030059610472846443e-01,1.655677632597888360e+00,6.177174639556463065e-01,3.509071750566962189e-01,-1.336379910828448647e+00,5.563321224742188154e-01,-3.791080869130397102e-01,1.000000000000000000e+00
2.583360659210333088e-01,6.094412028726386987e-01,-2.252504377263799373e+00,-1.393791013755576680e+00,2.231160621009414258e-01,1.466562692932268597e+00,1.933977245489030050e+00,2.435943322336622252e+00,-7.286172405852864298e-02,-2.632754274825986895e-01,5.287599013101980105e-01,1.000000000000000000e+00
-1.320569124030066543e+00,1.950234004078199135e+00,-4.686277542743699343e+00,-4.414491948518949549e+00,1.297490555931366085e+00,7.292568641665087004e-01,-1.478046153565031329e+00,1.388651748729751390e+00,-1.595349720490608192e+00,8.767860908591037505e-01,2.502526912840462581e-01,1.000000000000000000e+00
1.536481161388558281e+00,3.230210789155354423e+00,-6.368242154962985957e+00,-5.739162343376454700e+00,2.580713216956052491e+00,3.184280534159369846e+00,1.492816705566623270e+00,3.532427087900866347e+00,-2.527378180783777850e+00,-1.371104464741806028e+00,-1.376300189837556864e+00,1.000000000000000000e+00
-1.910949077196056001e+00,-1.978158774956924937e+00,-2.708549946511253914e+00,-1.177761093049769503e+00,4.264318710658998590e-01,1.912745280406388471e+00,-2.937458187493090511e-01,2.258456799585641939e+00,-8.873852138692869262e-01,-7.150972455613335832e-02,1.512216393610261944e+00,1.000000000000000000e+00
6.481079616011152789e-01,2.225109135357089762e+00,-4.766193843210486669e+00,-3.713005875666585798e+00,1.296741394537332392e-01,-1.209306466356359300e+00,3.263532675717209508e-01,-2.453122692306628494e+00,-1.528443293491537958e+00,9.041964316654796940e-01,-2.239551264361341332e+00,1.000000000000000000e+00
-7.105880037512848357e-01,1.103599360347326197e+00,-5.637496777325047503e+00,-3.456421231390212068e+00,1.616362396666409795e+00,1.479024279009538034e+00,1.301330249868866584e+00,1.946128995667095296e+00,-9.733239520157911384e-01,-1.654942754004163907e-01,-2.332428296319510180e-02,1.000000000000000000e+00
6.327136198610880946e-01,1.845423476534166163e+00,-4.416005232532124403e+00,-2.810756196587907763e+00,-2.626412454292512133e-01,-3.790373766776666820e-02,7.700225251339685162e-01,2.230170137652578433e-01,-2.613371975171562278e-01,-6.249731350332999869e-01,-1.031403170882061682e+00,1.000000000000000000e+00
1.152833242388362212e-01,1.337778024291414569e+00,-1.384720663128450990e+00,-4.328604236251168302e+00,-3.564839568515049129e-01,1.160826428406098509e+00,1.098260916093623529e-01,2.304128162512686373e-03,-8.569353862143903600e-01,6.953749664048864965e-01,-2.237278196651255602e-01,1.000000000000000000e+00
1.400659430440263531e+00,2.110577283803269477e+00,-5.757091149387944640e+00,-3.489573630538504112e+00,1.253725251265500606e+00,9.822216978107660701e-01,8.988149501693494248e-01,1.940167941628035742e+00,-1.153682122122573706e+00,6.231608595877432405e-02,-1.490939741219438064e+00,1.000000000000000000e+00
-1.385063980970996367e+00,8.782942475121550130e-01,-1.846036926884991214e+00,-1.438653537084826128e+00,-1.277988739963320963e+00,6.800304028573366244e-01,-1.418483716782013015e+00,5.377390641356362133e-01,1.168797629044417974e+00,7.680209476152448644e-01,1.441087439691221439e+00,1.000000000000000000e+00
1.071095856862397833e+00,1.138995515321218566e+00,-6.622824659892268429e+00,-5.666759288908465919e+00,4.127524319342329440e-02,2.427689494992967489e+00,8.791858790261919410e-01,7.096259173734734693e-01,-2.159287231090100345e+00,5.073776370618323650e-01,-1.794279345310586249e-01,1.000000000000000000e+00
8.808418663310822738e-02,7.398253681162503259e-02,-1.343564829998230792e+00,-6.787537630200772831e-01,-5.293847818914130254e-01,1.539618136544564697e+00,4.953929876327753390e-01,1.837993284580486275e+00,1.063861017241081397e+00,-1.093042890323552507e+00,6.439422191662732553e-01,1.000000000000000000e+00
5.231237104109772718e-01,1.503278434876168745e+00,-4.069251473894990312e+00,-1.128484469248842492e+00,4.253997800384867745e-01,-1.174246384070866123e+00,2.201625972095499761e-01,2.860685669684464028e-01,1.939001583780146643e-01,-1.630813205662142495e+00,-1.720054023991973491e+00,1.000000000000000000e+00
1.008167703759619505e+00,1.219141890886672464e+00,-4.260421323339483202e+00,-2.652487510675967552e+00,-2.965396245630362859e-01,1.774071679250748046e+00,1.074940861583104645e+00,1.061583594544837528e+00,-7.619615468987114282e-01,-1.718881322772452425e+00,-5.841097226994088620e-01,1.000000000000000000e+00
-3.187841598011049715e-01,-5.018480185723288578e-01,-3.241610136339161397e+00,-3.307333648316490127e+00,-1.782210179239206882e+00,2.483863872811371554e+00,9.429215499025654923e-01,2.154677199857474523e+00,1.416043512781014480e-01,-1.345419565798166905e+00,2.076943188665232753e+00,1.000000000000000000e+00
4.899113273705930083e-01,1.332271560213767359e+00,-2.978463050081376462e+00,-3.254847393720827764e+00,1.335022901043753762e+00,1.532423831037518003e+00,9.446434113029552604e-01,1.813988801655254779e+00,-1.336618063922169197e-01,-1.180189566827078984e-01,-2.275029982240976967e-01,1.000000000000000000e+00
8.688009763515417427e-01,-5.692189198669705963e-02,-3.056500100707842282e+00,-2.438914516712603398e+00,1.551631651173932758e+00,6.029788945374072728e-01,-1.634897347538837309e-01,-4.748405738046479474e-01,1.573382720158204018e-01,7.055267069544851610e-02,-1.575671243926640486e+00,1.000000000000000000e+00
-6.875234900799115367e-01,-1.203180949336906114e-01,-2.309194941698771153e+00,-3.430484267462085679e+00,-2.027625274357607310e+00,2.387173632873314855e+00,1.883873657798756707e+00,1.662273524301645322e+00,7.461671874591917497e-01,-9.287173493378979572e-01,2.331009340043379119e+00,1.000000000000000000e+00
3.249754189495778212e-01,5.213486208136610678e-01,-2.967802256027756158e+00,-3.939644235563590779e+00,-9.690959999098345268e-01,3.374111376992082967e+00,1.636340250026667054e+00,2.173298183683013196e+00,-5.485441369994968897e-01,-8.525392207464512762e-01,1.782079416793927562e+00,1.000000000000000000e+00
-1.067086498757521262e+00,6.344980323882005724e-01,-5.530367911546063553e+00,-3.024609137520382962e+00,-1.482384471614293986e+00,1.234997635713245945e+00,3.126656848068867234e-01,2.184674834108673025e+00,6.180202967803496428e-01,-4.452361236212243334e-01,1.866079997930703893e+00,1.000000000000000000e+00
-6.952701001842443995e-01,1.435175066468067362e-01,-2.429896578050615208e+00,-2.507148241103339448e+00,-8.352149592270887712e-01,1.368620528295303673e+00,-4.433004446474158033e-01,3.716855784771538884e-01,1.944129369869059820e-01,4.297408698125381593e-02,7.287468859881458538e-01,1.000000000000000000e+00
6.738129375617255556e-01,2.002924099392296320e+00,-3.788167503799785951e+00,-3.313459392100778000e+00,-6.351677564959051780e-01,1.483433591052127243e+00,1.215666449966102292e+00,9.018968840613608151e-01,-1.167927223219732635e+00,-1.629884188773373710e+00,1.554278770237966234e-01,1.000000000000000000e+00
1.326441447302605825e+00,2.688121239366309645e+00,-5.780810569859148984e+00,-4.493772162353478983e+00,-2.602016706948857006e-01,3.939809868277912130e+00,3.037197209807637410e+00,2.525825878120453005e+00,-1.002213864550360656e+00,-1.729082937067894621e+00,1.590125452480892765e-01,1.000000000000000000e+00
5.118643926887421758e-01,1.290721350620663843e-01,-2.698217937515402731e+00,-3.256464452417445088e+00,2.345914960605006705e+00,2.236375366686933930e+00,2.597469387626298865e-01,2.732873060279772837e+00,-1.031855398767110854e+00,2.689592752157073385e-01,-5.832979715070008009e-01,1.000000000000000000e+00
-2.402138919096559744e-01,8.446888895334900837e-01,-2.838092744303044590e+00,-1.672953148167714676e+00,-9.473707786732048497e-01,-3.140274631059478683e-01,2.937002766095927475e-01,8.082982200495969494e-01,-1.972501125863369564e-01,-9.798680686357913450e-01,-8.285076327006318797e-02,1.000000000000000000e+00
-6.260937088773319559e-01,7.554846819420207860e-01,-2.428362504223594343e+00,-3.122549565393654802e+00,1.607104315556717289e+00,8.746888528056998569e-01,-9.113992835217775701e-01,9.585634381691487960e-02,1.627775372997862791e-01,1.960462847330756153e+00,-5.404170852217528020e-01,1.000000000000000000e+00
3.522305811140034049e-01,1.853668923271473812e+00,-3.357960986842121631e+00,-2.174628269769159239e+00,1.651256297455390598e+00,-1.174385766255740871e+00,6.528078346679339061e-02,-8.427808035399053654e-01,-7.815515758989667328e-01,7.563253710891032489e-01,-2.955384128186336667e+00,1.000000000000000000e+00
1.112328913650110773e-01,1.911928513013834596e+00,-4.206995085961663605e+00,-3.513708813912289841e+00,1.132871698997903298e+00,1.523255235798633089e+00,1.454353333242492941e+00,8.253655374221733343e-01,-1.755400796156718846e+00,2.985953118737398881e-01,-1.310019508978554903e+00,1.000000000000000000e+00
4.173762864766290548e-01,4.838863780795654712e-02,-1.543219243751385195e+00,-2.564143578824531478e+00,1.461590407719162821e+00,7.286030647568610963e-01,-1.062102444187992933e+00,-3.542840426541677967e-01,-9.256868104521125407e-01,1.396839448454072707e+00,-1.074439067498972999e+00,1.000000000000000000e+00
4.993441873183873114e-01,7.133366156288398763e-01,-3.402731365605611735e+00,-2.617138972436937827e+00,6.435924455540280587e-01,2.209773394496977961e+00,3.177775057364336520e-01,3.274663449503194101e+00,-4.836145594228304923e-01,-2.064471151804627980e-01,8.215527952327027483e-01,1.000000000000000000e+00
3.027634519132101909e-01,1.706947096670778041e+00,-5.868441649504122282e+00,-4.052558857162996908e+00,3.046002635402521364e+00,2.892346112446028350e+00,2.773031320612967310e+00,4.814350210648140838e+00,-1.107046587503837998e+00,-1.605232114022929535e+00,-5.975594177123443318e-01,1.000000000000000000e+00
-1.041404731544550266e+00,-8.924783763614074772e-02,6.233498130835535278e-02,-1.322591862836282273e+00,-1.070381393831840944e+00,-2.721550416001352612e-01,5.580315153280052121e-02,-9.221162764464401196e-01,-1.266497984768383933e+00,-4.934843799548055410e-01,-1.016066751054620854e+00,1.000000000000000000e+00
-2.934099855717030025e-01,1.634539538343439347e+00,-3.781857698200274953e+00,-3.798786209613236764e+00,-5.495182884889342478e-01,1.747941686784607374e+00,2.003349947130612652e+00,1.167115718723299667e+00,-1.696378907885447429e+00,4.908798123794114732e-01,-9.557451635279379243e-02,1.000000000000000000e+00
-4.417756749685766149e-01,2.023985934858708813e+00,-8.582206970439769655e-01,-8.561601433093664060e-01,-4.371589822561735561e-01,-5.649947566653612530e-01,1.029034701138397123e+00,-7.211632275566182138e-02,-1.449055622271866017e+00,-5.709551695890747736e-01,-1.414074066368373739e+00,1.000000000000000000e+00
-1.921558212159192314e-01,-2.996359715638354793e-01,-4.739172996000538873e+00,-2.121401393864668528e+00,6.443410575915438088e-01,2.059147735710423088e+00,7.317247631540744202e-01,2.734772356766292489e+00,4.021457796266338924e-01,-1.499892208521689696e+00,5.528199874760374444e-01,1.000000000000000000e+00
1.808338378838547367e-01,5.207995658756197077e-01,-4.389183822415653857e+00,-4.659467856783875206e+00,5.274232793994628743e-01,2.639211661825948241e+00,8.735072789749135369e-01,1.194965056102627265e+00,-2.484706149433620226e+00,-1.847523889358888283e-01,3.142771340623955467e-01,1.000000000000000000e+00
-7.385271877100271221e-01,1.836538966108238746e+00,-4.710958032965505637e+00,-2.629994824697420519e+00,-6.328795785623797521e-02,4.923023632884778733e-01,1.084257498492873228e+00,2.054484201436536317e+00,7.274306205960434646e-02,-2.528463552193770170e+00,-1.592803859381088927e-01,1.000000000000000000e+00
1.050239394522933800e+00,1.390986235458761433e+00,-3.711296530725816112e+00,-3.079221438254009069e+00,5.933442529859012105e-01,1.029072965396797157e+00,-5.770527431377766581e-01,-2.068248855998189306e-02,-6.050602163371310294e-01,1.574873915540064395e+00,-9.036918966262605935e-01,1.000000000000000000e+00
5.110592189771148153e-01,5.331194985940421738e-01,-3.388259655304490803e+00,-1.570723490819980306e+00,6.094042240055504989e-01,2.999057690073991367e+00,1.204118973326715913e+00,3.652136526466422950e+00,-2.047100128994535417e+00,-1.298101371401833903e+00,3.755854513963698960e-01,1.000000000000000000e+00
-6.520747423343414839e-01,5.295027101111182688e-01,-5.138124160776285976e+00,-1.994896154411545108e+00,8.580533248586260653e-01,8.389025405015537729e-01,-3.355458667589182875e-01,1.470096005826415420e+00,-1.029756165874769147e+00,-5.236018835361823109e-01,-5.925480646758871650e-01,1.000000000000000000e+00
-2.366218989363820524e-01,1.320713281341711509e+00,-3.040921196038314456e+00,-3.418565822158194933e+00,2.189876710340295407e+00,2.378844815867634299e+00,9.269744242744164531e-01,2.751000735891718563e+00,-1.845794532165992541e+00,3.779030552036655860e-02,-5.748790058701249706e-01,1.000000000000000000e+00
-4.846711987200609806e-01,2.141306617973552484e+00,-6.587731328273467746e+00,-6.589427618412444509e+00,7.349472173489212112e-01,3.636978816337993692e+00,-1.377816764170219699e+00,2.758003159054871922e+00,-3.120576573147842758e+00,1.553900026209543928e+00,2.027189495423334709e+00,1.000000000000000000e+00
-3.933091041939428822e-01,2.111813657724216142e+00,-3.657213801188513358e+00,-3.978780173489773198e-01,1.019063111238011521e+00,-1.388676822683361456e+00,-3.181158751155137576e-01,1.704240829407925872e-01,-1.140492250727774159e+00,9.277275061139202972e-01,-1.449303164149943868e+00,1.000000000000000000e+00
1.075955027106546336e+00,4.119568844917080863e-01,-1.519404246115667378e+00,-2.757979187689533429e+00,1.141085322161852628e-01,1.835480123125531327e+00,6.580453387399658460e-01,1.715224515019555529e-01,2.140390379366909901e-01,4.070505795808588290e-01,-2.068571072834400337e-01,1.000000000000000000e+00
7.283495588865386283e-01,1.048282722070023487e+00,-8.780051964706196976e-01,-1.528950801288636141e+00,-2.378320377233162364e-01,8.257030966221674539e-01,9.199928682231526267e-01,-3.698117524435737824e-01,-7.567648116497501798e-01,4.033826808259495800e-01,-8.581069926103429557e-01,1.000000000000000000e+00
-2.229144857189947759e-01,1.455104769791979447e-01,-2.751370043413399635e+00,-2.492155408875787348e+00,1.376476369742051453e+00,1.271839731895274106e+00,2.104063428261051527e-01,2.248589341421521892e-01,-1.741581295072721192e+00,-4.907022090518793900e-01,-1.320015915408632834e+00,1.000000000000000000e+00
-4.936804460314916931e-02,1.786702928912387023e+00,-4.314025651505092540e+00,-2.638721314476900837e+00,8.242207783184279934e-01,-2.147760153770483793e-01,4.501613280910291004e-01,-1.129267297543701254e-02,-6.019741775547631235e-01,6.854712799294510051e-02,-1.271134089139143386e+00,1.000000000000000000e+00
-1.405233989261280403e+00,2.004642408322206970e-01,-3.302078142097362168e+00,-1.776487208650946004e+00,4.120866386547711313e-01,1.420577750326386113e+00,2.275720497261329855e-02,3.085171705744732318e+00,1.046215252508838622e-01,-1.503977773424223674e+00,2.790982230171049627e-01,1.000000000000000000e+00
-3.784053983985522507e-01,8.428386314949586344e-01,-1.756786265600992936e+00,-2.614147931464655628e+00,7.849227231119906278e-01,2.210261063252742630e+00,1.817136693191532260e-01,3.417494216064742574e+00,-1.617822855868399134e+00,-3.769689171206799805e-01,5.255807210314593636e-01,1.000000000000000000e+00
-5.211369105223354614e-01,-4.870701296509538647e-02,-2.691993627899763375e+00,-2.043037973223814863e+00,-2.453395249274924694e+00,2.190882224939580070e+00,1.503425843138550988e+00,2.147392661649455636e+00,3.706238471876248664e-01,-1.817960523737323975e+00,2.271973366489805191e+00,1.000000000000000000e+00
-9.479275077372152358e-01,1.679266987753838425e+00,-3.727792696846240705e+00,-3.145014619394636668e+00,4.838792630858404498e-02,7.125844098562864604e-01,-6.670376277670150289e-01,1.637686091118224274e+00,-3.519411762825661594e+00,1.638708076871912667e+00,3.937692587107172182e-01,1.000000000000000000e+00
1.955515570635246725e-01,7.531014936817006511e-01,-1.479434070534189960e+00,-1.536321885687479849e+00,-9.887731313181871151e-01,7.019919291520468896e-01,-4.872383029139252253e-01,3.927649124871868125e-02,-4.429432473195958342e-01,2.473728023413041682e-02,-1.146522443958756521e-01,1.000000000000000000e+00
-1.480228659092451826e-01,7.242845410920559779e-01,-4.133665679427208417e+00,-1.439589870495870727e+00,2.428592501347294430e+00,9.033867342860052441e-01,9.784256882577818670e-01,3.057533940110565229e+00,-8.813145383579918946e-01,-7.036878447198595676e-01,-9.638226779895368024e-01,1.000000000000000000e+00
9.619264620707659308e-01,2.608084524574422858e+00,-5.059848107471403011e+00,-3.034245545625632090e+00,2.804875132606237997e+00,1.547309235464855881e+00,8.655189264533738047e-01,1.992801309324955028e+00,-2.124591440304371748e+00,7.727224641583291254e-02,-1.932439152317834585e+00,1.000000000000000000e+00
5.585079916315478510e-01,1.789251807437584940e+00,-2.210238329750053410e+00,-1.356762264881091307e+00,2.237055000606444466e+00,7.877415997199732622e-01,8.333208499289948001e-01,2.888122052970266918e+00,-4.148408232281021735e-01,-2.588849157253808597e-01,-1.371519313006458241e+00,1.000000000000000000e+00
9.395937357254251499e-01,1.113581622854676434e+00,-2.475734079510992558e+00,-1.111992615644553428e+00,2.852160237773137652e+00,-3.379672792556747130e-01,-3.084655485044505152e-01,1.333893783057337412e+00,-1.261390323051507556e+00,7.735909710416650764e-01,-2.497761406778903126e+00,1.000000000000000000e+00
-8.515696995248791534e-01,3.864514779786665244e-01,-5.210733707944054771e+00,-5.493276623797557434e+00,-1.218062623306385595e+00,2.000346193029597153e+00,-3.800480537272900028e-01,3.785051406749038172e-01,-4.488726169828015644e-01,1.699440869682842248e-01,1.778499018128791409e+00,1.000000000000000000e+00
-7.310544434637337163e-01,9.430501396610546649e-02,-3.520440986395884320e+00,-3.565368869738451796e+00,1.658340819602517335e+00,6.290337912327537140e-01,-3.774012341349211042e-01,2.209663475611609584e-01,-2.343022821186992122e+00,1.366758538284185809e+00,-8.950267498233845931e-01,1.000000000000000000e+00
-7.176373788016235933e-01,8.124322420914635856e-01,-2.464226879443043305e+00,-2.489782409853311229e+00,-3.292192251593117902e-01,-8.406480358679679910e-02,-8.256118543304694635e-01,-3.332313538360180960e-01,-1.793331759539343206e+00,1.618905700926892566e+00,1.462272449559297860e-01,1.000000000000000000e+00
-5.611586433697858256e-01,5.483987308336955024e-01,-4.088329183110601228e+00,-2.757380812204508480e+00,8.348561616628837889e-01,1.830653193339479179e+00,2.087912438507394386e-01,2.544423736266796077e+00,-8.419484916266517516e-02,-6.788949633696533814e-01,9.526042209114679027e-01,1.000000000000000000e+00
-1.176465100608288905e+00,-7.010157370303593538e-02,-6.931171844774950408e-01,-2.304602165224598487e-01,-3.996517163614865531e-01,1.363269913917460219e+00,-2.252693261263361002e-01,4.080182030833979567e+00,-1.348444650251956478e-01,-1.227137272228026044e+00,1.526857780972609380e+00,1.000000000000000000e+00
-3.207547027249217364e-01,1.072505041153814176e+00,-4.499776465959851812e+00,-1.379342920602037559e+00,1.427353591525097887e+00,1.713526886574716634e+00,2.610591844918034865e-01,2.956336607935199368e+00,-1.092231063661491808e+00,-1.088922679027210405e+00,-6.770985626944970859e-01,1.000000000000000000e+00
8.197129614045611801e-01,-8.136248598977227076e-01,-1.765998272512773193e+00,-1.160984825096458506e+00,2.244207152422279528e+00,-3.261894465968322443e-01,1.100975642917393360e+00,8.598411375615127028e-01,-2.744931028694413966e-01,-7.999909592923670765e-01,-2.406125591577952694e+00,1.000000000000000000e+00
2.989291123840602249e-01,1.448793377407109118e+00,-4.707407699505385068e+00,-3.829169358876406193e+00,1.851371349748251349e+00,2.980172321248930167e+00,9.657203376178427057e-01,2.872304562902640690e+00,-1.082654414224196948e+00,-4.651766190584981642e-01,4.759555035924873528e-02,1.000000000000000000e+00
4.317579661104657962e-01,9.439411505172508043e-01,-5.671304978962893983e+00,-3.634387219304823002e+00,3.961656367027543979e-01,1.421012253060369712e-01,2.222267287478581765e-01,-8.826141947928800580e-01,-1.964467053238251326e+00,-5.575787714352510305e-01,-1.541887903608298860e+00,1.000000000000000000e+00
-5.885961415996069368e-01,3.755711589586943067e-01,-3.332931317080289446e+00,-1.954856918188965231e-01,8.565479307264458608e-01,9.602603401770581915e-01,-2.143864989721278036e-01,2.017441695249186928e+00,-8.760897173334769583e-01,-5.931260870043303379e-01,-3.526093573097103806e-01,1.000000000000000000e+00
-1.664996774955039560e-01,1.196412057470955359e+00,-3.452485437268519419e+00,-3.509652710854150648e+00,6.262539441292348519e-01,1.719704921495808225e-01,-6.367976629321958626e-02,2.904115638732960303e-01,-9.531224045949522328e-01,5.035708546694676047e-01,-5.472694382938592117e-01,1.000000000000000000e+00
1.091243182155912761e+00,2.313529060713893415e+00,-6.036253873325978958e+00,-3.271242115928820304e+00,9.679133103383058545e-01,2.406217867342628658e+00,3.083682269247348007e+00,2.670605297472736339e+00,-9.471444242286821691e-01,-6.992923831229411746e-01,-6.132625969527144560e-01,1.000000000000000000e+00
2.066612879536520453e-01,2.376171787473688291e+00,-5.263752575277534262e+00,-1.854613242272023177e+00,1.763214733867449757e+00,-1.030931221763013772e+00,-7.006801405996191390e-01,8.784199272766217703e-01,-2.099130454916945610e+00,6.756750371465062299e-01,-2.179290148923760828e+00,1.000000000000000000e+00
-3.566470426937840554e-01,2.189631329616671618e+00,-4.114721963118390669e+00,-2.649472662770606224e+00,5.159395632428648293e-01,-1.997008225637579848e-01,-7.010453485424811282e-01,5.054393740523729361e-01,-9.231246203684825291e-01,5.975245642686543013e-01,-1.046872589205574355e+00,1.000000000000000000e+00
-9.666256550152564631e-02,6.094797706684157435e-01,-4.018495411435086595e+00,-1.945321255885118727e+00,-5.862136584331452127e-01,1.174757214675552941e+00,5.880374405822613726e-01,8.003104714561350974e-01,-8.380909126856618263e-01,-6.927092883672399948e-01,-1.157509437404106722e-01,1.000000000000000000e+00
3.871850747971880558e-01,1.682366082233122562e+00,-2.659120258585344843e+00,-2.513056678330532812e+00,-2.178210275813238006e+00,1.811878247117771235e+00,3.676966872831328725e-01,1.039562365012779654e+00,-2.017836014249930088e+00,7.975787387176057619e-01,1.252547417022772835e+00,1.000000000000000000e+00
-2.408039519463120171e-01,1.682151737542714409e+00,-1.328901905704943154e+00,-1.881418312849846952e+00,-1.399975110479836915e-01,2.286816899880738774e+00,1.561083844542026533e+00,2.273064023804394651e+00,-9.619172284462249589e-01,-6.953388200840467104e-02,3.935601670811581521e-01,1.000000000000000000e+00
4.201238678715229491e-01,1.987155311911686484e+00,-2.934949953974544723e+00,-2.524332524353004370e+00,-5.240966204885412205e-01,1.461454903768749647e+00,-1.711394425769914296e-01,9.840968958634921382e-01,-1.347766189189485431e-01,1.161530539536810958e+00,4.574641515250626456e-01,1.000000000000000000e+00
6.077989962172630767e-01,4.259647178835463954e-01,-2.804298118745749413e+00,-2.393542524423657447e+00,-3.962283602301575058e-01,2.069603039427533542e+00,1.507270390354363165e+00,2.180894026324794233e+00,-6.899040835217852274e-01,-2.497939029735023742e-01,5.758520746790365408e-01,1.000000000000000000e+00
-4.428857023625840661e-01,8.393799083045054843e-01,-2.840517272640240343e+00,-1.504378755919994815e+00,2.556397356853416514e-01,1.746276695416484337e+00,5.170540555547973316e-01,1.840038123790230351e+00,-1.393180354687754807e+00,3.031010163409243452e-01,4.760311460062200961e-01,1.000000000000000000e+00
1.837632664318623599e+00,1.381364734345332135e+00,-1.561429587807867003e+00,-9.124405593954720839e-01,-7.005222716869466959e-01,2.254137071994816388e+00,1.804376477206025342e+00,6.869137659524003903e-01,-1.427961672238201807e+00,-5.085616537996123787e-01,-1.002459056955812722e+00,1.000000000000000000e+00
5.942228982238153545e-01,3.821482606837812712e-01,-3.104417681609839885e+00,-3.378473476974551915e+00,2.906136936860940878e+00,3.122110342304727837e+00,4.919902685767790773e-01,4.041682097070011359e+00,-2.322842535518263141e+00,-7.965966808493042395e-01,-4.752258892571060711e-01,1.000000000000000000e+00
8.307662441776448858e-01,2.255006470441253796e+00,-2.791079814639251033e+00,-2.536305852358823998e+00,2.019188661499338622e+00,2.073965096399663643e+00,1.909868731774329920e+00,2.206421005198123453e+00,-1.044411123019854504e+00,-7.265867958551482930e-01,-1.762938068709475559e+00,1.000000000000000000e+00
9.869442874332657878e-01,1.156680168288809485e+00,-4.120904217269687031e+00,-2.933540699229899573e+00,5.991149103106749862e-01,1.623254314564826828e+00,4.509290251176915620e-01,1.586361483095519276e+00,-2.073198649440882946e+00,4.804858525198042463e-01,-6.255390910426961160e-01,1.000000000000000000e+00
-1.487721509634682526e+00,-1.338076696712515723e-01,-1.956555094033669118e+00,-2.018413943289080414e+00,2.540432532177698377e+00,2.390176696366892894e+00,-5.604491176634170957e-01,3.675433164919748918e+00,-1.697706084037586827e+00,3.705083714723577670e-01,-1.100246240345456039e-01,1.000000000000000000e+00
5.992476982346222059e-01,1.748177536162776491e+00,-4.049789829434669031e+00,-4.587394133441694777e+00,-1.233367771962232684e+00,2.105750181053829273e+00,7.438375051542703842e-01,-2.624187480411865891e-01,-1.111296982311725801e+00,5.187470317992602942e-01,3.401532908210340156e-01,1.000000000000000000e+00
-1.371119533101542221e+00,6.471103343372908157e-01,-4.420343839954322007e+00,-3.590066392284539720e+00,-2.923172850832213676e+00,4.364672973261083389e-01,-2.004490022710285757e-01,-7.111896856218498097e-01,-1.306206503031531074e+00,-7.355284697356440082e-01,1.150477052310144632e+00,1.000000000000000000e+00
1.062402284238282313e+00,8.292734983528818882e-01,-3.423013005619704341e+00,-1.160530909057380766e+00,8.320424477957355514e-01,1.324748996357170805e+00,8.178720471086033950e-01,1.506338789804883005e+00,7.760798305415572695e-02,2.174104068239143817e-01,-3.985600157794427778e-01,1.000000000000000000e+00
-2.755107088061669596e-01,-3.706053568063272241e-01,-5.381508341669295703e+00,-5.119890342473613742e+00,-1.356167538642898629e+00,2.164100033309784177e+00,-4.163611861271346859e-01,-9.320860554326910741e-01,3.037220842019889844e-01,9.355305923741820129e-01,1.456679515874061970e+00,1.000000000000000000e+00
-8.080882131317370654e-01,4.460510623516278361e-01,-3.881393434482196536e+00,-2.228037451768960064e+00,-8.398104463073241543e-01,4.667173475730235221e-01,3.442277295117629476e-02,-5.083002207944202766e-01,-6.628982350112877509e-01,5.809199327967733417e-01,4.288649568190906064e-02,1.000000000000000000e+00
1.427783475614562425e-01,1.749415283404721855e+00,-4.389296420213061545e+00,-2.044668726535536774e+00,1.402349189028956999e+00,2.614909051166377729e+00,2.108570507664206062e+00,3.266406227363437331e+00,-2.481051549916510446e+00,-1.054092693690017679e+00,-7.072647675237992981e-01,1.000000000000000000e+00
1.385163643677405632e-01,6.760781129278413681e-01,4.688077644822428169e-01,-9.283610822247514438e-01,4.463326647876496023e-01,9.317448851819158939e-01,-7.873185511532149183e-01,1.074950023188692372e+00,-4.454534108324956221e-01,1.255340921148220268e+00,-1.519107695316393725e-01,1.000000000000000000e+00
-4.741395029707296538e-01,1.050550806761159972e+00,-3.007814538467206145e+00,-2.563734197886439414e+00,1.511969289549801310e-01,3.064335286961411331e+00,-2.369835726596203340e-01,2.153369652114940358e+00,-1.698605874372451474e+00,1.167967825457490783e+00,1.210059742360561685e+00,1.000000000000000000e+00
7.420303413618792865e-01,2.435361099288565478e-01,7.571675785842622020e-01,-2.171417002811914188e+00,-2.083214609408761575e+00,9.152393056954410966e-01,-2.760418354387425000e-01,-4.996056588076662752e-01,7.410444184075293261e-02,4.843933132024264704e-02,9.758821280643746876e-01,1.000000000000000000e+00
6.422126916662720952e-02,1.231594515786871957e+00,-1.916938973318395467e+00,-2.154387229140308779e+00,-1.731540412668110429e+00,1.345772136822161347e+00,-2.680179710526462422e-01,1.200498610340483330e+00,-1.058022463817894554e+00,3.136487104388536173e-01,7.743050367925701227e-01,1.000000000000000000e+00
-2.196539016608198627e-02,9.655580895052650048e-01,-3.799471286903344236e+00,-8.913913343316925975e-01,6.053818798459462691e-01,2.045328491601070553e+00,8.479110486894247956e-02,2.256815408855226579e+00,-1.210202867463674892e+00,-9.319971546780625449e-02,-1.412304911926606787e-01,1.000000000000000000e+00
-8.100518191032495263e-01,-3.430577803041017226e-01,1.136002269905502793e-01,1.455125873211172038e+00,-1.610284056597594660e+00,1.069276035609501241e+00,-4.315362163174962795e-02,1.148803504184358726e+00,7.940720542566317430e-01,-3.207011759397499495e-01,8.122951801627829038e-01,1.000000000000000000e+00
-8.084267837916864208e-01,-5.320515062591828492e-01,-1.942928732297915406e+00,-9.758795385808081146e-01,8.947948747433355499e-02,1.087946591650550410e-01,1.103533301931614030e-02,9.058627998772826873e-01,-9.218242123505859809e-02,-2.168263515361078531e-01,3.361512258362664429e-01,1.000000000000000000e+00
-3.753102117240691288e-02,1.120001647203433981e+00,-5.293735643567982763e+00,-4.301241918849419754e+00,1.563074579683320919e-01,2.333347343496625204e+00,-4.179134837234274036e-01,1.406884551481145440e+00,-2.095881326881595896e+00,8.619876876586620718e-01,7.057096214130698097e-01,1.000000000000000000e+00
5.094358118103247124e-01,6.132213092090119666e-01,-4.761520302819735484e+00,-4.230694589229748281e+00,-6.792222360418329608e-01,1.177808510412063248e+00,8.028220432633149661e-01,-4.484337789201784386e-01,3.094652427944468709e-01,1.517507626376647656e-02,3.793242647813855339e-01,1.000000000000000000e+00
-4.915685429080614011e-01,4.761127779085224110e-01,-4.849920629625257718e+00,-3.909691506002890282e+00,1.341721969912513357e+00,8.612423961468715916e-01,-1.325768258602124661e+00,5.395165611673302664e-03,-9.668036859138114947e-01,1.884642967729885710e+00,2.459308139087877654e-01,1.000000000000000000e+00
1.730415627105020837e-01,3.119340366918638141e-01,-3.451244040737648788e+00,-1.950606230272214470e+00,2.227880936957590818e-02,1.119437513458054756e-01,1.176913684704381957e+00,9.352593448682671173e-01,3.844084705143595571e-01,-9.975916963405151439e-01,-5.317731497148219244e-01,1.000000000000000000e+00
-2.805336156837772155e-01,1.377646820022816243e+00,-2.606690628746576976e+00,-3.045943570831730174e+00,6.994506850274420096e-01,2.472080043981603303e+00,6.258142455920731040e-01,3.273800474813265637e+00,-2.339698756332968088e+00,-1.877634727208443016e-02,4.890705068589956128e-01,1.000000000000000000e+00
-3.019559636402605607e-01,5.227477141382279591e-01,-1.701222449871642395e+00,-2.059515174618919087e+00,-4.221658720498249195e-01,2.554665384958569874e+00,5.025940256121479432e-01,2.415495169378195861e+00,-7.657567422914025590e-01,-2.761178107695561740e-02,1.315058164590844347e+00,1.000000000000000000e+00
-1.138775713463712425e+00,-6.030918567059750934e-01,-3.606539371855852494e+00,-2.409582785452481613e+00,2.451392804128513236e-01,1.434312307590270175e+00,5.179895615565248690e-01,2.042007746235531496e+00,2.233431157312704141e-01,-1.157449306669994016e+00,7.869568774732795813e-01,1.000000000000000000e+00
7.292257820351840669e-01,1.685916817863749806e+00,-2.868047159183647388e+00,-2.362281344799481264e+00,2.240184310652942656e+00,-4.137863092977136503e-01,5.594745398814390258e-01,8.978116462752672167e-01,-1.937927879701964118e+00,2.313770361617922822e-01,-2.228908564971255224e+00,1.000000000000000000e+00
-9.555692343255286492e-01,4.044362641759089438e-01,-3.613817373090272067e+00,-4.340609132664610570e+00,-1.149808668306232073e+00,1.362049936921385873e+00,7.854860872992913690e-02,7.835318778836362075e-01,-1.384161579649949569e-01,-6.984485645057140202e-01,1.597396274793021931e+00,1.000000000000000000e+00
2.449780555980200503e-01,8.555374586519676194e-01,-1.914818729623427362e+00,-2.220161529074675677e-01,-2.627495004624749164e-01,-1.472141344435891064e-01,5.467814488466504752e-01,1.278829558449988024e+00,4.346834720886394443e-01,-1.370958162198889774e+00,-3.804875301405652444e-01,1.000000000000000000e+00
-8.447796576561186210e-01,4.045625866508322233e-01,-3.679839367684853535e+00,-4.735595494677349748e+00,1.832464888812242731e-01,2.540589514846063324e+00,-2.314172776168833545e-01,6.537708895920518737e-01,-2.128303060697472660e+00,2.715950545934492366e-01,6.080497390500535504e-01,1.000000000000000000e+00
9.423928532703628180e-01,2.521262117286188875e+00,-1.388217595750622646e+00,-4.131575199126285014e-01,2.590463429746622248e-01,5.204090475886462563e-01,1.336309197675266347e+00,9.698107330768965806e-01,-1.531687446240897588e+00,-6.680503777410125021e-01,-2.029530900819624506e+00,1.000000000000000000e+00
8.076359388360166980e-01,3.140296320004902775e-01,-3.552033324710640816e+00,-1.974933928263864713e+00,5.253970080764287509e-01,1.544112121249918035e+00,1.651764872554066343e+00,9.165246705956622275e-01,3.080183339541360255e-01,-1.866315998636284279e+00,-1.023807777087193616e+00,1.000000000000000000e+00
-5.051266901282945865e-01,1.196343741535487393e+00,-3.856397638271226391e+00,-1.686052375383779278e+00,-1.709422154789773884e+00,1.131243827519432310e+00,-2.423407584504410073e-01,9.516055403985314021e-01,4.042439011499614487e-01,-1.488624409587492758e+00,8.854738234408188191e-01,1.000000000000000000e+00
5.866099449024002599e-01,8.689279166616437067e-02,-3.277258652225230051e+00,-1.942201188058898076e+00,-6.261289912790555245e-01,2.332490276342830349e+00,4.860251617575096494e-01,1.536626762772221433e+00,-2.792256745562452513e-01,4.191006792781210022e-01,6.403177017929524428e-01,1.000000000000000000e+00
-8.498094647625770159e-01,2.407742624788065111e-01,-5.560645759075494965e+00,-3.347938756317500708e+00,-9.960304785105328351e-02,1.268451672675144692e+00,2.870687771116193776e-01,1.077427459956906031e+00,-1.206518419033801859e+00,2.876188865454310517e-01,7.457335847745351076e-01,1.000000000000000000e+00
-3.922404106247052991e-02,1.090655988917862640e+00,-4.525593443951351880e+00,-3.443948205072287827e+00,3.278675796228779915e-01,1.387235394619585671e+00,-6.033332774970795453e-02,2.379892168830545884e+00,-1.852927227938858445e+00,3.133790759810518578e-01,7.519650994335664862e-01,1.000000000000000000e+00
-1.459116123665154863e+00,-2.322212996279178210e-01,-3.440300686279383235e+00,-2.590257935709828985e+00,2.367109640991292174e+00,2.379412558523709365e+00,-7.423821144825987206e-01,3.346039533993459436e+00,-1.001193732228730315e+00,-1.182990490370067760e-01,4.749482893524291094e-01,1.000000000000000000e+00
5.140133252760205052e-01,2.569810524664414286e-01,-4.127947146811494328e+00,-4.470595071122143160e+00,1.216540973846403473e+00,3.009033893771958290e+00,-1.117056967872771533e+00,2.629703834270046947e+00,1.041365967827995176e+00,9.725433867317879733e-01,1.585363480872225228e+00,1.000000000000000000e+00
-1.054947609275920462e+00,3.357264302885174523e-01,-3.723029164180167605e+00,-2.814051120152903263e+00,4.053046667776646905e-01,1.874627801610315503e+00,-2.693564572037379090e-01,1.972941119171952806e+00,-4.242191837441777746e-01,-4.077583381314014294e-02,9.356894907298172193e-01,1.000000000000000000e+00
-1.201333692951081167e+00,-5.361103694268305464e-01,-4.456445267994819659e+00,-3.213274294374797613e+00,-9.399879718656916072e-01,-8.134678979020093514e-02,-6.752359125440111631e-01,8.110714523319922931e-01,-8.760674573583603353e-01,-9.101919860306548760e-01,1.024106593914494878e+00,1.000000000000000000e+00
-7.693897335363366619e-01,-1.530784670970359862e-01,-4.411146550311927150e+00,-2.799988763010099468e+00,7.198132149291913695e-01,1.601165274582083020e+00,-2.284219802404121591e-01,4.168635339752151392e-01,-1.756217810751138142e+00,1.045095275135852431e+00,5.224990028370311151e-02,1.000000000000000000e+00
2.146664986107157169e+00,2.362775850909498487e+00,-4.017444381566612321e+00,-3.422655713908055120e+00,2.272101480127562412e-01,3.090582176806202064e+00,1.818039873644033300e+00,2.011673664443520693e+00,-1.685943606283311746e+00,-1.120522312607517890e+00,-2.088995200163776822e-01,1.000000000000000000e+00
-8.712160009649533299e-01,2.139564465280090033e+00,-5.078207869319021128e+00,-4.794205837517634627e+00,3.951995824107751298e-01,1.420377695038329335e+00,6.793709035945949548e-02,1.176088032186673349e+00,-1.068872640576947086e+00,4.427792872902521631e-02,-9.695840096950701648e-03,1.000000000000000000e+00
4.758631246919095559e-01,1.829695897638532021e+00,-4.587754208665235645e+00,-3.522871458433512348e+00,3.996447835356706779e-01,5.846535397134725587e-01,1.198473340129007081e+00,6.211607581248775878e-01,-1.721065716106524146e+00,2.363042307628457905e-01,-9.168354285805127013e-01,1.000000000000000000e+00
-6.256828517650252497e-01,-6.401362402115613470e-01,-3.338943399503052412e+00,-1.969653825472666320e+00,2.709480017547179487e-01,2.383728576372024399e+00,-2.710764924919562002e-01,3.142874414945290962e+00,-4.422257163759863441e-01,-2.130687488392861428e-02,1.835235871851618628e+00,1.000000000000000000e+00
-2.953418183089300819e-01,-1.852462116521225166e-01,-4.745412844918144302e+00,-5.555059838559822438e+00,-8.354352611875803802e-01,2.782888580619323093e+00,-4.878140822974746937e-02,-2.478314140730761839e-01,-1.460672262126913035e+00,5.191424117427343443e-01,1.328286707912243569e+00,1.000000000000000000e+00
-6.499424793681697621e-02,-5.931765130112451878e-01,-2.969616216461033797e+00,-3.853569404641948637e+00,7.284862715785273002e-01,1.836483838793527390e+00,2.879155910003489693e-01,2.259542346813051772e+00,-4.969849182027437084e-01,1.169840612945432623e+00,1.169342714797116933e+00,1.000000000000000000e+00
-1.908524249810618079e+00,1.609245718305581274e+00,-5.038062630119087615e+00,-2.131827481908460165e+00,8.706990879523462956e-01,1.313331945248279453e+00,-8.162032313912220838e-01,4.465409492666570834e+00,7.596187390381214932e-01,-2.027494547393118740e+00,1.041013719981310759e+00,1.000000000000000000e+00
4.102942031832772507e-01,5.602131984773853768e-01,-2.631222263077046541e-01,-1.958005123739410491e+00,-3.353071769001855218e-01,1.191906711359036919e+00,4.392750259845640270e-02,1.693984708658837768e-01,-1.031013933020083373e+00,3.529411961956850918e-01,-4.449464908516451156e-01,1.000000000000000000e+00
-3.187255164476291980e-01,1.266969756735662145e+00,-3.311609309481865715e+00,-2.525952433472701042e+00,4.487277584190282331e-01,1.814251248332498623e+00,5.258950537851669882e-02,1.564301435607861723e+00,-2.463426104636408542e+00,-1.636388166825317736e-01,-1.316950201990781388e-01,1.000000000000000000e+00
2.949711681475860603e-01,1.770427111224371686e+00,-2.927861776303565922e+00,-3.889825565184212408e+00,7.597427911473012552e-01,2.403885785619467974e+00,8.941013643162458724e-01,2.442495829565872967e+00,-2.002722773232701758e+00,-1.636863200499635740e+00,-3.727120606526939522e-02,1.000000000000000000e+00
9.789412121345154594e-01,2.911869404505969428e+00,-5.320338815364975105e+00,-1.696631508056634097e+00,-4.638482163375143852e-01,-1.695962823717678258e-01,6.882491669751908958e-01,4.970856464157281662e-01,-1.384202971652719327e+00,-8.310325513514549289e-01,-1.620050260440654810e+00,1.000000000000000000e+00
-5.996420382381160291e-02,4.859298776454305524e-01,-2.339235176682546324e+00,-2.843937313834796310e+00,-5.122251288839552164e-01,6.992620575948562678e-01,-2.070847120152370380e-01,-4.334083481242632097e-01,-4.771840534995918648e-01,-4.268250202881684885e-03,-1.626252579034508788e-02,1.000000000000000000e+00
-9.799993146788724685e-01,-3.171776512736113052e-02,-2.669450489860980547e+00,-3.678832531233406478e+00,-2.934306644049817225e-01,2.597413815459983510e+00,-7.886348606058127819e-01,1.017515617120219318e-01,-1.642454700577816729e-01,-5.106852748425410038e-01,1.049940035807196859e+00,1.000000000000000000e+00
-1.894193514527368505e+00,-7.872241307299809865e-02,-2.708418614596786345e+00,-3.311640285296665098e+00,-1.099349976598250067e-01,2.875466525586270805e+00,-1.014348974235156131e+00,2.974735438747237559e+00,-1.665999015327825461e+00,-1.332397841969331087e-01,2.398773344690125153e+00,1.000000000000000000e+00
-9.422066189932300218e-02,1.708413541039070171e+00,-3.531701962452802324e+00,-4.916380002809042971e+00,-4.595475418350521979e-01,1.057763357576434249e+00,-1.262616947986896498e+00,-1.427696709138528641e+00,-1.468959947232122198e+00,1.034042352153787592e+00,-1.223527725799764265e-01,1.000000000000000000e+00
5.875616565830590887e-02,4.377424036857222034e-01,-2.229366169022648503e+00,-1.847606890741257946e+00,-8.824318401661840339e-02,2.098786315845639017e+00,2.666051628723728473e-01,1.528115857370441422e+00,-1.364998451504136234e+00,-2.314039404343239958e-01,3.608530877808289183e-01,1.000000000000000000e+00
8.568746094014009218e-01,1.705975963401462181e+00,-6.381568053976502064e+00,-3.861044956641804582e+00,1.006433510014648203e+00,1.628978853912567137e+00,9.226659756236127441e-01,1.936121719793748808e+00,5.861495672509065002e-01,-1.882574046800531142e-01,1.870263931641782118e-01,1.000000000000000000e+00
-1.517155150479757797e+00,2.291273613556689126e-01,-3.478781506543848767e+00,-2.575343024413186299e+00,1.567787735426904583e-01,2.414598005709809758e+00,3.583734764320278821e-03,1.812224471200510223e+00,-8.866043041185662776e-01,5.430530242290407816e-01,8.969089186078198495e-01,1.000000000000000000e+00
6.094899183600712561e-02,8.145748284392713146e-01,-5.792107041814032797e+00,-3.151214568905627900e+00,8.992665334650949693e-02,1.688057020165784738e+00,1.552748828564887607e+00,1.455256577703349929e+00,-9.833965261000829905e-01,-2.640643122589420577e-01,1.128205330882175172e-01,1.000000000000000000e+00
-7.035515304096322531e-01,9.403803772416495788e-01,-2.082991139312404094e+00,-2.510731136630858895e+00,-6.915280376638761606e-01,2.049184290513244910e+00,2.717232153924146187e-01,1.328952986820747251e+00,-1.046948828622692673e+00,-4.940348851139125252e-01,2.618997673304113150e-01,1.000000000000000000e+00
-2.678044642136109266e-01,-3.149089477922988323e-01,-3.239021920891841599e+00,-1.004535684331288925e+00,3.338066981989334936e-01,1.541711408646389003e+00,8.877004554287368787e-01,1.865095918258637298e+00,-3.630058743206115990e-01,-7.933340984609782431e-02,-2.295776082007563446e-01,1.000000000000000000e+00
3.698504852353949879e-01,2.578303866199882499e+00,-2.812469668307913562e+00,-1.978674162911886469e+00,1.875190009725334006e+00,2.661266107746262932e-01,-1.114919643910090019e-01,1.368253431706333512e+00,-1.782689029988798968e+00,-6.231866927497208275e-01,-2.424629003941922711e+00,1.000000000000000000e+00
1.033139812722108752e+00,1.885425054703771641e+00,-3.610041525730572243e+00,-2.787982817496573507e+00,4.138548474534583521e-01,2.672936958788731499e+00,1.100272940195573756e+00,1.060905294936357546e+00,-2.905005186236476744e-01,-7.708420771518925685e-01,-9.705490243455532351e-01,1.000000000000000000e+00
6.486524300898136031e-02,1.638916830867896079e+00,-2.214057199870873127e+00,-1.988818789824992272e+00,-1.424227732068069407e+00,-4.020948761214793166e-02,1.500330989873035759e-01,6.764638567950426173e-01,1.741330196916681672e-01,-2.662208488857631949e-01,5.011222284785890047e-01,1.000000000000000000e+00
2.157648023587950548e-01,1.040320066544210498e+00,-3.942412866465388355e+00,-4.044361403957795531e+00,6.189563605858137141e-01,2.159013670444060562e+00,9.015116234931768169e-01,2.743383720906276579e+00,-1.040631483572733496e+00,-9.533106699106481674e-01,6.751181529340557486e-01,1.000000000000000000e+00
4.133858074869070087e-01,1.225035412361185072e+00,-4.067808259364249501e+00,-3.410792811986772755e+00,-3.095401675675500952e-01,9.707928704062280811e-01,1.203691893081305642e-01,-9.128534455940424674e-01,-5.060087543499431906e-01,5.345590424943968966e-01,-5.727043062213216240e-01,1.000000000000000000e+00
1.141391053871962713e+00,2.792808785148237494e-01,-2.373184302636781151e+00,-1.801851763548715013e+00,1.252844548016997184e+00,6.765742948023935055e-01,2.059638279660175320e-02,-5.981736222730384966e-01,-1.489651561414892633e+00,-1.459402409655728983e-01,-2.145065024812276455e+00,1.000000000000000000e+00
5.354252149184002968e-02,1.192465920873820640e+00,-3.637566505180861665e+00,-3.169546399312321405e+00,8.069786403957752707e-01,2.499346342104732166e+00,1.473601740333926102e+00,2.946652512468505236e+00,-1.674707887049289301e+00,-1.251503611761277668e+00,-1.039610397181934542e-01,1.000000000000000000e+00
5.833275755590331402e-01,1.811776125532520432e+00,-4.671423997262484917e+00,-4.417124290051999580e+00,-2.476915550743163386e-01,2.556818345531582715e+00,7.363942914614369784e-01,2.431197176385690106e+00,-3.143482538601007348e-01,-3.604204484792911667e-01,1.047614754672325788e+00,1.000000000000000000e+00
6.545255367141242786e-01,2.573697438918866043e-01,-4.952594422712497391e-02,-1.350656409449099815e+00,3.130972160046392450e-01,-4.584892104014537395e-01,-8.988908550908819572e-01,-1.682117006951996840e+00,-9.387337013315897316e-01,1.082091483016315525e+00,-1.638376641280184565e+00,1.000000000000000000e+00
-8.148595572903379880e-01,6.187327480089430676e-01,-4.136826009754552835e+00,-1.912508671980329922e+00,-2.388780741953889120e+00,2.689214685682812522e-01,-7.436434549983428344e-02,6.892539789663288952e-01,4.186173793919412134e-01,-1.016579098675430282e-01,1.797429393869309777e+00,1.000000000000000000e+00
1.706112905984363382e+00,1.683083721224141627e+00,-3.608181759804278688e+00,-4.659222259220695328e+00,2.717593652560200468e+00,2.421401916828680445e+00,8.459431076525761872e-01,2.680657399760920434e+00,-2.544846053507130446e+00,-2.987291887127007661e-01,-1.597059519320471521e+00,1.000000000000000000e+00
-6.827775947283643010e-02,7.684915196750262689e-01,-2.744315198844656134e+00,-4.395533644145497298e+00,-6.443018589165155907e-03,1.996540034172930689e+00,4.393155120015600490e-01,9.583114457769489336e-01,-1.794755956136649733e+00,9.196968823060024389e-01,3.189485146527507586e-01,1.000000000000000000e+00
-2.637029957276170178e-01,-9.205139206653081274e-01,-4.708239387236976548e+00,-4.927088527769167392e+00,1.645249675397925548e+00,2.576485539128185120e+00,-1.191216388546876725e+00,4.392308557788872081e-01,-1.628618704478903778e+00,1.572344405030185577e+00,2.882771394942368337e-01,1.000000000000000000e+00
-5.455848119899457949e-01,1.388770828795006462e+00,-4.468962138946864115e+00,-3.615740387301956016e+00,4.473544682430183328e-01,1.609965417713338898e+00,8.596923237889497749e-01,2.418012219087402492e+00,-9.489000406570820001e-01,-1.020239954382863745e+00,4.827902337684062406e-01,1.000000000000000000e+00
9.953369826737966664e-01,1.327916004740904654e+00,-4.158771447973222735e+00,-2.311586029703097012e+00,1.465904545099515843e+00,1.062853130986485262e+00,-3.778291539491951401e-01,1.401407459559537827e+00,-5.199471387669074574e-04,-7.641708815256458287e-01,-1.159058714300419179e+00,1.000000000000000000e+00
-4.577062951200653318e-01,2.073960506071313326e+00,-3.774649550521230967e+00,-2.726964417820257669e+00,1.223561340600267805e-01,1.653344962233131987e-01,-8.091024497012041516e-01,5.484341989283335606e-01,-7.777394162649352571e-01,-5.655236417629450063e-01,-2.378377756911993490e-01,1.000000000000000000e+00
1.558950786906194708e-01,1.585112663061381877e+00,-4.972581645490846469e+00,-2.258977463485982273e+00,-1.985821011179981666e+00,1.836997424260356393e+00,1.447616769970168971e+00,2.290462748721801667e+00,1.714336753822681692e-01,-1.644251082161343414e+00,1.383377834189914557e+00,1.000000000000000000e+00
-1.571275806293882527e-01,1.412031907255628216e+00,-3.884582052832351806e+00,-4.680826189756896127e+00,6.786279441980632710e-01,3.800710779562864516e+00,1.056148656513843820e+00,3.772866357931388137e+00,-1.195529734051711257e+00,-1.132821861583885648e+00,1.561582191221020821e+00,1.000000000000000000e+00
3.200068178295484289e-01,1.293318780716685046e+00,-1.726982438876158321e+00,9.442541454944963775e-01,2.202954945170907841e+00,-1.097707243260735988e+00,1.723818506737307299e+00,5.752884338554326016e-01,-1.457473024893356506e+00,-1.024562887906222297e+00,-4.051690732792232907e+00,1.000000000000000000e+00
-1.098328498743144505e-01,2.684240207875063788e-01,-2.345531440100987020e+00,-1.506897830386440207e+00,-5.006425790627484496e-01,6.376154270573571869e-01,1.012708192565395571e+00,4.319629057825197238e-01,4.033823877886799636e-02,-4.896179077775926758e-01,-3.581029180800808787e-01,1.000000000000000000e+00
1.098263824397926802e+00,1.402232322890283989e+00,-9.588123498734666406e-01,-1.358424107403357839e+00,-1.997232224780084886e+00,-6.659818809671580464e-01,-3.793813323883404864e-02,-2.698641047311975072e+00,-5.553768962714693558e-01,6.289469429860230498e-01,-1.064787075359053148e+00,1.000000000000000000e+00
-2.626200884941389257e-01,1.280000129213529902e-01,-2.604676411016606963e+00,-2.007831476955828087e+00,-2.673952295116671651e-01,1.382631548476017880e+00,-5.283771330005887501e-01,1.474653314070385912e+00,3.911298464150330112e-01,4.031529358189415158e-01,1.205022889552387566e+00,1.000000000000000000e+00
4.023018005187674606e-01,-5.528643462559479360e-01,-2.222085848913422979e+00,-2.891146747436319497e+00,-9.984256475023267630e-01,1.579441164034906420e+00,-5.332295314224578808e-01,-9.241945736533245803e-01,2.667088739297993616e-01,4.887692003985807387e-01,6.304669102194004893e-01,1.000000000000000000e+00
1.052043626766993700e+00,5.367084960687725781e-01,-3.656307963153095919e+00,-1.955721173146661496e+00,5.674587276042515338e-01,1.305910877508457801e+00,1.277518822710008051e+00,2.253016183941632722e+00,-2.085854480536283972e+00,-1.376023966312444058e+00,-3.160142896714897010e-01,1.000000000000000000e+00
1.088996184087814983e-01,1.324013497300308151e+00,-4.430299131238258248e+00,-3.410372050625334328e+00,2.112111626512737761e+00,8.850964756097610131e-01,6.274434911353815592e-02,2.391727649007784784e+00,-2.236305555291705494e-01,-7.533843097421696333e-01,-7.660997135769136435e-01,1.000000000000000000e+00
1.367596610496383702e+00,9.830967858321852937e-01,-2.567838235403682834e+00,-2.683977488818531043e+00,2.790370741152529144e-01,1.388083123218807557e+00,7.607669809380526171e-01,-6.088062259345303762e-01,-5.179525493064468522e-01,8.905444892937638413e-01,-9.411455533415336028e-01,1.000000000000000000e+00
1.417316823833173478e+00,2.289498936538028495e+00,-3.399566580972869012e+00,-3.342824406661860870e+00,1.293881210720527308e+00,7.695343917525746535e-01,4.429384541602085501e-01,4.147465157400990199e-01,-1.181148084738422810e+00,-1.039659295757251245e+00,-2.249267991220331275e+00,1.000000000000000000e+00
1.133062170805476887e+00,2.581843798150762037e+00,-2.513309767394987571e+00,-1.910972645548582927e+00,1.470165709994882830e+00,2.464631128342780197e-01,6.035051476523011216e-01,1.071196426693608039e-01,-1.659643449868051679e+00,1.688726030814588608e+00,-1.830425973379649518e+00,1.000000000000000000e+00
-6.799086922163390945e-01,-2.901870977836802368e-01,-1.442686831240596712e+00,-2.487335210923347528e+00,-9.747827983353618553e-01,3.356909404004723374e+00,1.313141692653766013e+00,3.150144665165754532e+00,-1.509957857803617687e-01,-8.596583554996469756e-01,2.444635928567615135e+00,1.000000000000000000e+00
-6.985558769072311991e-01,-2.543984013835973723e-01,-4.012903398214191952e+00,-3.706944788306876237e+00,6.471324653891399326e-01,2.130267208877664409e+00,6.783259832123578192e-01,7.616592303760267857e-01,-1.141016955757600426e+00,-5.256078902208382031e-01,1.399988941602546555e-01,1.000000000000000000e+00
1.226519225793238688e+00,1.776984842352533844e+00,-3.667839560184575465e+00,-2.307672695552880349e+00,1.530145797444875555e+00,8.944864116775251839e-01,9.841819233929521848e-02,6.899190751455116510e-01,-1.680822803277930877e+00,1.123336119023776281e+00,-2.045940224591165535e+00,1.000000000000000000e+00
-4.665046056068851699e-01,-1.217599590762087125e+00,-5.397927245724408962e+00,-3.858813925894772456e+00,-9.823187445440557664e-01,2.183340206324550170e+00,-8.923561324300766096e-02,1.329788353312232108e+00,3.780093254462713048e-01,-1.373223625247675939e-01,2.351476182383295921e+00,1.000000000000000000e+00
5.617551710794824738e-01,-2.805739936292517278e-01,-3.508976936568392713e+00,-2.456909689614593439e+00,1.836234516842650821e-01,1.766280687040674646e+00,4.582053874617250666e-01,1.984024811218123574e+00,8.389195442518204704e-01,8.270065321201731934e-03,8.422139835227009375e-01,1.000000000000000000e+00
-9.675716360142782024e-01,-4.726997421157674850e-01,-2.790106717777201872e+00,-2.889478942580878229e+00,-1.332711412649825178e+00,2.463994586375636509e+00,7.113781237770245847e-01,2.682757357220649119e+00,-5.575928724925595104e-01,3.026739457300124947e-01,2.696061582499870379e+00,1.000000000000000000e+00
-3.019032496787958930e-01,1.203897783597826399e+00,-6.389982201147249796e+00,-3.727250409679879528e+00,-1.374407672510256528e+00,1.269979805181929322e+00,1.496375081512031913e-01,8.243159850745416239e-01,-6.650334191183031596e-01,-8.685145621577203823e-01,1.219729010192701635e+00,1.000000000000000000e+00
1.389643082409617536e+00,4.751594846730142208e-01,-3.707488299074859661e+00,-2.869000442025896103e+00,1.218527714614416668e+00,7.079846079464205966e-01,8.416891141540145949e-01,-3.999936019534715559e-01,-2.158969487397189191e+00,4.291146982751543049e-01,-2.190636400077732748e+00,1.000000000000000000e+00
5.693197170572431021e-02,9.030099989800212112e-01,-5.156861785210332449e+00,-4.213830950516957330e+00,-1.505590801394343314e+00,1.573851668104430113e+00,1.731031026671866258e+00,5.112715327332141291e-01,-1.067499221364920814e+00,-1.524682228694725250e+00,5.523702997659529768e-01,1.000000000000000000e+00
-8.417203805806116046e-01,5.237674584780100950e-01,-3.855516769570618951e+00,-3.354964242212910008e+00,-1.088905969159768894e+00,2.381603509312864464e+00,-5.176852817658483819e-02,2.212673225014182510e+00,2.310972202025805000e-01,2.339596275999741848e-01,2.566014150082503331e+00,1.000000000000000000e+00
5.765293799036338290e-02,1.177828100320229554e+00,-4.418283697473793126e+00,-5.175894931493802531e+00,-1.423690313519396566e+00,1.985211504992217435e+00,6.215216418144836608e-02,2.710124743983910456e-01,7.132998139143997829e-02,-2.438476484047376880e-01,1.452527185381211616e+00,1.000000000000000000e+00
-1.082276514936920453e+00,1.112501922717280989e+00,-3.783761098267384604e+00,-2.774101744198474329e+00,-1.750621342161769345e+00,1.902969630729582251e+00,6.680601872265216068e-01,3.087848397196971018e+00,-1.009796111456574108e+00,-9.331354256122864621e-01,2.095361338261104045e+00,1.000000000000000000e+00
3.075011002016690975e-01,-5.299890306687269348e-01,-4.653250118936531621e-01,-2.586674976744038013e+00,2.181967270389448543e-01,3.244201235402527139e+00,1.990563003416918053e-01,2.039521449908168194e+00,-7.098322391710554236e-01,4.197366577476802085e-01,8.691049996563485758e-01,1.000000000000000000e+00
8.188447574627234493e-01,2.032225240077220274e+00,-4.854717382168024287e+00,-4.395215598727961748e+00,4.051613616293198161e-01,2.366876295016995702e+00,1.315399486077300395e+00,1.796286246549206211e+00,-1.913561640396906016e+00,-3.725909012213885624e-02,-3.251757596970770159e-01,1.000000000000000000e+00
-9.922126644909240456e-01,5.371146053465704062e-01,-3.048742601459407897e+00,-4.264302053791036329e+00,3.210261092088482759e-01,5.076236052051927850e+00,1.339468556147517031e+00,5.035261096530134317e+00,-1.199110731157428056e+00,-1.734728949452528368e-01,2.479006556996340205e+00,1.000000000000000000e+00
3.669588474863344496e-01,1.356438692257077028e+00,-4.251321466046487529e+00,-2.729694937632811236e+00,8.456280182792001998e-01,3.849601831967561782e-01,9.548949363655739875e-02,1.509444971679694714e+00,-2.823096947818981572e-01,1.721515299171431923e-01,-1.922468315991088250e-01,1.000000000000000000e+00
-1.419022744833459360e+00,-1.157463447834687020e+00,-2.200418455602926926e+00,-2.128443375462621745e+00,-1.031731175277669443e+00,3.223098894098244571e+00,1.652185065697152400e+00,3.678502275243480391e+00,-3.185512370717406005e-01,-1.717225610022351967e+00,2.515260687394735850e+00,1.000000000000000000e+00
9.580292866307345001e-01,1.666191306460050203e+00,-1.729502726366047627e+00,-3.311955769745408062e+00,1.216787983069581580e+00,1.882512346479617182e+00,3.227824696078041566e-01,9.539102499178144789e-01,-1.341364850720193846e+00,7.341487483433991601e-01,-1.235789652310441245e+00,1.000000000000000000e+00
-5.317305007657661120e-01,1.562663385883516387e+00,-3.907562590547466463e+00,-3.200136484494814137e+00,-1.316480196356073273e+00,2.531676354602625523e-01,6.919474558071616599e-01,2.908568440649356157e-01,-1.852386378743051676e-01,-1.664898187536204111e+00,6.620603937953287166e-02,1.000000000000000000e+00
1.531835620441077683e+00,1.022950204294247323e+00,-3.467329605422126093e+00,-3.861660188948119021e+00,2.842612812876563755e-01,2.595308581416750471e+00,2.596941067575419204e+00,1.648078189911825087e+00,-5.342602342738738130e-01,-1.400352310968390634e+00,-7.391113657708616724e-01,1.000000000000000000e+00
-1.161121424087439707e-01,8.185594837326719553e-01,-2.165572975214103302e+00,-3.892593112040147130e+00,-1.447246565017771269e+00,1.051654034709996521e+00,-1.162352207505020774e-01,2.038699952341529453e-01,1.024511683025083109e+00,9.657131667570727496e-01,7.355232241838343121e-01,1.000000000000000000e+00
1.065336061439119630e+00,3.434868539596670489e-01,-2.961903202548971770e+00,-1.832527749026540365e+00,2.882243517464549987e-01,1.295008636097417787e+00,1.682885347875675119e+00,8.021752334450313882e-01,-1.404279932346625515e+00,7.050289379333440909e-03,-6.008721317026322062e-01,1.000000000000000000e+00
5.174643746356619722e-01,2.062974022850287525e+00,-4.213648351949798254e+00,-3.217987467655963219e+00,5.128079711651747918e-02,2.985818579902959513e+00,7.286752541312635501e-02,3.191976378088456023e+00,-4.722481368693545734e-01,-8.865211993915558253e-01,1.318969466078925734e+00,1.000000000000000000e+00
-1.429304265053290335e+00,-2.931745595965951079e-01,-3.902367866330003210e+00,-3.237585084869364138e+00,-1.529683037719745675e+00,1.983715686067709205e+00,4.815502219162527409e-01,2.579191091635341104e-01,-6.837434911748945243e-01,-4.735215705606810044e-01,1.078633352504504206e+00,1.000000000000000000e+00
1.158518330824244262e-02,1.587333158554137924e+00,-3.959770884520194212e+00,-2.205231278507955750e+00,-2.351850490300643748e-01,2.058008658089889309e+00,1.181845855467623441e+00,3.307374115376740420e+00,-1.321543138494482683e+00,-8.520816006373568285e-01,5.187948003145577136e-01,1.000000000000000000e+00
-1.028119228010107689e+00,1.965534579719616870e+00,-3.919456699734441329e+00,-4.073237045514655819e+00,-1.211165594709475712e+00,1.873101000801377758e+00,8.666660295342372144e-01,1.827599815428763819e+00,-1.894924622725421948e+00,-2.853256371001918201e-01,1.224188094731254006e+00,1.000000000000000000e+00
-1.159599966278297867e+00,5.598029954799199626e-02,-3.400975536384505560e+00,-2.456260958731636634e+00,-9.842225043898757963e-01,1.438926896960803115e+00,-2.134286968102259152e-01,1.446805073138690556e+00,5.924809943772755272e-01,-8.072890464457175286e-01,1.456925319707894184e+00,1.000000000000000000e+00
-5.379953158437541516e-01,7.524108217769851503e-01,-4.519492373611130986e+00,-2.024467325878062773e+00,-7.719632712166097921e-01,1.630313889873734823e+00,7.372018466032490558e-01,5.208910543462064169e-03,-1.687129299836269247e+00,-1.497578207201148093e+00,-6.659698567609940723e-01,1.000000000000000000e+00
2.984464814108639952e-01,1.062566166906517839e+00,-3.230275827414317735e+00,-2.071423111895397184e+00,-5.706551712967565804e-01,4.374658374417552675e-01,1.438264659628541775e+00,-1.284515145227944632e-01,-6.764577019093700461e-01,-5.677634367278671101e-01,-9.819770921191158797e-01,1.000000000000000000e+00
-1.239410053905518061e-01,1.252202537392044457e+00,-4.485681923494992063e+00,-3.143185287798182515e+00,9.385598736522046126e-01,3.264925241779021992e+00,1.522180308934292903e+00,4.207637984513280749e+00,9.822708119965444240e-01,-1.359451712018736380e+00,1.165344079172998759e+00,1.000000000000000000e+00
4.725257748245538791e-01,1.347898392904983922e+00,-3.174917371258143550e+00,-2.834549422157222498e+00,4.810457528337474531e-01,1.414347161876379877e+00,6.793704695983275865e-01,1.349101696893033164e+00,-1.610194216289607461e+00,8.677163419413803647e-01,-4.541037770171969523e-01,1.000000000000000000e+00
-1.398797222614538149e-02,-4.676682817025832328e-01,-2.121646082094951868e+00,-2.708262891212027679e+00,-9.397043247355083562e-01,3.004674235230775370e-01,-2.942365638566045716e-01,-1.130140237284291471e+00,7.793373486599866062e-01,4.462309007046849629e-01,3.964419032999209058e-01,1.000000000000000000e+00
-3.000597381102602240e-02,5.476428944612998784e-02,-2.919453141489517733e+00,-3.157934844721011380e+00,7.864668220692966338e-02,1.625392288037660782e+00,1.023923239323516032e+00,1.666520978659402630e-01,-1.031679150867336636e+00,1.375070220426648226e-02,-2.873100720243378925e-01,1.000000000000000000e+00
8.913539142575922503e-01,1.060534218401253614e+00,-4.798445441713792725e+00,-5.200058307767323029e+00,5.394929218545199134e-01,2.722390854237679569e-01,-5.806325908959059090e-02,-2.572199969302277900e+00,-1.300060491417740938e+00,3.603990302997079342e-01,-2.069121218450810762e+00,1.000000000000000000e+00
-9.916735645391118459e-02,1.972032261713536627e+00,-4.433863640196816114e+00,-3.020836614615128646e+00,-3.297175266983427555e-01,9.129262134261816319e-01,3.813802817147487478e-01,1.570987906794913957e-01,-2.093028172897795081e+00,-8.730152888079371065e-01,-8.927337110663916553e-01,1.000000000000000000e+00
-7.006556276213941892e-02,8.105020619057471398e-01,-3.005521289996762491e+00,-3.670706733435249003e+00,1.531476349205243004e-01,2.466448832550248049e+00,3.674457685131561346e-01,2.696715173278287914e+00,-7.933057121575498583e-01,-1.507682820358348663e-01,7.385763362727904013e-01,1.000000000000000000e+00
-2.253374503297850828e-01,5.389948455378250625e-01,-4.662941131709401610e+00,-3.412534781937738071e+00,1.544531271318495991e+00,2.962170116040918622e+00,3.414251896319348556e-01,2.008758232789684239e+00,-6.652267036032329939e-01,-9.855663112377177626e-02,5.061572007944723506e-01,1.000000000000000000e+00
-2.370021503001528973e-01,1.573985303455860629e+00,-7.131987636028464195e+00,-4.269745294575313821e+00,1.493533270193830420e+00,1.450102885345030179e+00,-4.319158221667400710e-01,2.384001157481955957e+00,-5.223401275652147513e-01,1.431740609866492264e-01,-1.805012004747467702e-01,1.000000000000000000e+00
-7.133728822784723977e-01,3.981796090363526330e-01,-4.661776367652047171e+00,-2.150422065720417830e+00,2.330681143724133153e-01,1.184929379024671547e+00,-3.120061310353776651e-01,9.696051458607751750e-01,4.366625689305483338e-01,5.805841582195014894e-01,5.679436179647453509e-01,1.000000000000000000e+00
-1.826891852885472595e-02,1.545957849519637106e+00,-3.858968610161241486e+00,-1.978181790666999396e+00,5.993286840598045506e-01,1.522907263789742727e+00,4.240196842732604221e-01,2.090278744054137938e+00,-2.035118939156736140e+00,-7.278617668209884650e-01,-4.826184989740982534e-01,1.000000000000000000e+00
4.931947767809854999e-01,5.985563615856804853e-01,-2.765985903877337115e+00,-1.120652721388645912e+00,1.072870999536591707e+00,1.944869698084597864e+00,2.531404628272972968e-01,2.693595762848312702e+00,-1.085348343614996658e+00,-8.587254319104470346e-01,-2.614813952774695527e-01,1.000000000000000000e+00
7.962603625300452848e-01,2.119884853752788345e+00,-5.148603024797541394e+00,-3.634516412479928071e+00,1.666998079916506725e+00,-2.409107389801354859e-01,6.922890301363056054e-01,1.791721501897152180e-01,-1.818132039617142093e+00,2.090759461805786756e-01,-2.217172384122140016e+00,1.000000000000000000e+00
-7.608144207167529816e-01,7.410728169809286392e-01,-3.952269727795384213e+00,-3.282505607454095475e+00,-9.534971191171477400e-01,1.363139200451119137e+00,8.521730564837342037e-01,8.814141283210161770e-01,-9.604106616027328069e-01,-1.157664504972901465e-01,1.112165792873576420e+00,1.000000000000000000e+00
-9.008979702324388938e-01,1.757110815456896402e+00,-4.999489843428237101e+00,-3.345275763444643502e+00,4.255202475407358076e-01,1.619769329447612982e+00,-5.850605916629866288e-01,7.283325600793737475e-01,-1.555122522191055401e+00,5.161458823579554434e-01,-3.139536145123161814e-01,1.000000000000000000e+00
-4.803643159066421364e-01,4.769682974337995929e-01,-2.321333750516996197e+00,-6.777578508601624918e-01,7.825689668500102059e-01,1.433501591117191554e+00,6.925044448656876295e-01,3.131647622099292594e+00,-2.624006288990563540e-01,-9.546030638169983318e-01,1.185185928313116366e-01,1.000000000000000000e+00
6.270101154345749661e-01,1.462635403258444100e+00,-3.644996735501713658e+00,-2.689399408338144948e+00,7.572173943956541642e-01,1.344772071263469204e+00,7.876512608155270545e-01,1.489982547612468844e+00,-1.553853413355172464e+00,-9.650600720062100235e-01,-9.601285211040582190e-01,1.000000000000000000e+00
-3.059894796285594354e-01,2.005748131424403446e+00,-4.707566938758814601e+00,-3.570657662122467713e+00,-8.071897179901328379e-01,1.379935523687872090e+00,-2.927943259196619241e-02,1.190885665599666465e+00,-1.399280124731290265e+00,4.194804772759538891e-01,5.962637169291616912e-01,1.000000000000000000e+00
4.264756816659192040e-01,1.392368192405810445e+00,-1.504900044092847056e+00,-2.960961813224491923e+00,1.819512048547610839e+00,3.846053748721445231e-01,-5.276122454789522465e-02,6.992641014451383974e-01,-1.712700378426191383e+00,7.920524421684738137e-01,-1.820263015774361337e+00,1.000000000000000000e+00
-3.580850229315957201e+00,3.613393403510455570e+00,-3.665747036742561527e-02,1.828628663362731110e+00,1.185963986764215772e+00,9.410548833821750225e-01,-1.347026727792655088e-01,-2.317975583952924801e+00,8.896922055498035498e-01,4.343188404841498707e-01,1.305263134866785713e+01,2.000000000000000000e+00
-1.281905556901599352e+00,7.997587743274497951e-01,1.391076487469405931e-02,-9.089327472680510667e-01,1.239408813586997615e+00,-6.383799570683050817e-01,1.295027392205343464e+00,-1.176797125344393180e+00,2.144937534335230822e+00,1.827995078111652294e+00,9.657148513022166814e-01,2.000000000000000000e+00
-2.564329613230832638e+00,2.670267780830984261e+00,8.376844053018054348e-01,2.689309319748316440e-01,-5.711004317246248796e-01,5.818305142132107477e-02,1.487878229964906707e+00,-5.966268267516650070e-02,1.009823648277488717e+00,1.226658798619450153e+00,-1.362415117487452498e+01,2.000000000000000000e+00
-1.325392987855745108e+00,1.845994892954469835e+00,-8.187493130839165190e-01,2.492764154887895156e+00,2.103306916923622261e+00,1.188538517216368939e+00,1.403816632608987369e+00,-2.525819854347751470e+00,1.151672566585580704e+00,-9.434369621776477199e-01,1.408401474162665146e+01,2.000000000000000000e+00
-2.169730481826278368e+00,1.369353986760548203e+00,4.270071985357242750e-01,1.537339273794662287e+00,1.256589596887327742e+00,1.073791317495498054e+00,1.002327351434573410e+00,-5.929013494460375622e-01,1.001434963870476924e+00,-6.770930659323919354e-01,-7.530040755240661632e+00,2.000000000000000000e+00
-2.716145335774021508e+00,1.689801722242560533e+00,-9.956170800612622607e-01,2.480012664965832947e+00,1.951057117456039158e+00,2.827644084408718950e+00,1.628340482726329697e+00,-3.449643953574683675e+00,7.510646510414473731e-01,1.257815757258148592e-01,2.779393431051091934e+00,2.000000000000000000e+00
-2.032601303437965967e+00,2.660369765567294209e+00,8.800922719619892476e-01,1.758815591315398885e+00,3.081536455745800041e+00,2.180441424995819499e+00,2.379725496392797623e+00,-3.128907201138408034e+00,-2.856718596923757403e-02,-1.469361351321688769e+00,1.573933040657681737e+01,2.000000000000000000e+00
-1.258769243856956432e+00,1.921171389057211076e+00,-6.744008370215859305e-01,2.490735004371236627e+00,4.243530060538569515e-02,2.533649042684738895e+00,1.342823780533055400e+00,-2.391088991490085469e+00,1.172801146404823136e+00,-3.593742571719924506e-01,-1.209155996588496373e+00,2.000000000000000000e+00
-1.968246647374595648e+00,8.438705934839351164e-01,8.707481368435563418e-01,4.172262552854247852e-01,1.576456798083126554e+00,1.760677076132258545e+00,1.080737391524802193e+00,-2.381954053805811711e+00,1.613105534942686159e+00,-1.157103061838467228e+00,6.363607096376112937e-02,2.000000000000000000e+00
-3.640256183265471623e+00,1.250675611912680285e+00,8.387338702316103900e-01,1.433805117437230159e+00,1.809856720138690811e+00,2.889457058429266034e+00,3.700545243269393048e+00,-4.208285421924039760e+00,9.155144409690719742e-01,-4.732183716734838508e-01,-8.277637060973636052e-01,2.000000000000000000e+00
-2.067617920656814601e+00,1.313657752005464641e+00,-1.574339405351047549e+00,2.798803597741965632e+00,-5.688104965866953577e-01,1.831354960865085202e+00,1.207245612087036957e+00,-1.632829552367325743e+00,7.404059886138054658e-01,-6.355187659620704643e-01,-1.416421575236099351e+01,2.000000000000000000e+00
-1.646680138329768672e+00,1.225025036517835897e+00,6.913923759532121238e-01,2.163880808604579098e-01,6.334061888873827595e-01,3.979922033010846683e+00,-6.235815858468760631e-01,-1.911865223927108337e+00,2.111402695515563366e+00,-3.262357355480163257e-01,-1.751115716448690307e+01,2.000000000000000000e+00
-3.508893490348738986e-01,1.207696337759564198e+00,-2.691080887047196946e-01,1.462844060700161597e+00,-1.349790480275381510e+00,2.733116856839223896e+00,8.861475022358500375e-01,-1.946418617449130029e+00,-2.391940045296210293e-01,5.032498050842386661e-01,-4.296313367837630182e+00,2.000000000000000000e+00
-1.420294142173275542e+00,2.427566158937756846e+00,2.318983420465708656e-01,-6.630469975824015982e-02,1.134790623884673888e-01,3.309301546531191462e-01,1.268437365743507739e+00,-2.794074630773062395e-01,6.430876793422741766e-01,4.626514101095036691e-01,-1.232496920841355603e+01,2.000000000000000000e+00
-1.973391399982580952e+00,8.417964483672881748e-01,-2.609225558274937962e-01,1.641809890596491739e+00,-2.712996816122641430e-01,1.925097923755595186e+00,2.200470366035123249e-02,-2.625917419965899668e+00,1.356577447684053528e+00,1.160021791856307161e-01,4.189346179910169887e+00,2.000000000000000000e+00
-2.430275741419409385e+00,1.174151035326356229e+00,-1.009321906911481159e-02,2.749292122971300323e+00,1.589505262282956632e+00,3.399877845223413519e+00,9.884440224317552204e-01,-2.984880687404758870e+00,1.275729122300443441e+00,-1.871997678002422227e-01,3.297232157305395539e+00,2.000000000000000000e+00
-2.793468392495879193e+00,1.378232697707771015e+00,2.080800710563486700e+00,6.003289417421795449e-01,2.405170279450548065e+00,2.782187564070832231e+00,8.181074811666371183e-01,-2.114383518113289728e+00,1.073727042010052646e+00,1.592839041921063625e-01,2.799264852706182083e+00,2.000000000000000000e+00
-2.893394336307200998e+00,2.976418071441077728e+00,4.680709225540936602e-01,2.629938488536049945e+00,1.908920836131387189e+00,5.689506601955022447e+00,8.488497659830287478e-01,-3.630473518490685336e+00,1.529070286638708920e+00,-6.249606385791825480e-02,-5.664348217872128721e+00,2.000000000000000000e+00
-4.783824073288782230e+00,3.791857249310136790e+00,-5.672158700511811258e-01,3.980325907916403061e+00,1.362081014624170194e-01,4.481712222344686580e+00,1.305746453916555527e+00,-4.906680147482287424e+00,2.880893112218311014e+00,1.377755392417786551e+00,4.185291747306393084e+00,2.000000000000000000e+00
-2.084198806600286336e+00,1.474409459042870241e+00,1.109694579402510817e+00,1.200414384999102468e+00,1.442763502387147678e+00,4.303136670436048306e+00,-1.064445484229842309e+00,-1.566620269268802268e+00,-5.776063169242811046e-01,-2.734160711899574991e+00,-1.383829179761794137e+01,2.000000000000000000e+00
-2.932776878027592016e+00,5.095576193342090665e-01,-8.622673496435637741e-01,1.789140169511693079e+00,9.352952059719465971e-01,3.172458522350726895e+00,1.141017932804134549e+00,-3.967498682593798343e+00,3.929417712835963084e-01,-1.780601709724827508e-01,-2.358286667270742321e+00,2.000000000000000000e+00
-1.783942582300588997e+00,4.263665504314981813e-01,-9.498907364301014677e-01,2.291880788746323727e+00,1.530130128377317211e+00,2.498767084186108267e+00,1.807829803760608200e+00,-3.973976760869759595e+00,4.204855531043885097e-01,-2.096310574630782853e+00,6.591843714076068395e+00,2.000000000000000000e+00
-6.025495782114553833e+00,2.428538797399359517e+00,1.308028485284904452e+00,1.341838878093772891e+00,1.433244514775237954e+00,3.681719194410187690e+00,3.425005452301021158e+00,-3.779954552530432110e+00,2.464032719402061922e+00,1.377391142461849016e+00,-1.886568660258186370e+01,2.000000000000000000e+00
-3.917920179975401318e+00,3.515062058695873404e+00,2.587670339593027169e+00,7.543852957511427704e-01,2.290139817170572467e+00,3.260601986031531840e+00,2.336951882411912873e+00,-3.078813665682952561e+00,1.515677861079526290e+00,-4.709655523025690349e-01,7.091628914327732236e-01,2.000000000000000000e+00
-2.026536823160284051e+00,2.064417305405226166e+00,3.373020134311776608e-01,-2.286140572418320360e-01,9.195431776361595588e-01,-4.725055988699113918e-01,1.193719103054828201e+00,-1.650969866177508738e+00,-1.110466489897618203e+00,-4.632571310837006462e-01,8.039377208449209888e+00,2.000000000000000000e+00
-2.323186808288236094e+00,2.425327855885393902e+00,6.681021660981757426e-01,1.778580560668018284e+00,3.159481908283802154e-01,3.710244937115190211e+00,1.349948748094414785e+00,-3.063670776023794673e+00,3.204661316958635986e+00,1.810964922992997161e+00,-1.097912875684216694e+00,2.000000000000000000e+00
-1.247730167037631288e+00,1.404545771978286117e+00,1.006369513878607513e+00,7.275913716198341152e-01,1.842883919359155520e+00,3.308603875755831147e+00,-6.645120132149218151e-02,-2.406341712003799316e+00,1.394938234067873983e-01,1.312122840502680937e-02,6.944438156695201592e+00,2.000000000000000000e+00
-3.195232649810634040e+00,5.442789949948778627e-01,-2.033029340888856673e-01,2.385656945456168909e+00,-1.370891287485960230e-01,3.696904085712447774e+00,3.297910601779399542e+00,-4.313377480416656695e+00,1.568195767039027411e+00,2.482792418102724774e+00,-3.226194245895040780e+00,2.000000000000000000e+00
-4.859919848032037137e+00,2.626070666551200361e+00,7.693441447077051798e-01,2.429481732602746913e+00,2.746348771245449960e+00,2.859630916818060253e+00,7.020576987360584997e-01,-2.496705435773600712e+00,3.545341794794105716e-01,-1.602490384932273804e+00,-3.709600015592164457e+00,2.000000000000000000e+00
-1.938275780857388941e+00,1.306060323786911948e+00,-7.441905516011881883e-01,4.098019836396031401e+00,-1.556932479745767317e-01,5.837033123868378581e+00,-3.097491477982687869e-01,-2.681955420030509352e+00,2.217051524819954267e+00,3.492990659854054991e-01,-1.290218366399540351e+01,2.000000000000000000e+00
-1.664165210328041544e+00,2.054847376348323262e+00,1.932902601880523319e+00,-4.880015224854570288e-01,1.513162962199687156e+00,2.176262962879326412e+00,1.036991513092183848e+00,-1.186564584892942698e+00,-2.395645920055144984e-03,-2.191494251006357974e+00,-1.092539623357246548e+01,2.000000000000000000e+00
-3.344978515510391048e+00,2.145401591817105214e+00,2.986405485543840443e-01,1.545265386852883172e+00,9.535040825803957620e-01,1.985218755643183730e+00,1.675231229121342924e+00,-3.023796662012066871e+00,9.766972862949129253e-01,1.754338075422820831e+00,5.974760970365771584e+00,2.000000000000000000e+00
-2.266684045775320122e+00,1.630015799025585022e+00,-1.250014459354146235e-01,1.633230335975109249e+00,1.690914030068101814e+00,1.050206893276879994e+00,2.511990361982130437e-01,-1.915330799298619269e+00,1.999556345256786827e+00,-9.586319205143744027e-01,5.175653697952589560e+00,2.000000000000000000e+00
-2.328495391058547082e+00,2.001003546696889401e+00,1.068339853124294914e+00,1.306285737449028650e+00,1.498092211532867868e+00,4.427623755365610592e+00,2.568606812900854131e+00,-3.197706571126214037e+00,7.595453912894339910e-01,-2.003626861071904131e+00,-1.488887219863226363e+01,2.000000000000000000e+00
-3.127042768124679295e+00,1.849914561829485216e+00,1.173855953177279865e+00,5.952621726292156579e-01,1.874836268302612741e+00,3.390748409629224636e+00,2.160404038411553707e+00,-2.990674397225611347e+00,1.329731682914659485e+00,1.539425858151826532e+00,-5.198943043038827483e+00,2.000000000000000000e+00
-4.268868839244684743e+00,2.233094779675264707e+00,1.197574409930853179e+00,1.365110544864798436e+00,1.145868427293792458e+00,6.743725600253533958e-01,2.637577108856014263e+00,-2.126889883394400549e+00,1.978322956846065850e-01,4.229199335773544538e-02,1.079759157397175429e+00,2.000000000000000000e+00
-3.761072188667947458e+00,1.325255189903031816e+00,2.597892854659167305e-03,1.530109103963806172e+00,1.658193817387749736e+00,2.369109760425805788e+00,3.432524537331705261e+00,-3.331984389628821042e+00,1.053240112089904201e+00,2.055721774598343821e+00,-4.890893535049722907e+00,2.000000000000000000e+00
-1.935959692755766959e+00,1.439093091892231779e+00,7.344605154572471095e-01,9.648519608534220637e-01,1.941336866701687924e+00,1.545333797134158971e+00,3.123961305685012846e+00,-2.508173225887222024e+00,1.595522651730821861e+00,4.114343647910808088e-01,2.840367570649013018e+00,2.000000000000000000e+00
-3.031475160934502533e+00,1.655300671453106442e+00,2.492706983339565141e-01,2.341052707977008041e+00,2.743444481800740853e+00,1.411706228636913973e+00,2.575963342416541124e+00,-3.296872543324929072e+00,1.752876189204412904e+00,9.612960030543715728e-01,1.820435113303154040e+01,2.000000000000000000e+00
-3.094147645786581968e+00,2.141524156287972325e+00,1.330950635893026535e+00,4.416026714235423700e-01,2.639213667595641688e+00,1.915940000128925735e+00,4.872623381370152496e-01,-2.537482399263270683e+00,5.323015263898056570e-01,-1.922028760973113704e+00,4.761608885886553288e+00,2.000000000000000000e+00
-2.405421903843937947e+00,1.459059941861887033e+00,-6.086309598834782619e-01,1.935668624306605246e+00,-1.233782472863411694e-01,-1.560526636383352539e-02,1.878075615411616273e+00,-1.205689914964321874e+00,2.868016034758996469e+00,6.158943449089948619e-01,-6.311447607978224461e+00,2.000000000000000000e+00
-2.296578878153892056e+00,1.194982038393509249e+00,-3.306569252943021286e-01,8.275256584195508358e-01,3.420578332395094456e-01,1.851769840820614910e+00,2.270299336137021839e+00,-3.144007214015040130e+00,3.494501135577776640e+00,3.817930024023747926e+00,4.657343460630741228e-01,2.000000000000000000e+00
-2.664457243669748898e+00,1.606618455991053240e+00,5.501950064412969299e-01,2.008892156292016562e+00,2.534682514102732043e+00,3.785047389939208529e+00,2.447889725997710375e+00,-4.488239076888303813e+00,1.726458657447118128e+00,-1.334335012886156191e+00,6.750029265333363782e+00,2.000000000000000000e+00
-7.759899617670189542e-01,1.490517678203737484e+00,5.479779475429047420e-03,2.033261440806875431e+00,-9.528462990341453054e-01,4.455053136437587824e+00,-7.903242771536342914e-01,-1.660493099784071003e+00,7.799755782206735377e-01,-5.381404635505203371e-02,-1.210833989589383641e+01,2.000000000000000000e+00
-3.542753772996862338e+00,1.782204589193046251e+00,1.141562471575123805e+00,7.449189905295772185e-01,2.889441505213359740e+00,1.233643342714648483e+00,7.748472872740548301e-01,-1.015764736799916301e+00,1.286738681827075848e+00,-1.502927104635679134e+00,-8.783956705364321493e+00,2.000000000000000000e+00
-3.495377700714418889e+00,2.023243858885518165e+00,2.134305930804369034e+00,-5.509025381934036236e-01,3.017517058664039631e+00,2.189356545971631096e+00,1.873144498689740756e+00,-3.118347228724565934e+00,2.339512626090347158e+00,3.044068213338632645e-01,3.082189097589119964e+00,2.000000000000000000e+00
-6.069626398748098062e-01,1.076309876423988232e+00,1.592116150045570944e+00,-3.867107595789889274e-01,-7.274275920880370894e-01,6.881283429929416773e-01,1.007183980552086133e+00,2.747596067588045088e-01,3.369688130699746154e-01,1.000481750958831295e+00,-9.781106277955213812e+00,2.000000000000000000e+00
-1.824495411235993902e+00,1.076675340562382344e+00,-7.759982303730206254e-02,1.776183062424381287e+00,1.513199490850491769e+00,2.522590398871599859e+00,8.996754218339306775e-01,-2.599099314193984434e+00,8.270577454169451004e-01,-7.914897185310678651e-01,2.084025470950559900e+00,2.000000000000000000e+00
-1.880979550484496610e+00,9.916352915824357961e-01,7.789455121947654881e-01,4.981528572775826280e-01,8.373573556334297230e-01,2.487230236219929669e+00,-5.368830051565618433e-01,-1.918425052692258381e+00,1.136837302468657329e+00,-3.844772732902017598e-01,-2.291547119840561475e+00,2.000000000000000000e+00
-1.299084600892921548e+00,1.574879479844135677e+00,-3.090531060035063282e-01,2.328744772963771581e+00,1.133784622654849361e+00,2.744591334785373427e+00,2.157974887354975557e+00,-2.956900978318558693e+00,8.670560462748886366e-01,-3.918661902232152272e-01,3.824534243734716288e+00,2.000000000000000000e+00
-4.795577356590259299e+00,4.049532173716709593e+00,2.354301723245567857e+00,1.171061607690471185e+00,2.953086173188057550e+00,4.256033525081384106e+00,3.626358753852828798e+00,-3.731951674233696004e+00,1.499819122092270973e+00,1.049076686264837299e+00,-4.366909960423194015e+00,2.000000000000000000e+00
-2.503380318938107862e+00,2.137795799076194214e+00,1.639847212841121893e+00,8.050052673595596842e-01,3.309205257659374233e+00,4.146838267235413156e+00,2.170690423578435002e+00,-4.068968333638284918e+00,2.342230163268844034e+00,4.357185567446065222e-01,8.482685986302078263e+00,2.000000000000000000e+00
-1.902863297312290980e+00,1.010285034170200325e+00,-5.735882091457340515e-01,1.259274265438401041e+00,9.251917540200189638e-01,1.590472763560671687e+00,8.618366672908395199e-01,-1.913538888470893706e+00,6.096445646959725018e-01,-5.563549510347422233e-02,-4.208861037943727901e+00,2.000000000000000000e+00
-3.326474564418382851e+00,2.467509099143870621e+00,-2.762661003046624764e-01,2.842700925114170385e+00,2.983337733491053800e-01,2.328501657563867955e+00,1.226920670632704047e+00,-3.098353152545496592e+00,9.628862517702202473e-01,5.205358326113224132e-01,5.723205875748860194e+00,2.000000000000000000e+00
-4.607374266449289379e+00,1.903623334865994776e+00,1.123437430518758440e+00,2.650330331802009276e+00,1.342697580791344159e+00,4.977672807652441023e+00,2.872496296101825664e+00,-3.195585908829817967e+00,1.175594152766566980e+00,-5.593712646585808912e-01,-2.129056449730493839e+01,2.000000000000000000e+00
-2.278878669662396383e+00,2.166545713445174659e+00,1.527439336393645375e+00,2.442655194641072391e-01,1.920304559414877321e+00,1.513624033217345843e+00,5.213391045311410732e-01,-1.955487809031098312e+00,1.494133427140279080e+00,-4.402612150916514200e-02,7.798197052293081910e+00,2.000000000000000000e+00
5.063179237625012874e-01,-3.256551342302809182e-01,-5.621811223669568314e-01,2.772460527236646488e-01,-1.913237279079793574e-01,5.577431586260372942e-01,1.326824330713222588e+00,-6.488596607771084379e-01,2.172140603436364614e+00,1.407034088289685236e+00,-7.309489152115888899e+00,2.000000000000000000e+00
-3.013352218412411965e+00,1.606635072442149426e+00,2.080938022031439683e-01,2.136818483056046603e-02,1.059550023087833415e+00,1.733202794489139498e+00,1.207816523045527557e+00,-1.177707011529400383e+00,1.382034040358464111e+00,2.356542505250197816e+00,-1.695280270038307080e+01,2.000000000000000000e+00
-1.571304198937813368e+00,1.332119955871126527e+00,-2.475429746747048743e-01,1.574940681281213450e+00,-1.720247487811128462e-01,1.808269318879814236e+00,1.056860060778622268e+00,-2.205472804731210879e+00,1.645669910579986350e+00,1.694229757688622051e+00,2.280849232779500468e+00,2.000000000000000000e+00
-2.913705804313223346e+00,7.267493862180400832e-01,-3.231620119659011081e-01,9.373140750873598659e-01,2.847573213096750600e+00,1.812983893052263928e+00,2.054721386208184786e+00,-3.117791164398782122e+00,1.424502995565774199e+00,-5.518821822147678136e-01,-1.938817654136796520e+00,2.000000000000000000e+00
-3.020489151663298788e+00,2.347123943623955711e+00,9.255954267899196841e-02,2.513930014786802225e+00,1.990750757300043139e+00,2.653299707933626017e+00,2.187127969545013428e+00,-2.296061643298550337e+00,7.268103918720658640e-01,-7.998094419645742637e-01,-5.133610074816788327e+00,2.000000000000000000e+00
-3.565877919631731174e+00,3.886177937847422381e+00,-4.355493810790816989e-01,2.958408371201723064e+00,3.463880278961932735e-01,2.727854189419876008e+00,3.138382413431715090e-01,-2.152068282053230863e+00,4.507603705881826350e-01,3.464395195497214225e-02,-3.400822889128755744e+00,2.000000000000000000e+00
-2.879652100805410786e+00,1.669182913607730079e+00,1.373047256298920438e+00,-4.632170128733010817e-01,2.977557779469178101e+00,1.216494466238062344e+00,2.911417730590144082e+00,-2.243258855870318591e+00,3.002236969763255603e-01,-4.480288277715436251e-01,-3.305748598044098152e+00,2.000000000000000000e+00
-1.275116766109375632e+00,1.166241435865275511e+00,5.719441205300017650e-01,3.212429005430406104e-01,1.541056743942103457e+00,1.184246849779192701e+00,-8.947431844811437607e-02,-4.508234827022761237e-02,8.724784947727344253e-01,-3.465359999734913821e-01,-9.392830023007299189e+00,2.000000000000000000e+00
-3.537953504032363305e+00,1.131886091041824693e+00,-3.812201684790011980e-02,1.631389039445682920e+00,1.106936458469683693e+00,1.039406775453145748e+00,1.118510418358715564e+00,-1.218712519790081217e+00,-1.484551958593689935e+00,1.599222712593481865e-01,-6.668847039748063033e+00,2.000000000000000000e+00
-2.924044445712127960e+00,1.423882237252385830e+00,4.369888677200307603e-01,1.852778075779011324e+00,1.163003872318040477e+00,3.152521922225918427e+00,2.417848538213814180e+00,-3.150887249350647679e+00,2.275507199801670488e+00,3.376337455269230042e-02,-7.040451477696052507e+00,2.000000000000000000e+00
4.361487849915590687e-02,1.911294107169265288e+00,2.832497458287428493e-01,1.174946767717539142e+00,9.452810662033317435e-01,2.707558442104587293e+00,8.276888607259373920e-01,-2.121662535690800322e+00,1.092378851818408547e+00,3.689922870325615945e-01,7.301095874712149936e+00,2.000000000000000000e+00
-4.219391826445797022e+00,1.923720635316968686e+00,6.330519641111241880e-01,1.922448818155308992e+00,1.513211675927670807e+00,2.118977608222488929e+00,2.205105823135913745e+00,-3.957800342748356126e+00,3.584658901822240118e+00,3.528149310621748302e+00,1.429389512933386719e+01,2.000000000000000000e+00
-3.116269717501395142e+00,1.143635712384083902e+00,1.365647447894738353e-01,7.245860699112715020e-01,1.300994552518855540e+00,1.876513970994663882e+00,1.718190088429000895e+00,-2.706047691239215514e+00,5.245491536807032062e-01,-9.376374212192587487e-01,-8.350533139352680934e+00,2.000000000000000000e+00
-4.096613862447887833e+00,1.786721362697359039e+00,1.164307126642590839e+00,-4.363164370921726043e-01,8.187467779991004502e-01,2.147325028701085436e+00,2.352789175247517850e+00,-2.891094507271000147e+00,2.857302741030769422e+00,2.470109856078691379e+00,-1.301306064781173788e+01,2.000000000000000000e+00
-1.940525816860255270e+00,2.055896688176297449e+00,-5.322586122368623274e-01,5.307851673770999090e-01,-2.706490466289952490e-01,1.518237267126426815e+00,-1.057803260407998769e+00,-1.836686176444139784e+00,5.972524929275472294e-01,6.019111916514178207e-01,-1.348064236414327155e+00,2.000000000000000000e+00
-1.742251948286245078e+00,1.625058621105451850e+00,-4.993249471945805373e-01,2.334025569851032156e+00,1.348760956420980150e-01,1.329110210056952512e+00,7.210929598641546701e-02,-1.693807420062527491e+00,-2.031188184674337371e-02,7.665261897635551325e-01,9.413066286190089116e+00,2.000000000000000000e+00
-2.670398787116429418e+00,1.926002366142828048e+00,-7.149630112498608359e-01,1.790343523322407204e+00,2.771303846117297853e-01,7.288118633820404035e-01,2.819089579449887140e+00,-2.000330122464654359e+00,1.758485061910150193e+00,2.536439089787440704e+00,-2.690990896226950202e+00,2.000000000000000000e+00
-1.587545579726294731e+00,2.034897836168842122e+00,-8.712596890151458329e-01,2.169424685838192257e+00,5.397851312263535206e-02,2.338094994659177583e+00,2.735293457601725153e-01,-1.370955179791060852e+00,1.382032896413897483e+00,6.858871980326831652e-01,-8.023680592228361164e+00,2.000000000000000000e+00
-6.477911113903134233e-01,1.634020947469392304e+00,-1.016896796500039724e-01,5.093190768606327135e-01,2.067301155217229347e-01,-2.327203377392690342e-01,4.085242889926815613e-01,1.304894080896730202e-01,-2.299795201138126188e-01,6.872036256306294222e-01,-7.753667243601909398e-01,2.000000000000000000e+00
-4.352014608531321826e+00,2.214832648140779625e+00,1.340705923660539867e+00,7.069461952281255179e-01,2.404230918578925902e+00,1.156958924211385131e+00,3.235390433970465551e+00,-2.711340307716205267e+00,1.680782633597317943e+00,7.519104288462147290e-01,-5.356466345948965868e-01,2.000000000000000000e+00
-2.758034456550781499e+00,2.225965581480831457e+00,2.624130702137300597e-02,1.583382093746001695e+00,-1.854339828843076798e-01,1.171298430551236169e+00,5.331640428974857571e-01,-9.592424617647570262e-01,2.272344383121580602e-01,9.084220714883132208e-01,-6.256172077599597259e+00,2.000000000000000000e+00
-1.837058453818559256e+00,-6.829112818347193858e-02,-2.039756224936645213e-01,7.087405772900627898e-01,1.216410395306757097e+00,6.712406852922629952e-01,3.576146418265306437e+00,-2.187766256573937529e+00,2.209933633431251820e+00,1.162334883506734862e+00,-6.491668870695958660e+00,2.000000000000000000e+00
-5.912389737555638902e-01,2.314796445945667358e+00,1.176988710621775125e+00,-3.056788400379268911e-01,2.319204088152781562e+00,1.778279222021210693e-01,1.901544939019925273e+00,-1.306484815687135370e+00,1.828130847072084286e+00,9.646952400132421390e-01,1.277396394729968421e+01,2.000000000000000000e+00
-1.971489462953845084e+00,2.624757862336286607e-01,-2.781219244540837909e-01,1.681444488051189845e+00,2.030763592084261049e+00,1.439804453676812646e+00,8.796412674498370610e-01,-1.206263527000104752e+00,6.045016433804646372e-01,1.108789014740608342e-02,-3.668925613753364789e+00,2.000000000000000000e+00
-2.588062083694941506e+00,1.618769010910604766e+00,5.001163675223089244e-01,-1.051781409141796519e-01,6.910973827280635362e-01,2.602199137868050016e+00,1.907428507635079429e-01,-2.122214567407221697e+00,2.784807411122609544e+00,-5.408163891210084895e-01,-1.777081620585494193e+01,2.000000000000000000e+00
-1.746394812734759938e+00,1.549030515856760326e+00,8.316499628705040781e-01,-1.467220185633528740e-01,1.562712396491434674e-01,-1.076501160669942614e+00,8.501378243203083773e-01,-4.505149612855685604e-02,-7.654637985257339849e-03,1.850443896241357855e+00,4.302388733118142738e+00,2.000000000000000000e+00
-3.747352813406218619e+00,3.527745509839811611e+00,7.020186377318549109e-01,9.676625100007838487e-01,1.819865429149764902e+00,2.493443806286484765e+00,-8.572571626628731067e-01,-2.638338664045544846e+00,2.255023682028760579e+00,-1.717409583373861182e+00,-8.200913741569693105e-01,2.000000000000000000e+00
-4.215062520873520846e+00,5.219563535352385042e-01,8.536220116153494519e-01,2.437561933937575365e-01,3.443144058474491231e+00,-2.020500183975104669e-01,2.938123609922755897e+00,-2.771420072532428058e+00,1.723009326331401692e+00,4.846389139758693898e-01,7.205528168729177452e+00,2.000000000000000000e+00
-1.855693224739134894e+00,1.259729663137587830e+00,1.093490749556435437e+00,1.105302151916990994e+00,1.215100087148145880e+00,1.239464454579065178e+00,1.197435999421150310e-01,-1.636252309572397312e+00,5.074785117064484208e-02,-1.758018769628691080e+00,8.172287443176234234e+00,2.000000000000000000e+00
-3.205595268673671505e+00,2.489377176446550877e+00,1.030345646061205933e+00,4.791137238041421886e-01,7.663016488609598609e-01,2.230325219109126511e+00,2.904443353507844883e+00,-3.432478368595287321e+00,6.996839098343262675e-01,5.178064825539129279e-01,-8.823910020642400376e-01,2.000000000000000000e+00
-5.266536095486840097e+00,2.033854622525215650e+00,3.403267444266839248e-01,1.406344542078907356e+00,2.153887907809821201e+00,1.629552284620310543e+00,1.080408474024787013e+00,-3.273523039933357026e+00,5.537942548468215431e-01,4.197926828559983004e-01,3.085878898600424858e+00,2.000000000000000000e+00
-2.363314660696442360e+00,2.482947144208914381e+00,6.180396076250825876e-01,2.159259667714297670e+00,1.063355885017261970e+00,2.856707773103917436e+00,-2.747837117135110141e-01,-1.409299935010462246e+00,-6.252210269939095788e-01,-2.607309237483767195e+00,-4.933323975534161576e+00,2.000000000000000000e+00
-3.227699749779764371e+00,1.698153779903624594e+00,6.631237651272805511e-01,1.742839479134146163e+00,1.423630975074786642e+00,3.098314821241561656e+00,1.973903891630482299e+00,-3.704991352619677603e+00,1.433585175165681846e+00,-7.633668829878283157e-02,2.664244061165617961e+00,2.000000000000000000e+00
-2.198658698884770057e+00,2.609683161609875235e+00,1.110865355826764933e+00,1.261948667217154263e+00,5.475033316888416879e-01,2.467031134967219597e+00,1.891664838250411096e+00,-2.334107111705908011e+00,1.067024694564002507e+00,5.734228621823648370e-02,-9.184711296298421201e-01,2.000000000000000000e+00
-3.219350498126861027e+00,3.432668129448667393e+00,3.510440492534532830e-01,2.009282827408842564e+00,-2.023612132515459905e-01,1.717615702403839872e+00,-4.712551482271696290e-01,-1.159010673457109730e+00,1.407152598735992077e+00,2.252742509416346128e-01,-3.564182965257590929e+00,2.000000000000000000e+00
-4.060936860876833698e+00,2.666799930326279267e+00,2.244971306461681637e-01,2.170734134094414625e+00,-3.767218863155856745e-01,2.367085302184830375e+00,-1.136095893137076818e-01,-1.843892398544667799e+00,5.443501104882507713e-01,-1.135554374276985357e+00,-1.244293011693597961e+01,2.000000000000000000e+00
-1.902967750364209731e+00,3.333732713893721389e+00,3.664594736160118882e-01,1.884666598636817181e+00,1.831297091493662821e+00,1.758019135175263870e+00,5.887988677020008499e-01,-1.952532504848921713e+00,2.066430947789585026e+00,9.376036265441566320e-01,1.261384842385267469e+01,2.000000000000000000e+00
-2.527029478725750788e+00,8.053267701591002581e-01,9.227924409344865353e-01,7.020263816527649858e-02,2.895816410924851869e-01,3.307441153435711989e+00,1.405904328479691046e+00,-3.541145681076612206e+00,2.259190268838201288e+00,1.147911541569391236e+00,-6.257171672850515343e+00,2.000000000000000000e+00
-2.006877652980768811e+00,1.345146942991969574e+00,-2.139625583757170935e-02,2.846548447561422890e+00,7.038542229364166403e-01,3.570131432950252481e+00,8.526184729562981124e-01,-3.128191998289306941e+00,1.556132027243244398e+00,6.386370345702432338e-01,6.272234709233891259e+00,2.000000000000000000e+00
-2.859444827034063330e+00,2.897083175234232755e+00,3.916007632446639741e-01,1.083502165864715927e+00,7.620791810653185783e-01,2.481665484777805464e+00,3.608122168547001074e-01,-2.049045828921346679e+00,1.483597197097829001e-01,-2.659286130807378967e+00,-1.187957500361351748e+01,2.000000000000000000e+00
-2.168360915108520359e+00,1.012522774164758221e+00,-1.613078499008671063e+00,2.421204077054909476e+00,-2.512121294866329624e-01,6.778170772700116142e-01,-1.014927439262881537e+00,-3.316451964567281863e-01,5.733345864307691775e-01,5.287454296885092386e-01,-8.463368022837540749e+00,2.000000000000000000e+00
-2.967493719021899956e+00,4.693836986688161517e+00,2.209140344741038930e+00,5.740349584773806191e-01,1.373383507406095161e+00,3.062939341726456988e+00,2.586806921272614801e+00,-2.290989829001961464e+00,1.065052863791204008e+00,9.767139343212223324e-01,-2.802617939463534658e+00,2.000000000000000000e+00
-2.095361864614538661e+00,8.267423639852178319e-02,-5.319796202132770491e-01,1.921343993103066250e-01,1.611675256420693536e+00,4.365152901975331012e-01,2.567716026895130010e+00,-2.936655192217563659e+00,3.611830759795626289e+00,9.249418149319196258e-01,-1.030461400781695236e+00,2.000000000000000000e+00
-2.843867500329404052e+00,1.390452151173414919e+00,-6.300619499271944424e-01,1.693332641152614615e+00,7.291616126398557940e-01,1.792411602390264314e+00,-7.889126191901230101e-02,-2.166746670191712187e+00,4.049618278966653495e-01,1.092437289509282428e+00,1.985026877283959879e+00,2.000000000000000000e+00
-4.061823839774060474e+00,9.740988370220478032e-01,1.312898156825199170e+00,1.139926860574813849e+00,1.214012006253421871e+00,1.512618703129561260e+00,-4.327175760363537460e-01,-1.717453494238788458e+00,-1.223563727978966398e+00,-7.375889890403578009e-02,4.967571222540470899e+00,2.000000000000000000e+00
-2.470165567040130572e+00,1.166672005566396830e+00,2.702486564998947127e+00,-7.308148147992890031e-01,2.099503950886197678e+00,3.125369535448141889e+00,1.603775176470388253e+00,-2.183318397170954661e+00,8.004460262431376538e-01,-1.240309820790929329e+00,-9.684377888331793471e+00,2.000000000000000000e+00
-2.704502012622981066e+00,1.684203071127569729e+00,-6.519319269546459683e-01,3.087779980046525097e+00,1.505085096052890981e+00,2.744589640597586921e+00,-1.248906797600244367e-01,-1.346092185131849694e+00,1.620136613214954835e+00,7.311143991591053659e-01,-5.360103891707298729e+00,2.000000000000000000e+00
-2.512994711545837312e+00,2.515381883394560258e+00,1.351478258887558237e+00,1.685115127810536295e+00,3.262133761583679625e+00,8.014894261170892875e-01,1.304652427476474141e+00,-2.107861025014564405e+00,3.958283265740465406e-01,1.148313242769596343e-01,2.553203576758447113e+01,2.000000000000000000e+00
-3.794176960914170671e+00,7.384657693318905647e-01,-4.053824668748350346e-01,2.040795221393977954e+00,2.231363665348754299e+00,2.644353857165964605e+00,1.086077568984181285e+00,-3.667512924997420320e+00,5.007137859498906884e-01,-4.860530031802326456e-01,2.338484469083745854e+00,2.000000000000000000e+00
-4.758885526736067462e-01,2.143692762966310728e+00,-9.177799214376924919e-01,1.207885972510634121e+00,-6.954503754627947565e-01,1.905490899599302068e+00,4.426645542495788455e-02,-1.298197738550943114e+00,8.977636888473126131e-01,4.247998850913686231e-01,-6.870916499093257634e+00,2.000000000000000000e+00
-2.403469775499307293e+00,1.693662925075873016e+00,6.704116163327280553e-01,1.035726243675137326e+00,1.563339079162734624e+00,1.824772394756445149e+00,3.081349064182864694e+00,-3.314304717111085097e+00,7.017245190879545236e-01,-6.122022973425607084e-01,4.386839849717661721e+00,2.000000000000000000e+00
-2.627685737314348735e+00,2.167203836427129993e+00,-3.015208666424931128e-01,1.606965856430250916e+00,2.283863828028739995e+00,1.482487673358337421e+00,4.748636498592169186e-01,-2.275748303647044501e+00,1.366977661871121352e+00,-4.705002307649170934e-01,5.454341935412425180e+00,2.000000000000000000e+00
-2.679997714440131240e+00,2.364503825150147343e+00,4.175148336029909646e-01,1.920059619760573710e+00,-7.732919145652707993e-01,3.325479355737550158e+00,1.487886313692456941e-01,-2.977836377322230277e+00,1.444228740671658517e+00,1.969817623006944851e+00,3.461915806632183124e+00,2.000000000000000000e+00
-3.333607836069010233e-01,2.187267679792761932e+00,-1.493708079310433590e+00,4.281171571067203807e+00,-5.101631359767333507e-02,4.432475509892098486e+00,-9.036137893952487232e-01,-3.554413003724485876e+00,1.082032979392348437e+00,-6.726179006267337668e-01,1.574265534292110935e+01,2.000000000000000000e+00
-3.801143673569243653e+00,1.366278569551686584e+00,1.846175088823708843e-01,3.123044766127934579e+00,1.330554198263797616e+00,3.115467863927070979e+00,9.173360438654485360e-01,-3.342504040330294579e+00,1.343794803359316559e+00,-1.371532000627043058e+00,1.738675219952568130e+00,2.000000000000000000e+00
-2.267328462335720829e+00,3.900912844156965154e+00,1.561563407662322600e+00,1.911782777284524837e+00,1.549221678371337507e+00,4.554244328125745866e+00,-7.900231002140967185e-01,-2.434333962596272105e+00,1.086900803343689326e+00,-7.094258278966998343e-01,5.291399112930310622e+00,2.000000000000000000e+00
-2.037313249003630755e+00,1.949379614362211299e+00,3.659964578234011778e-01,1.840962138831240047e+00,1.064643013488993706e+00,2.087380032170315314e+00,2.488092176205967121e+00,-3.012096315480943254e+00,4.350581323910051035e-01,7.203385243730909826e-01,9.817015893688383343e+00,2.000000000000000000e+00
-1.142750831208880324e+00,1.692786841816267929e+00,1.729432247796675259e+00,1.942364504464237029e+00,-6.090157691774484849e-01,1.653304752349168849e+00,1.097880845595251564e+00,-7.629823579934589262e-01,-1.694884498843648224e+00,5.982861323255274089e-01,9.581493095433252449e+00,2.000000000000000000e+00
-2.768099252578829272e+00,1.197587712750194822e+00,-1.547299675462496138e+00,2.819859964598328883e+00,-1.089193439816712905e+00,8.843731988383283227e-01,2.205853424410520791e+00,-2.394005469545422482e+00,2.150666451633180820e+00,1.753157715864320787e+00,-4.881256609478873187e+00,2.000000000000000000e+00
-3.288527058747709120e+00,7.607422943387938119e-01,2.270835276866896457e+00,-1.260998985371187153e+00,3.555549573315261114e+00,4.376273919377817734e-01,1.974028908014163530e+00,-8.755263449278303245e-01,-2.675669721918336741e-01,-1.271583805501582898e+00,-8.489902913384709038e+00,2.000000000000000000e+00
-3.820912042840806322e+00,3.009571270313550873e+00,2.814357871463235128e+00,-8.315701823927472702e-01,2.727039421453185675e+00,2.483079467035706145e+00,4.174941836701292486e-01,-3.035203101283841853e+00,1.476974687069436687e+00,-1.255565050254678683e+00,5.271936689476298454e+00,2.000000000000000000e+00
-1.863637684731222155e+00,4.942904065175335315e-01,-2.184209027030491468e-01,2.404426964881314355e+00,6.102248839277809589e-01,4.282232076031023738e+00,6.809553528609935125e-01,-1.962233533460912671e+00,1.453478481026526881e+00,-1.207972240291325550e+00,-2.039753776270812580e+01,2.000000000000000000e+00
-4.290276752033526542e+00,1.928209988675303244e+00,9.935163715145789443e-01,4.429245276874068660e-01,2.458166251869450925e+00,-2.419825644350988014e-01,1.923852187877967967e+00,-2.302769856168641383e+00,-7.177776888200448902e-01,-6.265543209896229371e-01,9.303755234917350236e+00,2.000000000000000000e+00
-2.273526846122426726e+00,2.040132102643094747e+00,1.140249174116663156e+00,1.592157133844989803e+00,6.386687310458849520e-01,1.615118470294429898e-02,-7.707936713171190668e-01,-7.404224062142579221e-01,1.328091406142424935e+00,8.241466965153211310e-01,1.815770116128794953e+01,2.000000000000000000e+00
-9.789404648320529923e-01,3.172860947365554019e+00,2.568416666375174517e-01,1.646205166447684443e+00,1.113935821685338334e+00,1.914951792621058857e+00,-6.028346705124216776e-01,-1.247238680046120596e+00,1.945968460653698440e+00,-5.676866999028150618e-01,6.088105976919913509e+00,2.000000000000000000e+00
-1.316352482527071377e+00,1.510928009963895757e+00,9.326599483842181737e-01,1.502264109437068340e+00,1.293032558265475362e+00,2.600861407978873441e+00,1.450064022052653723e+00,-2.303625456742508071e+00,1.131564120917759375e+00,7.991008821524798744e-01,8.475102262152969246e+00,2.000000000000000000e+00
-3.199311036558127874e-01,-5.189516601579593491e-01,2.327850974721912825e-01,9.731271764624521703e-01,1.043983635306687141e+00,1.889557028261123595e+00,5.556853256360227977e-02,-7.429009101046843977e-01,3.554070620614739884e-01,-6.549344054367728374e-01,-4.511454178261130821e+00,2.000000000000000000e+00
-3.996505610908005490e+00,3.308635297236488526e+00,1.024258616845330039e+00,1.612888087755815381e+00,7.650948367886463153e-01,5.587394260308005123e-01,1.881303749390295543e+00,-2.125218429864811132e+00,4.296461120226376940e-01,1.464727827505497793e+00,1.077196765425309621e+01,2.000000000000000000e+00
-1.947353130376954233e+00,2.116313993076168298e+00,1.333928901145123636e+00,-5.420436964043708894e-01,1.826755217787494390e+00,2.450054196649755767e+00,9.006186683583855546e-01,-1.962468384502944474e+00,2.167807078744950822e+00,-9.180909374224720532e-01,-9.739799057705907259e+00,2.000000000000000000e+00
-2.874199886312279073e+00,1.819376924472934975e+00,-1.961803473722617541e-01,3.164608140685738036e+00,7.685985014895324596e-01,2.540598492340254033e+00,-6.550224491349034839e-01,-1.909697063708721831e+00,7.561300151460639274e-01,-2.042821790390094261e+00,-7.130210397715834869e-01,2.000000000000000000e+00
-1.189469453743357219e+00,6.891677454905464906e-01,1.351451556361169537e+00,-5.733236862093504804e-01,1.586946671699424050e+00,1.391097017683641024e+00,-1.019115834623344208e+00,-2.360544631110679248e-01,-4.773119229607618585e-01,-6.922319904777777255e-01,-3.971164353429470051e+00,2.000000000000000000e+00
1.040106028031352547e+00,1.620438879232370510e+00,-1.106318309984883230e+00,2.580859355244056186e+00,-1.984531638834033496e+00,3.048888338515074459e+00,-1.171873168819853150e+00,-1.062805435068918003e+00,8.106972412036679287e-01,-3.368670006264106176e-01,-3.430325316598937135e+00,2.000000000000000000e+00
-4.350120632787092489e+00,2.673169681903707406e+00,1.508548511923228919e+00,1.673958214084273033e+00,1.420024210335437242e+00,4.172360612793614365e+00,7.478046793474280030e-01,-3.170404924023618953e+00,8.450251981143750424e-01,-1.078219451297601550e+00,-7.267520443949473830e+00,2.000000000000000000e+00
-1.285797092191872881e+00,2.221316075714529603e+00,1.188669121347304403e+00,9.810090289769628491e-01,1.907838020621753561e+00,2.291063186092012760e+00,1.135522687810662568e+00,-1.530255251103924241e+00,1.217717532766613431e+00,-2.308950711545081635e-01,2.053905079247501764e+00,2.000000000000000000e+00
-3.419525874423509304e+00,1.483003069892858461e+00,3.059374229623990971e+00,-7.028103922295287909e-01,2.343976087184092894e+00,2.367122404580971118e+00,6.855286153107584823e-01,-2.528391319191916065e+00,-4.886032603300316524e-01,-1.742311588705162784e+00,3.417567338581875447e+00,2.000000000000000000e+00
-1.909187187733818902e+00,-2.404277276354327419e-02,1.151789387767432338e+00,6.458443260683353060e-01,1.694390875596144097e+00,1.383099629440866840e+00,2.381403595704135734e-01,-1.165243779915533295e+00,-8.911003182988650462e-01,-9.492126683905236506e-01,2.569622562028270885e+00,2.000000000000000000e+00
-2.748273032262641635e+00,2.342374514621297532e+00,1.035840814567441925e-01,1.979575408753714960e+00,1.271371453649909444e+00,2.364889082309958201e+00,-1.648665647572820081e-01,-1.857990839571923791e+00,1.958378831225958683e+00,2.560790845178502750e-01,-1.933987225529646414e-01,2.000000000000000000e+00
-2.071524990514933329e+00,4.173178679301721150e-01,-9.263738502136817932e-01,2.139719831889784540e+00,-2.924375667011824831e-02,5.653539600709964752e-01,2.962033812413285894e+00,-3.129110786892144613e+00,1.542048497189219658e+00,2.576568149408631658e+00,1.150095381245223791e+01,2.000000000000000000e+00
-3.734504783062892130e+00,2.757677323834910155e+00,-5.515726769506732463e-01,3.068396043896211900e+00,1.567637199982605756e+00,1.555020787187297859e+00,-1.158045854162713217e+00,-1.093035409911019329e+00,-1.164374691657769301e+00,-2.595182582235620927e+00,-8.494190725139039166e-01,2.000000000000000000e+00
-4.322944542610455798e+00,1.504486279517778247e+00,4.327404405510597019e-01,-1.571059685223372693e-01,3.274940702396753167e+00,1.905746340849287179e+00,2.313053333886512242e+00,-2.282182348682158413e+00,2.103614705803685148e+00,-9.995211684879463654e-01,-2.295655282458521995e+01,2.000000000000000000e+00
-2.513244104328333339e+00,2.441267429805466627e+00,1.223231063557665088e+00,1.754509893495479922e+00,-1.387191546073218706e-01,3.823170578994995683e+00,8.699198751152947828e-01,-2.471049768751296671e+00,1.282808348873651028e+00,-2.049175782400406653e+00,-1.172657701318847145e+01,2.000000000000000000e+00
-2.588260773499070577e+00,2.708027923220654110e+00,4.257467503734964076e-01,1.073218920911381824e+00,1.154558546330002322e+00,3.483654070588375617e-01,7.304310791918239287e-01,-1.066055158763447919e+00,1.622257287355637789e+00,2.325028083332318030e+00,7.310828195971815546e+00,2.000000000000000000e+00
-4.059655475022726279e+00,2.862737474834351481e+00,1.401775509898255168e+00,1.373758605719825443e+00,2.889271799769869808e+00,3.187624576962230893e+00,1.339740044094671845e+00,-3.748371740910793726e+00,1.060998611733675601e+00,-1.586355157764214763e+00,5.894601234861471362e+00,2.000000000000000000e+00
-1.569644377798944390e+00,2.289819001877472893e+00,3.141345853179855485e-01,1.049485474850269773e+00,1.081772331478895177e+00,9.043102274641898752e-01,8.974976836284078718e-01,-1.698325846615352575e+00,1.370095922756217721e+00,-5.166255306979510020e-02,6.768547829638928093e+00,2.000000000000000000e+00
-2.844529128880342483e+00,2.198092788677133314e+00,1.331517541698514329e+00,1.841366842817441007e+00,5.940612205214287345e-01,2.414453575207678782e+00,8.760680060771551814e-01,-3.523731685236229705e+00,1.717539388096222419e+00,-4.892541939908526816e-01,1.526514580910530938e+01,2.000000000000000000e+00
-3.737484891707687051e+00,1.615273803151931586e+00,1.380537414575324195e+00,1.271155816581395204e-01,2.250695985512700226e+00,1.610435699902769358e+00,2.620519950467655512e+00,-3.610191384951304983e+00,1.799986723366090002e+00,-2.013356731331868155e-01,4.003963797926198609e+00,2.000000000000000000e+00
-4.288224636131213074e+00,9.525787201186075581e-01,-2.501153905538066047e-01,1.439846089082347680e+00,1.570810099382878189e+00,1.641816683947396216e+00,2.289874445629618283e+00,-3.988316444336953204e+00,1.907042832819356715e+00,1.675579332012163247e+00,4.436414975441109299e+00,2.000000000000000000e+00
-3.097935284120818977e+00,1.178624752345745152e+00,6.461207054637605474e-01,1.856657447535232652e+00,4.818437160662946139e-01,2.404825455560138714e+00,6.782705919568257080e-01,-2.033136488338548542e+00,-3.026040710440860426e-01,2.958052713883960738e-01,-1.380313850681418097e+00,2.000000000000000000e+00
-4.529470821318390961e-01,4.704433996118595473e-02,-1.164408879835063804e-01,1.283796734466535749e+00,6.723724093689840142e-01,8.238971382703530466e-01,1.537002680982101577e+00,-1.234802160723502018e+00,6.373054646526390421e-01,8.877209294835203268e-01,4.295981507603879201e+00,2.000000000000000000e+00
-3.661394958348699102e+00,1.083853068733542147e+00,6.434978114622584844e-01,1.244042840537758821e+00,9.308917471351590978e-01,1.891373549680003929e+00,1.602070824147098005e+00,-2.199681804168982957e+00,1.286020798723760183e+00,1.474248420438509927e-02,-8.909356808653235760e+00,2.000000000000000000e+00
-1.026748903962868997e+00,4.879121796255292409e-02,1.715366556401844100e+00,1.382328208701738559e+00,2.575551901379684594e+00,4.526347840811679291e+00,-3.049839797544178222e-01,-2.696268821606418342e+00,2.252806268980136473e+00,-1.224834024296151291e+00,5.427191897811244559e+00,2.000000000000000000e+00
-3.112750721426456479e+00,1.632528236079976880e+00,-1.719042683331567734e+00,1.845610786176133056e+00,8.144736205748777103e-01,1.762115136736858823e+00,1.548880340678548517e+00,-3.008826773467940363e+00,1.396926985620421613e+00,1.019592929483245758e+00,-6.853870537456667300e+00,2.000000000000000000e+00
-1.320461197436771483e+00,1.132689469134536164e+00,1.099355595417748743e+00,5.649849486982836400e-01,1.944301609822164600e+00,2.505413944154101014e+00,5.293863315137903314e-01,-2.010293500257528176e+00,9.954877878736630992e-01,-1.360737702497273993e+00,9.159161815525418415e-01,2.000000000000000000e+00
-2.525485606989918974e+00,2.311498640637622337e+00,2.777539541709261872e-02,9.977035768302616736e-01,9.595256880808320510e-01,9.630271590465149245e-01,1.793046949174024629e+00,-2.431210234824275673e+00,1.540122691203582583e+00,2.512384842207032953e+00,8.509458351486834715e+00,2.000000000000000000e+00
-2.879818769594080230e+00,1.230483718367815893e+00,1.500262046999391252e+00,4.689530954507971083e-01,1.074867467154195566e+00,3.069744096953601176e+00,-4.938518257276738321e-01,-1.330647515015043414e+00,1.812325040601816983e+00,5.236806416864571156e-01,-1.231772668191475617e+01,2.000000000000000000e+00
-2.724879504222101012e+00,3.005090430861496742e+00,9.135665573802083106e-01,1.819814615155282311e+00,3.963294768077285646e-02,3.371904272248055001e+00,8.585872517479808952e-01,-2.184604472786860097e+00,1.718430072968732514e+00,3.903438122412131173e-01,-7.063230496604627540e+00,2.000000000000000000e+00
-1.549993089245977007e+00,7.900172739948054801e-01,-2.166973760959577389e-01,5.799467281210061165e-01,6.993075634838342713e-01,1.597139647605361201e+00,1.350045539134959727e-01,-1.954970695443017270e+00,3.677145684576259566e+00,4.222570835807398226e-01,-5.036374119671484628e+00,2.000000000000000000e+00
-1.482135422537643965e+00,2.253846402060434073e+00,6.679362101409201946e-01,2.383073796656578924e+00,2.755286853595299013e-01,2.982381278889199905e+00,-1.213692103910283704e+00,-1.570060349515484566e+00,2.851298180487306100e-01,-2.399821771041696472e+00,2.544225472868665072e+00,2.000000000000000000e+00
-3.470454177150112951e+00,1.656269317906904348e+00,2.283408756935287443e+00,1.896098669373680323e-02,3.080183065455024849e+00,1.657639223936102635e+00,2.446565642559765053e+00,-2.791303243502738063e+00,-8.072137472047951068e-01,-2.759118689338607155e-01,9.684747436004329302e+00,2.000000000000000000e+00
-4.565513171611490506e+00,2.347945423824365552e+00,1.625248146555208884e+00,1.788000014524437908e-01,2.104830771770771491e+00,2.701989549694603365e+00,9.016154914341806270e-01,-2.588458390825705280e+00,2.506342997982432763e+00,-6.749614848665127509e-01,-1.234221902466073217e+01,2.000000000000000000e+00
-6.747695018899466657e-01,1.011017357535729300e+00,-8.575899153242745321e-01,2.364433237159158541e+00,2.860914313848572643e-01,2.555194061597888311e+00,2.808888319126583433e-01,-1.582009227619231906e+00,-1.155593710951028363e-01,-1.509407426523583728e+00,-5.427711892277122807e+00,2.000000000000000000e+00
-3.009106575807098061e+00,1.980613999086874522e+00,-5.902311879872734757e-01,1.743144726371781861e+00,3.723661257226731358e-01,2.129023612410944288e+00,1.721693675460608253e+00,-2.712842420839535418e+00,1.664158937291404516e+00,1.278069263685945867e+00,-6.272030085578684577e+00,2.000000000000000000e+00
-2.194077304545138052e+00,9.812053196610799333e-01,3.869925780954583949e-01,1.396990370846403540e+00,1.139194605942656091e+00,2.805184727040958670e+00,3.713841185019122193e-01,-1.440225299790513169e+00,-5.921227131219553019e-01,-1.762512398414650017e+00,-1.214585750378755868e+01,2.000000000000000000e+00
-9.446907421811212568e-01,2.498535692786906459e+00,2.975016443867012916e-01,2.842856008278381807e+00,7.180168531811159660e-02,3.115639212624571108e+00,1.713120300011567787e+00,-2.283548058640210154e+00,1.631957269848202774e+00,3.069444312145278020e-01,3.902647446708138457e+00,2.000000000000000000e+00
-4.035706867399289521e+00,2.107866598944768466e+00,2.031170049427718283e+00,1.060522410185597675e+00,2.553970973450158333e+00,2.683081910897025413e+00,3.131153873191782289e+00,-2.976861319762885039e+00,3.830315042528703584e-01,3.521483673510836798e-01,6.190241675846190894e-01,2.000000000000000000e+00
-1.056385606350958017e+00,6.757330943904225062e-01,-3.945413859282576041e-02,1.008225059420940983e+00,1.768871115344407219e+00,8.452501099655207462e-01,1.278767488153108811e+00,-1.612858292610812150e+00,7.371120240362585285e-01,1.769201424776481180e-01,6.030991135971119022e+00,2.000000000000000000e+00
-2.219773353485929857e+00,1.190997794204478932e+00,2.298497484415385372e+00,-1.549267036482075977e+00,1.745132768485260222e+00,5.323319841894669224e-01,7.927437177962970427e-01,-1.644263072677994764e+00,7.985348553082515233e-01,4.117416110091601800e-01,5.788501458111131370e+00,2.000000000000000000e+00
-2.196677933301772967e+00,2.247264999907083283e+00,-7.397832587041697217e-01,1.502881058551649440e+00,2.556575265018102172e+00,1.478673376534751061e+00,2.092965292398164756e+00,-2.468186486759897935e+00,1.233840979125308657e+00,3.014921483597614998e-02,1.072452771132903271e+00,2.000000000000000000e+00
-4.886665688669243224e+00,3.419716155643214073e+00,2.381342152713170179e+00,-3.420954563692422123e-01,1.708819602599973120e+00,2.107202269808377881e+00,-8.558851952410218011e-02,-1.023281175251057107e+00,1.359396788349700236e+00,-7.230230514177993228e-02,-1.520464559306180519e+01,2.000000000000000000e+00
-2.633659493223296622e+00,1.067695919782021274e+00,4.222938210372558232e-01,1.722630653211314478e+00,6.752923423291945504e-02,3.568922692441760525e-01,6.245966383477534745e-01,-1.333358958066022115e+00,-1.441829711793605195e+00,-1.942036701078342587e+00,3.320821490002749510e+00,2.000000000000000000e+00
-2.333873975267029444e+00,1.522850043920454643e+00,1.983804295747506052e-01,6.500767218074665621e-02,1.200997054538461395e+00,3.821682033447837412e-01,3.251027364384063922e+00,-2.255751798204996383e+00,1.193635735142573928e+00,4.623664581390944384e-01,-4.648505437910992910e+00,2.000000000000000000e+00
-2.094556773914358683e+00,1.528065677804120392e+00,-3.969747180899124706e-02,1.239344207229516215e+00,2.121372550012091462e+00,9.421636279064855568e-01,1.103318791427461587e+00,-1.775791541062403445e+00,-5.842416450556615626e-01,-1.747437624152791580e+00,3.546179002021990545e+00,2.000000000000000000e+00
-2.144647982718292933e+00,3.528150324390726844e+00,2.080565593623105336e+00,2.393790088670424421e-01,3.818024863346537678e+00,1.490684196480349444e+00,3.214553089323804791e+00,-2.746856362017783493e+00,-2.566087590738259649e-01,-2.064515591673065309e+00,1.400543016376871108e+01,2.000000000000000000e+00
-2.634263750132860959e+00,1.951644303857654084e+00,4.398443684462670089e-01,1.488469112854695409e+00,1.071346305154474043e+00,2.358130047405986307e+00,1.066465647660187477e+00,-2.101635973135401070e+00,1.318033800976382786e+00,-1.536989816441538981e+00,-8.300446205809087985e+00,2.000000000000000000e+00
-2.935801017966229054e+00,3.050417627595821912e+00,2.289707764806644619e+00,3.854783998656537980e-01,1.665424337001051747e+00,3.542450048138825913e+00,-2.300043749864288500e+00,-2.629058857367747137e+00,-1.457961081645799961e-01,-2.196409600169195731e+00,1.094616423158942808e+01,2.000000000000000000e+00
-2.529746867106041464e+00,1.407844810643613664e+00,-3.445973264894797161e-01,1.372097938745225898e+00,2.445253465585488506e+00,2.256199916596504540e+00,1.510947072281450865e+00,-2.710582182821769770e+00,1.028716033124709162e+00,1.262620327688609434e+00,2.536800585365757588e+00,2.000000000000000000e+00
-2.789661724976752577e+00,1.419355991695145702e+00,-1.321052080633809966e-01,1.441729337436879144e+00,9.804199421290258343e-01,1.170630502618176250e+00,2.791302825818937627e+00,-2.737022521056982072e+00,1.894182994344616899e+00,1.160013379629134977e+00,9.647020338021619623e-02,2.000000000000000000e+00
-2.429882748622111066e+00,2.580093184835344999e+00,-1.624165775586288163e-01,3.009310484662433893e+00,1.210584074544830857e+00,2.990961171360310811e+00,1.058233771871744944e+00,-2.505782736078136619e+00,2.568034616990294339e+00,3.812167842167473730e-01,1.462685209840833611e+00,2.000000000000000000e+00
-2.242043881177144371e+00,9.320255155561002480e-01,-4.524931853614064803e-01,2.023771407321502291e+00,1.038236310612519198e-01,1.248997020588402229e+00,1.950250140617194594e+00,-2.347229679448957995e+00,2.018151445755113294e+00,1.106937199172921105e+00,2.253250052287451288e-01,2.000000000000000000e+00
-2.714021849175333845e+00,-9.197621981529464641e-01,3.044710847942665444e-01,-5.607300503844052653e-01,8.024478338403919775e-01,1.598335537472738377e+00,1.808192209699612807e-01,-1.142456535449772659e+00,2.394643454938711002e+00,2.857076056698983457e+00,-1.749156308841952168e+01,2.000000000000000000e+00
-3.603064963594833081e+00,3.864062337944830450e+00,1.957028982311008525e+00,1.066582457226919356e+00,1.972841582036596986e+00,3.619160403400352610e+00,1.214950476243507493e+00,-4.149114298688088454e+00,1.304436012220989483e+00,2.461192716924776036e-01,1.431972988969630478e+01,2.000000000000000000e+00
-2.278705681390365001e+00,8.625770725252089877e-01,4.080652255159926134e-01,1.208275497071259252e+00,-5.443981338481707066e-01,1.575559184058136220e+00,1.888911884335779501e+00,-2.861332369812323861e-01,-2.367538137210261073e-01,1.580994372358798916e+00,-1.998375334225684341e+01,2.000000000000000000e+00
-3.499220349073622227e+00,9.645186837618549003e-01,5.225731444885924892e-01,1.282236016415814417e+00,1.871687510671827148e+00,5.118405738716336195e-01,9.169627731853468022e-01,-1.078081116230960479e+00,-1.478959383561988083e+00,8.636008486959355634e-01,3.740386761403948324e+00,2.000000000000000000e+00
-2.493726724448639853e+00,2.032411761363454694e+00,-1.416755457217420577e+00,3.618813278653986387e+00,2.215718540637188205e+00,2.212078336341599449e+00,2.577360413774198111e+00,-2.375003930431844434e+00,1.620403394629862159e+00,2.104170036027603052e-01,-2.042847059634721685e+00,2.000000000000000000e+00
-1.248824584488690936e+00,8.391257431396619282e-01,1.283292224940336679e+00,-8.583928979820920624e-02,3.284006533309193898e+00,-1.224767288106818341e-01,2.347530285724579002e+00,-2.432680401369537115e+00,7.764437216000711350e-01,-5.266309147253764866e-01,2.259987914694331579e+01,2.000000000000000000e+00
-2.029420717989887990e+00,1.475677313483243935e+00,6.889284441506008383e-01,8.057503437611730490e-01,1.575185251206367765e+00,1.545005968485615444e+00,8.556196224909146109e-01,-1.330663101624202316e+00,7.285116063448113799e-01,1.226138575725389812e-02,-1.967577682465388111e+00,2.000000000000000000e+00
-2.098703523462475129e+00,1.648967691607473585e+00,1.329689756874121720e+00,2.426739290277855066e-01,2.021635612884091326e+00,3.019227869183201740e+00,1.118483307428755458e+00,-2.911077184859980793e+00,1.691356791920200608e+00,-1.053866006701534630e+00,-1.091214009335867985e+00,2.000000000000000000e+00
-1.238160675062450977e+00,2.542785493247412987e+00,-3.447865870485983253e-02,1.980462631157756004e+00,2.578032682133710729e-01,2.748332594245421756e+00,6.602477218085240906e-01,-3.178291470153945752e+00,1.150841370453815848e+00,-1.382701363251192250e-01,1.127306068774102599e+01,2.000000000000000000e+00
-1.494210648971989075e+00,5.480600598287048708e-01,4.855499616710621802e-01,5.862234837249803432e-01,5.190672933317778126e-01,9.336374479952112004e-01,-3.872274439799343604e-01,-6.061987823103596185e-01,-4.060591376881810266e-01,-2.581257506473067842e+00,-7.976766770897103953e+00,2.000000000000000000e+00
-3.508175335953653384e+00,3.025265802274372362e+00,1.397362656416879734e+00,1.449106110422590188e+00,3.171578455951149067e+00,4.108922370895665033e+00,6.167133295669914306e-01,-4.037068695900006610e+00,2.230259451078729249e+00,-1.835460448923705412e+00,6.320896639080020307e+00,2.000000000000000000e+00
-5.672137352926618803e+00,1.789687461012042347e+00,1.023945047892141025e+00,1.824519204370449010e+00,2.060292924870456233e+00,9.429511969324817500e-01,1.118464350819226683e+00,-1.952741555565720377e+00,-7.204749707287718685e-01,-4.390889402290608645e-01,-6.163669439031179698e-01,2.000000000000000000e+00
-5.882159268304765209e-01,1.323263885985742405e+00,9.419496538804522645e-02,1.626412053999388485e+00,3.763143383590561442e-01,8.290724967672589152e-01,2.351784460023624845e+00,-1.769222629830621285e+00,2.808783185506489311e-01,-6.986184293011490354e-01,6.276654945085579307e+00,2.000000000000000000e+00
-4.550993623322636239e+00,1.118180932728609855e+00,1.575427875704082936e+00,1.207720473285691209e+00,2.582835714935489690e+00,9.030741441884970744e-01,1.680142296145180847e+00,-1.871002913795051459e+00,9.769344299268450937e-01,3.842079760243948261e-01,3.238898832518184889e+00,2.000000000000000000e+00
-8.955939252652493909e-01,1.133439099523556592e+00,-8.703152430440337373e-01,1.391766158519690544e+00,-1.055124272311664724e+00,-3.365435792678757032e-01,1.785186757291286508e+00,-9.770495271201795617e-02,5.603003753886759419e-01,2.172518115084104640e+00,-6.475382025589723867e+00,2.000000000000000000e+00
-4.608531397894339854e+00,2.589673497147022996e+00,7.904423761053580577e-01,2.036177240322583071e-01,2.483555521400403254e+00,6.931870002255022811e-01,2.209791702228451449e+00,-2.470286309898146460e+00,1.489835295781284152e+00,1.459457619224418856e+00,-3.590315505149762609e-01,2.000000000000000000e+00
-2.947452913158974397e+00,2.755350164796618095e+00,4.457163594445373023e-01,1.513660968221800962e+00,7.873707637268312354e-01,2.107089076440286757e+00,2.104580468522718739e+00,-1.758474149709403855e+00,-2.487858742021122893e-01,5.330431165005209415e-01,-8.058796677931930219e+00,2.000000000000000000e+00
-2.730207617918566587e+00,2.694455127476141243e+00,7.916028760952871224e-01,1.191211732015285962e+00,2.657107469802674871e+00,2.894060666469120857e+00,1.095199692608215258e-01,-3.095336197518161470e+00,1.831722907174926362e+00,1.683157112254297649e+00,1.522231971701208408e+01,2.000000000000000000e+00
-4.689249551597264087e+00,3.476194930429257646e+00,1.786668558234824511e+00,7.784081012050734216e-01,3.023869446223135249e+00,2.287161770613960421e+00,1.518675834136455460e+00,-2.361974887483992092e+00,1.111614971678910102e+00,1.425544898352868017e+00,1.680217117821725337e+00,2.000000000000000000e+00
-3.062963630719735431e+00,2.403098093380805267e+00,4.197013201842447194e-01,9.093881099725037442e-01,1.282387607043174560e+00,2.432398573406044928e+00,5.143614060324878112e-01,-3.134214543544536546e+00,1.716919577557374010e+00,-5.857300699818324130e-01,6.318103766124627541e-01,2.000000000000000000e+00
-1.172068359112346858e+00,1.797790313635278858e+00,6.162145796126775599e-01,1.187985730062370182e+00,1.966915177542490678e+00,3.390943321037448221e+00,4.474587344408545997e-01,-2.615775464650888171e+00,3.333561148047306855e+00,-1.496547562142443999e+00,-1.360878083510602909e+00,2.000000000000000000e+00
-2.555277508143289911e+00,3.297760402728692419e+00,1.445029937282717558e+00,2.174768669468569726e-01,9.387958343658772131e-01,9.198065227574274694e-01,2.239380878152097409e+00,-1.610581811780216421e+00,1.926233120961684531e-01,8.172514516793631945e-01,2.218554667654240919e+00,2.000000000000000000e+00
-2.508651941814397546e+00,3.294410464248962889e+00,-1.430079852951685604e-01,1.506609203779236683e+00,2.684421512196903947e-01,1.686686963798174732e+00,2.827229213412827402e+00,-1.881144155606065294e+00,1.392661398109970472e+00,1.537736049022312423e+00,-8.917578940595909387e+00,2.000000000000000000e+00
-2.449464213665268453e+00,2.053456213726049917e+00,1.531040551288662677e+00,6.281058281223772521e-01,5.953594340301520127e-01,2.500199723863286483e+00,1.223737267556442632e+00,-2.035049730243737365e+00,-3.119595091799398645e-01,-1.904830754013568939e+00,-7.107048370052620356e+00,2.000000000000000000e+00
-4.382539345887309423e+00,2.561628550641785740e+00,-5.121052886314003683e-01,2.294595443608060670e+00,2.691426076577895898e+00,4.040287421230694065e+00,2.263562800077607573e+00,-3.272862160285838762e+00,2.224350953118467089e+00,-6.121650474140610809e-01,-2.011142293851791152e+01,2.000000000000000000e+00
-9.870458719673784742e-01,1.990145986818486756e+00,4.171911327913830903e-01,1.638859933838099803e+00,-4.905507886703253106e-01,1.500008963274621188e+00,-6.900862929137279167e-01,-1.930082470272711515e+00,1.071459363954603283e+00,-6.874893006034314968e-01,1.323885061261668561e+01,2.000000000000000000e+00
-3.165392496993048255e+00,3.415636205919580171e+00,5.999694376782706007e-01,1.611747125103093259e+00,6.534464481011398318e-01,3.097717079663385942e+00,2.292826345677382527e+00,-2.762803555536157418e+00,3.191978838736921897e+00,2.704826421202126241e+00,-5.818811950513399722e+00,2.000000000000000000e+00
-2.992023954638615812e+00,1.769446930328790524e+00,-4.824616949128313070e-01,2.406853163836815135e-01,2.276199805348733562e+00,-3.624181684671246018e-02,1.284955215962735320e+00,-1.783043921480124361e+00,2.149937241377892327e+00,2.302761761831034537e+00,2.148840513607298774e+00,2.000000000000000000e+00
-5.024602048279491306e+00,2.500237641100036878e+00,-2.950561285882652429e-01,2.600383371726161297e+00,1.927009591041366043e+00,3.977317530756412367e+00,1.103972212363698580e+00,-3.995216779445161404e+00,2.861021567513425179e+00,1.199608982719444050e+00,-5.461479048703628436e+00,2.000000000000000000e+00
-2.426397101510891829e+00,1.271669451817841523e+00,1.374361748234813163e+00,3.589591433519601082e-01,1.647603102263732300e+00,-2.261527272975789593e-01,3.281940228370404000e+00,-7.702535426897241244e-01,-8.045100138996565953e-01,1.850876001896447853e+00,3.436385149852119181e+00,2.000000000000000000e+00
-3.306177464511469211e+00,1.141316362234403137e+00,1.047546090354680048e+00,-3.075581052730471665e-01,1.936414201815037428e+00,1.716555088355709024e-01,2.560715869336879003e+00,-2.251988240157591914e+00,1.056545863829676968e+00,1.463456519484653606e+00,3.301144535806631364e+00,2.000000000000000000e+00
-1.857336787543629075e+00,2.701290907565661037e+00,1.610304566409765714e+00,1.366189263659849162e+00,2.098241017674000286e+00,3.520080473428714996e+00,1.452432253204573254e+00,-2.396477958124401564e+00,6.803681775695882283e-01,-1.325362137088423209e+00,1.212372504760711234e+00,2.000000000000000000e+00
-2.562023301673249875e+00,1.807527900039322732e+00,3.456490779289797532e-01,2.238579096362009579e+00,1.796452005369400418e+00,3.774588911883122400e+00,8.731908596896748032e-01,-3.040767600373074586e+00,-2.254095317856854575e-01,-2.766768868541719106e-01,3.231755499608047977e+00,2.000000000000000000e+00
-4.185996218614901565e+00,1.799831820750927180e+00,8.525921426397620184e-01,2.108134967959955475e+00,1.017031331396085259e+00,1.213425017004079232e+00,6.669946709498120185e-01,-1.262931065959874033e+00,1.354538454289713867e+00,1.845231708533288995e+00,9.446949489280214163e-01,2.000000000000000000e+00
-1.180545712488606735e+00,1.244677146568681003e+00,1.518059964228340997e+00,4.305323763504151913e-01,2.178377308449213956e+00,7.026079343950555334e-01,1.610709232752838949e+00,-9.082937918916240694e-01,-9.002237254084954898e-02,-5.413843277413077359e-02,8.206451944769669993e+00,2.000000000000000000e+00
-2.030748320037611965e+00,1.899049187792259064e+00,-2.324730646466737216e-01,1.736141472736765001e+00,6.695035063622952753e-01,1.253878249573262327e+00,6.696127630172510337e-01,-2.259751587363280745e+00,1.569383956245941292e+00,4.153373243134690918e-01,7.466486719379543224e+00,2.000000000000000000e+00
-3.278000080938980432e+00,7.524944019525986461e-01,-6.333938872799098618e-01,1.355170886783093165e+00,2.487594310551686672e+00,-5.240574610870796235e-01,3.538780328263587016e+00,-3.379567016969021509e+00,2.009334779383170400e+00,5.812951619349292498e-01,1.262433889416078081e+01,2.000000000000000000e+00
-3.247718875678153871e+00,1.992812159282028706e+00,-5.764284560978241156e-01,3.331288281411838526e+00,2.347537588757775850e+00,4.891899135403050991e+00,9.927779606112614452e-01,-4.245427500073843063e+00,1.545947129289079847e+00,-2.164804743814198407e+00,-3.399574487024809688e+00,2.000000000000000000e+00
-3.082522613016866586e+00,1.860286036605950377e+00,1.872278977452865423e+00,-8.550923051704897304e-01,1.511498967637813440e+00,1.795891727338455590e+00,-6.722253102021213955e-01,-1.850611131997707881e+00,5.891662758948920109e-01,-1.575745082945459452e-01,-1.596911392061108048e-01,2.000000000000000000e+00
-3.121777965654125353e+00,1.552224235348099057e+00,9.472961942126205681e-01,1.212600649139565778e-01,1.240846792912577268e+00,8.065193221981381555e-01,2.041281874143167752e+00,-1.297765953253715798e+00,7.685298184057485216e-01,-1.637552522912611719e-01,-1.139784759931741043e+01,2.000000000000000000e+00
-2.725485259422427919e+00,1.288803616050206546e+00,1.862529083464955493e-01,2.572009382398046107e+00,2.991256901704920423e+00,3.269033034871660526e+00,1.581088223546193605e+00,-3.288554677056647613e+00,1.229222791090769373e-01,-2.966911472871908817e+00,2.461633383125975794e+00,2.000000000000000000e+00
-2.698148197616664135e+00,2.422410508376082738e+00,1.436184216858950258e+00,1.127139507872373381e+00,1.593894859074923787e+00,3.273673534353924275e+00,5.873906815722720332e-01,-2.911156486231085694e+00,6.624114032054497780e-01,2.189289481745297916e-01,6.939892765449795498e+00,2.000000000000000000e+00
-2.656766043234880748e+00,2.222445031191851772e+00,-5.444299965987574597e-01,2.632443805760721567e+00,9.475618173150456292e-01,1.884601213904883998e-01,2.386176728826127302e+00,-2.373606520201607673e+00,5.040143886870991352e-01,1.285320006353927402e+00,1.575845563367532343e+01,2.000000000000000000e+00
-1.990952799624270630e+00,4.204354796995261268e+00,1.963757079565238151e+00,1.218702095350296943e+00,1.505059459890199181e+00,4.029488929807368613e+00,7.468287076746940034e-01,-3.143631705837243828e+00,8.531932032083344719e-02,-8.633052254938997638e-01,1.067531738529484819e+01,2.000000000000000000e+00
-2.739318637032436055e+00,2.215351478738139424e+00,1.869696248657712001e+00,-1.938058084715958973e-01,2.943930910377206445e+00,2.379917695168343617e+00,-1.522170920136700634e-01,-2.276037845990954711e+00,9.360503719837858227e-01,5.387237316253010722e-01,9.840586475623219087e+00,2.000000000000000000e+00
-3.791099028870350551e-01,2.575117196492032523e+00,4.767679710428114337e-01,1.902901241620935879e+00,1.277156937214785071e-01,4.799373773241532248e+00,-1.162008844210483227e+00,-3.295691846969695860e+00,1.059333704053621039e+00,-7.747165423467091694e-01,1.034125700379630075e+01,2.000000000000000000e+00
-2.585564609610185638e+00,5.199723624073140371e-01,4.338035766955795069e-01,4.105335931152698237e-02,2.174074991793398137e+00,7.140731210029429565e-01,3.630659134368586116e+00,-2.888169983446720490e+00,-1.007888854830902847e+00,-1.304441602209162679e-02,1.960573278714141665e+00,2.000000000000000000e+00
-1.212414975374028536e+00,6.468267176555444475e-01,1.319251407252904351e-01,1.215672552296712228e+00,1.504754696769703415e-01,1.828881832763909143e+00,5.505428472697466713e-01,-1.043421671288304653e+00,1.843059587709806824e+00,-1.470432866502132674e-01,-9.902421641559103094e+00,2.000000000000000000e+00
-3.541644780459897390e+00,2.621265231220671232e+00,-4.134292964268855286e-01,1.935425485622392472e+00,3.297326605907335839e-02,2.598720108780281812e+00,2.696280866590051950e+00,-3.480797550178746036e+00,2.747395982217404775e+00,4.252792929502115626e+00,-6.742046776994485846e-01,2.000000000000000000e+00
6.286303064831777476e-02,2.175015491250007482e-01,-7.267781050656740849e-01,1.072410974961973462e+00,1.241606159859975911e-02,3.175042524463322025e+00,6.180668200486805208e-01,-1.180650611719017418e+00,3.017676579048325536e+00,3.850890712673838312e+00,-1.230496178235655691e+01,2.000000000000000000e+00
-1.650242625612364122e+00,2.443495022187235577e+00,1.329249270496066337e+00,1.660921455601251928e-01,2.252977419915582757e+00,1.296012729282789877e+00,7.344016396202914798e-01,-1.765608595197325714e+00,2.150184265856307952e+00,1.013236535964502361e+00,1.111997339721810363e+01,2.000000000000000000e+00
-1.901369346241784442e+00,2.236556929986324604e+00,9.169858904467869110e-01,1.593029677157197899e+00,1.282475961383474194e+00,1.760348651553804711e+00,2.014560823057291117e+00,-3.022741838984130069e+00,1.800787254071418930e+00,8.221436484109319043e-01,1.728469656894933948e+01,2.000000000000000000e+00
-4.814138566279947185e+00,1.874440867205994010e+00,-4.010584988493276493e-01,1.698049502672738686e+00,1.141943934032162655e+00,3.283801930656912837e+00,-1.140610868844806891e-01,-2.944379133597538445e+00,3.301974693901256197e-01,4.286349548195528270e-01,-1.207111626929760106e+01,2.000000000000000000e+00
-2.831211065593093323e+00,1.980028384696401522e+00,8.122918251033601766e-01,2.913946346063792880e+00,2.540345594167849885e+00,2.316485686539567990e+00,1.044747411168809093e+00,-2.418138023843826367e+00,-2.014764279292924343e-02,2.259594828566187652e-01,1.830246992904995906e+01,2.000000000000000000e+00
-3.689659236027122091e+00,1.061897738939888924e+00,-7.786978987437422894e-01,2.818218733997703396e+00,9.480005967209176321e-01,6.096878261930356313e-01,5.833839737651731916e+00,-4.466885942565802736e+00,-8.945759455660340365e-03,2.048505236430841148e+00,1.329295452243839826e+01,2.000000000000000000e+00
-4.679673651657108024e-01,-1.027653378117638905e-01,-1.040794730307285976e+00,7.151683882367542155e-01,1.489587143606896369e-02,-2.341509977866693681e-01,1.443401332301758933e+00,-1.035850697265577436e+00,1.173482639911400671e+00,1.447459582057736505e+00,-6.456591841009529098e-01,2.000000000000000000e+00
-1.088320015832004106e+00,2.996615845713570536e+00,7.195812073586020929e-01,2.095449011942275508e+00,-2.817433174257311101e-02,3.990903135611307384e+00,4.476520797558652953e-01,-1.826808765903576770e+00,1.466622029133281435e+00,4.924099980092670054e-02,-5.132040912528569976e+00,2.000000000000000000e+00
-3.890592875783252858e+00,2.633315159399602923e+00,1.436762536792968614e+00,7.567935253138875495e-01,1.409816815917541932e+00,3.694364189738389648e+00,1.736412864703043901e+00,-3.402556013379151700e+00,3.307885216380526128e-01,6.836233858612121850e-01,-4.069784750947651908e+00,2.000000000000000000e+00
-2.854766651698583679e+00,2.017590677984797853e+00,-1.982670170725619130e+00,3.998091651653886913e+00,1.115935210164538116e+00,4.446170734231535526e+00,1.116901178137178263e+00,-5.276127141412672472e+00,2.770285102105952912e+00,7.013936624945247278e-01,8.763355211945354384e+00,2.000000000000000000e+00
-2.992007456353425798e+00,1.903533250967934576e+00,9.135815427423854551e-01,2.640637204372513036e+00,9.848157400527535188e-01,2.821367594848399385e+00,6.163171799506735882e-01,-2.401187066155211269e+00,1.272981338672820817e+00,1.858945938263120157e+00,1.071885868013639076e+01,2.000000000000000000e+00
-6.082946123042583864e+00,2.286189394407545539e+00,-4.903904716970275413e-02,2.546517958881878929e+00,8.798594956314840232e-01,3.878513490661287921e+00,1.317123020664479061e+00,-2.947290565264529594e+00,7.663371265961730350e-01,6.814004250858451961e-01,-2.237177624802166775e+01,2.000000000000000000e+00
-1.991107851656723327e+00,1.649722017391293427e+00,8.110678819638659220e-01,1.538871287087546502e-01,1.891778341946758868e+00,2.822443630692935912e+00,-1.496010201607367307e-01,-2.643635520328135868e+00,-6.712947242816325044e-01,-7.747074407261573814e-01,3.993499711560947851e+00,2.000000000000000000e+00
2.608611257121635774e-01,4.420469128419044491e-01,4.343458952031741815e-01,1.711690765666760150e+00,2.585362883298365499e-01,1.590840444752115612e+00,6.984134246683630920e-01,-1.482584463870785241e+00,2.598337757514591617e-01,-4.593500062404864415e-01,1.109597341578416696e+01,2.000000000000000000e+00
4.252998936241381145e-01,3.763894898729278626e-01,8.518864944805786266e-01,9.081852671172315761e-01,-6.206390584127270404e-01,1.744210565384845424e+00,-2.277020599659537403e+00,-1.085188276400088858e+00,-6.259101750857516411e-01,-2.272931996965692036e+00,1.202551745112840997e+01,2.000000000000000000e+00
-3.364999118435410441e+00,2.096344052693869031e+00,1.184211623642816180e+00,2.466554116386593165e+00,4.950629358207392361e-01,3.619026629007720430e+00,2.653565823566678361e+00,-3.304511319765581767e+00,2.013645351232448366e+00,2.183760395970335555e+00,1.366404392891722885e+00,2.000000000000000000e+00
-1.105514158522858503e+00,-2.261262940278101485e-01,-3.517704676757255067e-01,2.258907419511526626e+00,9.919936404882379044e-01,2.253792146167584054e+00,2.276192125793802035e+00,-2.209414353822543475e+00,-3.302341609650623067e-01,-3.368036647629040620e-02,-6.922273673801063176e-02,2.000000000000000000e+00
-6.465081375183805434e-01,1.602335643396270326e+00,1.991053054082256024e-01,1.221862717443105817e+00,7.548013224777756491e-01,3.402024646504693717e+00,7.819902125257275349e-01,-2.456624756080348693e+00,1.405341952133521977e-01,-2.035712097364343443e+00,-4.968228402662611565e+00,2.000000000000000000e+00
-2.591855733118042071e+00,1.287340705314973910e+00,9.075913345978547930e-01,1.777968886911834634e+00,2.100556795055172010e+00,3.689207757777294816e+00,1.519071386180842698e+00,-2.257256012633964914e+00,3.964838557345318204e-01,-1.301077988263940943e+00,-9.706071671590143168e+00,2.000000000000000000e+00
-1.576281807354255715e+00,1.389545711205648626e+00,1.122681919220195890e-01,2.182437133557240116e+00,1.225004641615037304e-01,2.331038967261909622e+00,1.677369739464334764e+00,-8.317707785862298309e-01,7.670226738588112880e-01,1.332943032396778804e+00,-1.069120427986874944e+01,2.000000000000000000e+00
-2.532020090711663673e+00,1.477158616035085803e+00,1.612841161469842910e-01,5.357652828646071175e-01,-3.100394518030347157e-01,9.282129848430562546e-01,1.349064355518309277e+00,-1.761616610757474222e+00,7.513921314076967839e-01,-6.158091668273391051e-02,-9.202688793685851465e+00,2.000000000000000000e+00
-2.957453226814772407e+00,2.647659718979843646e+00,1.113204667091201583e-01,3.703200854618362126e+00,1.382217104357556181e+00,3.446718470339301010e+00,1.496712131026548320e+00,-3.351799302867734642e+00,6.045754257821307487e-01,-4.125070711813738633e-01,9.814258030419241052e+00,2.000000000000000000e+00
-2.688251214869141759e+00,8.223630992764545677e-01,-1.203791063082931823e-01,3.334865491896755962e+00,1.932308269978637583e+00,3.065097522628701832e+00,2.023592936183438162e+00,-4.308649418499300943e+00,9.419590169790654777e-01,-1.158251880258094113e+00,1.516915367464921793e+01,2.000000000000000000e+00
-3.878816551590937856e+00,2.005239260096948417e+00,8.492938090819257546e-01,6.353730048926281571e-01,1.586945221948030893e+00,2.647135868165600314e+00,1.809002913257037992e+00,-3.208039802352530057e+00,1.287883326215409241e+00,1.025846717277522080e+00,-3.632838855250295929e+00,2.000000000000000000e+00
-2.289624776584317623e+00,1.651370510341820808e+00,-2.760946433526946242e-01,3.539906879602108702e+00,1.130499398192784666e+00,3.348964599962445998e+00,5.820485618294777286e-01,-2.577066332992221209e+00,-9.867653535645741769e-01,-1.031901291838650980e+00,5.736644377269572992e+00,2.000000000000000000e+00
-2.336044436711729677e+00,1.589867943199801958e+00,1.144881857702319206e+00,6.980486021718377287e-01,-5.432427031916731153e-02,9.094508865362711525e-01,8.899142271803540671e-01,-1.097154592917560123e+00,-1.141105251448379487e+00,-8.155048823325840024e-01,-2.135347822683820507e+00,2.000000000000000000e+00
