x1,x2,x3,x4,x5,x6,x7,x8,x9,x10,y,mode
-2.522966799642121227e-01,5.775999824158339901e-01,-5.939752634736647496e-02,6.541687413974289766e-01,1.815614611049317206e+00,-3.627534709579466332e-01,-3.101322254415916913e-01,5.528511205220937308e-01,2.306845101351135130e-01,1.295059716435960517e+00,1.098568929959498508e+00,1.000000000000000000e+00
-6.761652611430100102e-01,-1.717401592426817114e-01,7.949419848936991606e-01,1.096086801166663571e+00,-1.335530605563233664e+00,-7.354296965408019249e-01,-9.236044575504138709e-01,1.725287425690079646e+00,-3.103006280337078926e-01,-1.915938675650213086e-01,1.646861310332125017e-01,1.000000000000000000e+00
1.316966857036210969e+00,6.494970280674758900e-01,-8.480040815230123485e-02,-1.478425858057452469e-01,-3.438530058592366156e-01,1.617235118700172114e+00,8.194754464257207882e-01,3.491461079495648545e-01,3.331351640523413371e-01,5.705098288771836001e-01,-3.286580357744913194e-01,1.000000000000000000e+00
-2.615248348672575829e-01,-9.178008411409973588e-01,-9.152213382582964629e-02,-5.812639072381041716e-01,1.407735834526208984e+00,8.299032295594217512e-01,-2.527861825130413992e-02,-6.553512857670384939e-01,-5.122817830772696812e-01,-1.032371052506408704e+00,-1.029155731566736787e+00,1.000000000000000000e+00
-5.325383256357795608e-02,5.032310047176005163e-01,-1.251119854466947290e+00,2.142220302946458432e-01,-2.019311019810661190e+00,-2.166889177276305034e+00,1.298625149130856749e-01,6.117093813034440997e-01,1.560479617902371385e-01,-2.134417520684129599e+00,-9.144790112150087413e-01,1.000000000000000000e+00
-9.501428396203468463e-01,-5.392175127747926844e-01,4.492838695125921100e-02,2.964411964857648352e-01,-6.703469193853925367e-02,-1.352204640510455413e-01,-9.899242698164546495e-01,-4.059018769098117763e-01,-1.134621929289924447e+00,-4.410615466836111387e-01,-1.059184520333677909e-01,1.000000000000000000e+00
-9.092934397831679491e-03,-8.575343529706995760e-01,2.184766388151131444e-01,-9.086440801756617835e-01,1.165206009667463016e+00,3.843504903002679662e-01,-1.527251691468133887e-01,2.798496653901373366e-01,-1.957810746128850476e-01,1.642138699556948689e+00,7.379703074245349548e-01,1.000000000000000000e+00
-1.275419205616523444e+00,2.679618757951204855e-01,-2.275663651166679902e+00,3.941695087621645555e-01,-2.072048982007149931e+00,4.350827272614217200e-01,7.348037058221249529e-01,-5.997636443074756407e-01,-3.664068752877747137e-01,1.106448961130431785e+00,1.010440760411680960e+00,1.000000000000000000e+00
1.308428878695166331e+00,1.275019985903233621e+00,2.094277285294548763e-01,4.087536868898784120e-02,-1.979675825484748242e-01,-7.708745817404690781e-01,-1.014332533838648853e+00,5.574965560372174833e-01,1.858990288575525784e-01,8.228495484419156014e-01,2.339377441890435894e-01,1.000000000000000000e+00
-7.269309006895691150e-01,-1.073678150429808076e+00,1.092022024416442694e+00,-2.299133603534695147e-01,1.316112709482033072e+00,2.811617727031972547e-01,5.295289834499256054e-01,1.227206559839646438e-01,-5.244065641721158411e-01,-1.627706845857098683e-01,2.895594192848561788e-01,1.000000000000000000e+00
-4.547065906399123114e-01,-2.486517267556740962e-01,-1.439911218804575954e+00,-1.059974932388156432e+00,1.869498386808902124e+00,-5.334488374384745990e-01,9.560313923519233592e-01,-5.352347932138259434e-01,1.134848201566454495e+00,1.462272717666961874e+00,1.048823401423556900e+00,1.000000000000000000e+00
-2.737221118742427239e-01,-5.173017668579606987e-01,-1.808797398464203177e+00,3.955578330584727520e-01,-7.261130040836370758e-02,6.464058249621694799e-03,7.538247322030687814e-01,-3.883055910548402490e-01,-7.805461551160879363e-01,8.998184717278513711e-02,3.549858370611447822e-01,1.000000000000000000e+00
-1.250295875200519324e+00,-1.044587521193088175e+00,1.095097327875686366e+00,-6.390410787809467363e-01,5.311288292538159928e-01,1.348378950864985437e-01,1.392891588968744043e-01,1.839819896802072086e-01,5.245031322992034228e-01,-3.000523430211275017e-02,9.649367950450343789e-02,1.000000000000000000e+00
-2.117696166176668282e-01,2.965195930699550050e-02,1.150348275284378330e+00,7.666303163957215450e-01,6.604615578415247157e-01,-2.743315365342737233e-01,1.359107881750386548e+00,-7.048419245863359883e-01,1.124708770975506811e+00,2.915910929391965500e-01,1.176899790371203292e+00,1.000000000000000000e+00
5.407658165484248158e-01,6.931796701115398029e-01,9.551928261884364835e-01,1.140779513692250058e+00,-3.735695451017632673e-01,1.695988374435103196e+00,1.560326387694034533e+00,-3.963974278613378033e-01,5.890398187292270604e-01,-3.087787481048708815e-01,3.659102593794966857e-02,1.000000000000000000e+00
1.992076421820601517e+00,1.339544762313223281e+00,-7.593985976906519886e-01,-1.362141312915676750e+00,7.507502664869295517e-01,-8.053821797496886203e-01,2.906596223248960609e-01,-8.259333122184152609e-01,-1.475386925364704949e+00,1.939466961463743644e+00,1.345737915610763613e+00,1.000000000000000000e+00
2.340491580947690886e-01,6.698249276101160554e-02,-1.955752131664586224e-01,3.745021552376400636e-02,-9.909567836579554756e-01,-1.475361280984563539e+00,5.634284555252505600e-02,6.688304054649605312e-01,-1.480827493773129389e+00,-7.274354003469158947e-01,1.520316919425887259e-01,1.000000000000000000e+00
-1.140350410517112778e-01,3.535205596143771167e-01,-9.688821108573144603e-01,-7.536826965389089583e-01,-1.235994740946104731e+00,-9.698842988959576195e-01,-3.429868656510821623e-01,4.460880492564285316e-01,2.047872701956380548e-01,-4.992804273032889206e-01,-5.568996852925608421e-01,1.000000000000000000e+00
2.150710071591047878e+00,-1.047471813479506242e+00,1.147597830156624754e+00,2.168839279705036538e-01,-1.654803224707524986e-02,-1.171377624752503177e+00,7.002712566878007694e-01,-7.471789806921813604e-01,3.074862878149519085e-01,-8.504589469279776048e-02,4.667493302767053986e-01,1.000000000000000000e+00
-3.629361192202701925e-01,9.653127371974490334e-01,-8.674893449002411133e-03,-2.112490071604017139e+00,-8.571128633233301430e-01,-1.934260118223114278e+00,3.165543068979315589e+00,-1.536903098754955344e-01,1.320641471511791343e+00,5.388911292652590057e-02,1.272289870315158167e+00,1.000000000000000000e+00
-1.320070515954269164e+00,-8.184204421992699041e-01,8.941959124185026031e-01,-2.229055430672684766e-03,2.714529008814054456e-01,9.133771077593492993e-02,-3.647382598863771475e-01,-7.259270236541226495e-01,4.207124703400181853e-01,-6.008896607224761821e-01,-1.714698777479332359e-01,1.000000000000000000e+00
-1.179319136477690266e+00,3.953874945414381781e-01,-8.191967266409511117e-01,8.386356657528861724e-01,-1.375450151706379520e+00,-2.367161503897440844e-01,-2.265092006692339677e-01,1.192629139412653583e+00,1.504228103702014652e+00,-1.202588387576703166e+00,-9.646038304728005164e-01,1.000000000000000000e+00
-5.505654943791480349e-01,6.388483383912576530e-01,3.428362440408521672e-01,-2.528861027319760257e+00,2.721979556062344985e-01,4.780566302425718478e-02,-2.835657917868349975e-01,4.811365638898685848e-01,-4.255592761639339638e-01,-9.793958748721938445e-02,-6.617719987371969426e-01,1.000000000000000000e+00
1.242160485153211535e+00,3.510014126863311157e-01,2.068194611470524358e-01,1.699300806788152984e+00,-5.685520455491113179e-01,-2.244614334868344774e-01,2.154654893712819597e+00,-1.043335328282669172e+00,1.189650087516712640e+00,-3.274135746682185211e-01,8.263797624364548344e-01,1.000000000000000000e+00
6.786270611751271664e-01,1.405324572538556305e-01,3.320097298675306341e-01,-1.162180796345426703e-01,-2.123800864262402888e-01,1.919045830529675645e-01,-1.521381674109981263e+00,-3.820816385757384581e-01,-4.843936348681446291e-02,2.885383331034595544e-01,-4.692439867566839395e-01,1.000000000000000000e+00
-7.366184878567121341e-01,1.322308378287817332e+00,4.818610193119129415e-01,1.457965902364154187e-01,-2.457392591855705744e-01,-9.469655694299383697e-01,-1.715022845131224938e-01,-6.357815991612834061e-01,-3.113071948121944876e-01,-3.574617769217437041e-02,7.595201295658918772e-01,1.000000000000000000e+00
-2.873031426933322918e-01,9.914187914284752767e-02,-1.608631275728856558e+00,-4.673782010808074650e-01,-1.087044997825868942e+00,7.195819836790963153e-01,8.238326852330249972e-01,-5.588198890753111048e-01,1.096519541556060462e+00,3.488827429552433523e-01,-1.935883106062893377e-01,1.000000000000000000e+00
-7.003421008954094917e-01,1.497258149478327693e-01,-8.529389915341636930e-02,-1.069058340004875873e+00,5.824928315756637831e-01,2.089301693746159927e+00,2.679643172082936675e-01,1.055935211410586327e-01,-1.321413041826375201e+00,-3.187690273110933559e-01,-8.635861429418578705e-01,1.000000000000000000e+00
-1.400857160657074330e+00,-9.601409718271544103e-01,1.022390107201471832e+00,-1.047706917313075081e+00,1.446993457202043531e+00,1.731400391187861709e+00,-5.018472135838414339e-01,-5.855280604699482083e-01,1.598952189755922682e+00,2.320175823274465629e-02,-8.720666169222288655e-01,1.000000000000000000e+00
-6.910397563355545891e-01,-1.134975081359939963e+00,-1.138605831660841755e-01,1.213836540170046829e+00,1.297697177804959523e+00,-7.261365132182916460e-01,6.816097829149793119e-01,4.441252327007344514e-01,3.467632768306624924e-01,2.671119830724236199e-01,1.008643554862318492e+00,1.000000000000000000e+00
1.853744576703090230e-01,2.748675058313188591e-01,-2.434532647550649298e-01,-3.106724116967801361e-02,2.691318471519720812e-01,4.427748177374877386e-02,-5.302054478348582345e-01,-1.461440396154686239e+00,4.806596126199875751e-01,-1.688296585968651620e-01,-2.780734534620358800e-01,1.000000000000000000e+00
-1.877500911361716485e+00,2.633463152246752759e-01,-2.183259055477678956e+00,-1.873044421621145261e+00,9.208546718629233574e-01,6.126388936960165399e-01,-1.627865560302445835e-01,1.102680222270595145e+00,-9.309478906955427346e-01,4.850200399699480247e-01,-4.186648535394173476e-01,1.000000000000000000e+00
6.438317360943451861e-01,1.925756127960098762e+00,4.303290044292696903e-01,-4.474497093157162042e-01,-1.354805024144855263e+00,2.177342382026075177e-02,2.930114144371016027e-01,9.842844751618377019e-01,2.444173791109926774e-01,1.215924539750625977e+00,6.780549018298116515e-01,1.000000000000000000e+00
1.159684498296547517e+00,9.533580774529134549e-01,1.312534566492609356e+00,-7.021021502204942422e-02,6.882179585536872812e-01,2.158549027822065647e-01,5.962868801047235268e-01,3.528391761230762480e-01,-9.412821208145799590e-01,1.486930487748040708e+00,1.337414107771878191e+00,1.000000000000000000e+00
8.147535590754499957e-01,-1.044382701488095894e-01,3.388568808640572971e-01,1.100893759054990539e+00,-1.960900137304175894e+00,-7.727428949743602171e-01,-1.298191001935884992e-01,-2.142282333578135467e-01,-2.023894046904921029e-01,-1.117220064266900348e+00,-3.235676978342007515e-01,1.000000000000000000e+00
1.809688249136091331e-01,-9.816769064912955756e-01,-9.438442871585537297e-01,5.837684265258350491e-01,5.476660865835897285e-01,-1.785458265559592528e+00,-1.592763508637533798e+00,-5.121874965567734250e-01,1.284352253515026243e+00,9.090242866592644633e-02,-6.429923624482930533e-02,1.000000000000000000e+00
-3.683517507238081024e-01,-9.326353439169802195e-01,2.424244715474469736e+00,-2.711523066005409877e-02,2.143557105422344566e+00,-1.557480968475289940e-01,-3.854268275220921747e-01,1.282867475941478652e+00,-5.581409436284685138e-02,-8.817132002716723260e-01,-4.164171373479476079e-01,1.000000000000000000e+00
-1.406031888489260195e+00,8.526082429677692698e-01,1.887475211265974284e-01,-1.107316200100033177e+00,-4.830563455526779570e-01,-4.187595451678378655e-01,-3.011353248002084371e-01,2.610237144500425210e-01,-9.535516740846720074e-01,-1.556182864337463667e-01,1.315621338265366147e-01,1.000000000000000000e+00
-1.161975994696106573e+00,-1.101930661818653956e+00,-2.701661376647993551e-01,5.551811690505948915e-01,-1.666349411051671670e+00,-1.264070754777655847e-01,4.182854010489486796e-01,6.981304264114607250e-01,6.407050158262792561e-01,1.754277751657890572e-01,3.890049370879667956e-01,1.000000000000000000e+00
1.578858673425730830e+00,-5.617545361873482745e-01,5.934907141866808677e-01,-1.199728119932839780e-02,-9.056683528926049442e-01,6.821004405272920179e-01,4.520948006373181616e-01,-5.219595095618161373e-01,4.086517587948362840e-02,9.422041176418226582e-01,3.845985249931522243e-01,1.000000000000000000e+00
-1.581787958457898935e-01,5.665988809362746542e-02,9.430711931051570796e-01,-7.965713444543154331e-01,4.790894959831861616e-02,-1.515832907425344933e+00,-9.442527334159724894e-01,6.628848022351322422e-01,-1.582690628732903670e+00,-4.503798182711741815e-01,8.694424226434240011e-02,1.000000000000000000e+00
1.152713740297377276e+00,-1.199293896328623044e+00,-9.704144277600124102e-01,-8.248002241920536770e-01,-1.494759320098495436e+00,2.431604633495414447e-01,1.036597886313936678e+00,2.727358485329269278e-01,3.997854383152335545e-01,6.541716873469799465e-01,-5.775291815003512352e-02,1.000000000000000000e+00
4.223449630144085476e-01,-7.701177214595511522e-01,-1.176039502423213090e+00,-1.967921955902400377e+00,2.015510927818034315e+00,-1.586217475215373207e-01,-2.731822197998175494e-01,-3.552278932740101092e-01,-7.614242070599290535e-02,-7.183625655707373547e-02,-8.618583129770106543e-01,1.000000000000000000e+00
2.023779485945076395e+00,-7.584515471478799897e-01,-1.284266574547144657e+00,-9.685799719608750857e-01,-1.829577182127934742e+00,5.819044832901457687e-01,-4.942763008137021630e-01,5.749866495288150636e-01,-1.507056807948664146e+00,1.310460841452256442e-01,-1.089698046963226252e+00,1.000000000000000000e+00
1.462528227506870060e+00,-2.263653631991746185e+00,6.184925290943792398e-01,-1.018816329036329238e+00,1.157174986983910747e+00,-8.197468036284017989e-01,3.714887228753893100e-01,7.841917285414018446e-01,-7.577365879824901063e-01,-1.317799246402934887e+00,-1.034274719782213969e+00,1.000000000000000000e+00
8.432603064675351368e-01,-2.783015659082491711e-01,-7.465899799317097241e-01,-1.869139019008193570e+00,-6.406453017879241152e-01,-6.577960803769844489e-02,1.688864546551290535e-01,-3.021889262704027801e-01,-1.267323796441995887e+00,-2.332298934003213808e-01,-6.407733398356461052e-01,1.000000000000000000e+00
-8.936912881362465977e-02,1.090044507351085601e+00,1.914657607648306170e+00,1.831384263900439902e-01,-6.762992276965859029e-01,1.689594115522020656e-01,5.863365700439072681e-01,6.875735832688839588e-01,1.989233767590518065e-01,9.711744774002492031e-01,1.156309495750014404e+00,1.000000000000000000e+00
6.104731565447401032e-01,-4.044781627335556490e-02,3.460029694340413520e-01,-7.380866099475769104e-02,-8.249494700012210968e-01,-8.535272793775772193e-01,2.387535736028654210e-01,3.393395431908302617e-01,3.601227043174732856e-01,-5.540549922962938190e-02,1.670266249468277397e-01,1.000000000000000000e+00
-1.526036540567622835e+00,1.131705133374940470e-02,-1.546271882537364473e+00,-1.001185666981030176e+00,-3.639409670012950793e-01,-2.158598146500172010e+00,-6.019857187248860431e-01,-4.479184381752676636e-01,-4.388852963928472350e-01,-2.466969921098685625e-01,3.535912759849234033e-01,1.000000000000000000e+00
-4.529013808714979494e-01,-8.114928112404017346e-01,-3.699777166905889869e-01,-7.361357813779142445e-01,1.192239795857839707e-01,-1.142652136228686333e+00,-5.073220255907278098e-01,-3.863025466570448874e-01,-2.553098678454359116e-01,-7.020297124961237534e-02,1.031437047923659256e-01,1.000000000000000000e+00
5.521147806153984261e-01,-1.341346034664713027e+00,4.722630955330847091e-01,2.215945190941385201e-01,3.943663116860176565e-01,5.475166479458801749e-01,7.701585619865727317e-01,1.307720632523837190e-01,6.525027956895895764e-01,-2.510485049254861378e-01,-2.734670485493643777e-01,1.000000000000000000e+00
1.769722057320016473e-01,-1.232214131752400466e+00,5.005680339530511613e-01,1.090448676796634153e+00,1.335439095597836801e+00,5.032710637380906071e-01,1.683371390885975538e+00,-7.018083538110428954e-01,-4.941728827402877555e-02,2.378872041559899841e+00,2.543877134257741979e+00,1.000000000000000000e+00
3.620265384962545463e-01,-1.205946208602259651e+00,-1.293523304195105528e+00,-8.622621595417458984e-01,1.377027803590953559e+00,-2.692457784632888984e-01,-3.041110207916233321e-01,-1.650225634870805091e+00,1.281994130517981834e+00,3.277988093878622558e-04,-5.665147389425809754e-01,1.000000000000000000e+00
-3.095393092634962096e-01,-1.041969708983420784e+00,-7.842299298893911086e-01,1.628714558494661901e-01,4.887558766869201099e-01,1.633973874310296615e-01,-1.149668141198398885e+00,6.110261047002139012e-01,-2.346031575605960207e-01,-7.982814955302973692e-01,-1.175559974751279935e+00,1.000000000000000000e+00
5.866369259125521207e-01,9.359774887964636969e-01,5.443691994114925325e-01,-7.996512881655992722e-02,4.878333717064438635e-01,-7.391502102832421262e-01,1.759282958518967543e+00,-5.137174367666598185e-01,1.747501254506766133e-01,3.720110798408528523e-03,9.749313887350121721e-01,1.000000000000000000e+00
-1.890054328974591247e+00,-3.637091749663724505e-01,-8.826604935471656921e-01,-1.245758343147539859e+00,-2.624162636535499082e+00,-6.432481987413538604e-01,-1.426383503779478978e+00,-6.256387299658059398e-01,-1.072760442812377368e+00,-1.067053342821548512e+00,-8.989065856408355870e-01,1.000000000000000000e+00
7.740352124983295168e-01,-2.243615627567526083e+00,-1.280860731453591639e-01,3.809909949943294794e-01,8.073233013983645012e-01,1.813971446290605583e+00,-9.890890737975053248e-01,-2.128995615047153678e-01,1.090417800914634666e-01,-7.390396421245705172e-01,-1.754960652088127349e+00,1.000000000000000000e+00
-6.327769566332255291e-01,-4.010961977126267786e-02,8.162347910857787880e-01,1.909370772490130541e+00,9.057288687043828224e-02,1.565668581670701387e-01,-3.364336615429248112e-01,-7.406490174083504296e-01,6.422657171750420502e-02,-1.387518912065124121e+00,-2.950615380546935396e-01,1.000000000000000000e+00
-1.096599809436491935e+00,-1.811028639925344741e-01,-3.570385646697263327e-01,5.495910918592045169e-01,1.375468975579955400e+00,-1.296396610348701239e+00,6.313292376939603212e-01,-3.005251483529495782e-01,-6.233593845334367556e-01,1.196674412984926494e+00,2.065409614585815845e+00,1.000000000000000000e+00
1.079769663396569657e+00,4.768535052930423790e-01,6.858162585379459220e-01,-2.055446877438461828e-01,1.242621355987384213e+00,9.309136053992815574e-02,-1.015267786761298696e+00,8.182311571960637631e-01,-6.164620151851311070e-01,-2.579848158318964399e-02,-5.615445850767681879e-01,1.000000000000000000e+00
-8.097022246578761129e-01,5.477752193026684813e-01,1.818974362198665096e-01,-9.425495721469570043e-01,1.619545764237348695e-01,-2.370227380330161282e-01,-1.208084733004766154e+00,4.113970763571779821e-01,-5.344127632781724424e-01,-1.366722105095655726e+00,-1.324058250849148299e+00,1.000000000000000000e+00
2.382368916411470749e+00,1.784177660591008463e+00,5.237986777790878401e-01,7.497087987104233964e-01,1.800484652054916479e+00,3.442097812241602384e-01,1.522411116920404872e+00,2.148701545300545079e-01,8.925988949269331174e-01,1.750596769347074755e+00,1.388618824185927192e+00,1.000000000000000000e+00
-1.834207166509268294e+00,-1.252881874288170883e+00,3.319536797148897045e-01,-1.073973002193396198e+00,-2.698755900837984667e-02,2.251280846169117222e-01,-1.090413128069143145e+00,-9.367262533512712638e-03,1.516905474847280166e-01,1.249053473566918010e-01,-3.272407860176276273e-01,1.000000000000000000e+00
-4.399964098036855398e-01,-8.507769092626700225e-01,1.022218069345136149e+00,-5.535781330964188035e-02,-7.162054383002479652e-01,-2.590358964481344617e-01,4.250229438579586350e-02,-7.023798789583762803e-01,-1.538530006532970784e+00,2.873446101240196837e-01,9.068396776090800193e-01,1.000000000000000000e+00
-4.577895645828430893e-01,2.107512107941461377e+00,1.013631917371110802e+00,1.498069687075640477e-01,1.033973457124141904e+00,2.351542416094070997e+00,3.562046459212306893e-01,6.561516231644785035e-01,1.174087395432679815e+00,2.218973576873594089e-01,-5.032349779882211438e-01,1.000000000000000000e+00
6.812696863780348666e-01,-3.738142784766103066e-01,2.000859867037402928e+00,1.950872731030651730e+00,9.486633521621954390e-01,1.089793632397457301e+00,2.333935079127031909e+00,-2.187592466840338479e-01,1.975163630221901667e-01,1.323924852039841116e-01,1.251911592779415772e+00,1.000000000000000000e+00
6.933460895149988756e-01,-2.344232833006974215e-01,-1.581101795826753698e+00,2.191175980414475644e-01,-9.818290260607303033e-01,-4.200571310215771570e-01,7.365408211763269097e-01,2.146410937891640724e-01,-2.332100511871050497e+00,-1.178286066238320107e+00,-4.167199952490489023e-01,1.000000000000000000e+00
2.275878799832098953e-01,9.544190589854365525e-01,2.065658830737028051e+00,3.851613271617080336e-01,-1.902232154048020485e+00,-7.370771515440824873e-01,1.204127963230724685e+00,4.109955314040257268e-01,4.324651881014833776e-01,1.678737506194216911e+00,2.235169742604401488e+00,1.000000000000000000e+00
3.243286350586315758e-01,-1.222672635849689771e+00,2.836743247007375568e-01,-1.632588773772929713e-01,-3.330720737693315114e-01,2.525815095518698251e-03,5.563202077235600562e-01,3.142811782159471434e-01,-1.619132095097076229e+00,-2.514887663227570180e-01,1.420984732287012275e-01,1.000000000000000000e+00
1.955743202196831954e+00,1.750697652330979182e+00,1.710074051551068619e+00,1.311030860697733225e+00,-6.591859161666889788e-01,1.738582923618097631e+00,5.668183658132391889e-01,5.374267174181092122e-01,1.134824157869208788e-01,5.478025844743219519e-01,1.476672630495156902e-01,1.000000000000000000e+00
-5.197740247213019638e-01,-7.158980515796324606e-02,-1.147208620560787651e+00,-5.927518468507860794e-01,2.667591449559011618e+00,1.694307308232030906e-01,1.420508754915942029e-01,-4.976911457549649809e-01,4.772838313066499749e-01,1.190632031033620919e+00,6.024796183306022623e-01,1.000000000000000000e+00
-2.722426450097500950e-01,7.725690899095274400e-01,2.830374321818586170e-01,1.808883963946939233e-01,1.953506705637718222e+00,-3.286570170300456284e-01,-1.975138693234485265e-01,5.321278909168123405e-01,1.559589348161807054e+00,2.077137943028734224e+00,1.403101290223115249e+00,1.000000000000000000e+00
-7.747628131566847154e-01,-4.529276207006450727e-01,5.307306590260459922e-01,4.976784710181040849e-01,1.831308275940330521e+00,-1.239951798331418109e+00,-1.113327590162892733e+00,2.632040160987934030e-01,-5.156934475519657779e-01,-7.081008708018778908e-01,3.541021366252667182e-03,1.000000000000000000e+00
-1.046109717971915432e+00,-1.752093756126305024e+00,-6.103512107251929386e-01,-1.856947312840403486e+00,-8.072413953689899779e-01,2.230155325975980429e-01,-6.200363408758183814e-01,-1.763142566184775273e+00,-7.045425771359801193e-01,4.004721308347020670e-01,-1.194634662251036761e-01,1.000000000000000000e+00
-8.680582693217498980e-01,-7.815335454285656791e-01,-1.371082534300945843e+00,5.371038834979982579e-02,-7.544517865266477941e-01,-2.062917141509356345e+00,-1.114870114791160605e+00,-9.429444842593481813e-02,1.635095490894991899e-01,-6.363867916690092441e-01,-1.713001291368636270e-01,1.000000000000000000e+00
6.382028553262931725e-01,7.881055634663389209e-02,1.336791737400841784e+00,6.556880323273867051e-01,6.196987627853599578e-01,7.171942449898198735e-01,1.680258735032905681e+00,2.376713011665801401e-01,3.489532574939882646e-03,1.984551545571958953e-01,7.326816336475805436e-01,1.000000000000000000e+00
-1.522115453888869041e+00,1.315156016577955223e+00,-3.317747678308503867e-02,-1.267340740156922552e+00,-1.927698017431748623e+00,-3.967351729626000800e-01,-2.645794343379020974e-01,3.923027182093634102e-01,-1.414053584042500311e-01,1.139027537145143598e-01,1.147268631756724749e-01,1.000000000000000000e+00
5.513749299170987994e-01,-5.592870056337847506e-01,2.104845027908733290e-02,9.606957149740023016e-01,3.117030289030963353e+00,-5.538798535592266425e-01,5.150797308922541173e-01,7.928762570827049272e-01,1.012419293349575922e+00,1.586804001593641322e+00,1.402177597063270609e+00,1.000000000000000000e+00
-5.731127501734648577e-01,-2.877371051649568051e-02,-1.047317674192097314e+00,-1.152447538455961151e+00,-6.163573073810040270e-01,-2.139323293283807548e+00,1.203815124436403039e+00,-9.471306868078399610e-02,4.295426689766316392e-02,-9.745530906393297388e-02,8.207022931694816226e-01,1.000000000000000000e+00
-1.972853097115161214e+00,-4.493088038448624366e-01,4.897389107004248010e-01,2.879677988912361930e-01,1.558523773978557347e-01,-7.752353572297250306e-01,-1.172006396467704326e+00,4.406731307929510622e-01,-1.221136200130276128e+00,6.710537402503846671e-02,6.262751990973325356e-01,1.000000000000000000e+00
1.524636166581826657e+00,2.679220645340199547e-01,1.400782270655947848e+00,-8.445565851077098396e-02,1.165320968975798399e+00,-1.974979013774209313e-01,3.620642291751042796e-01,-1.988504726207024786e+00,1.024085170443526760e+00,5.582385331605571599e-01,6.488674672186177661e-01,1.000000000000000000e+00
-1.394554795878245601e-01,2.856329295418303937e-01,1.209280827572589923e+00,-3.322353243586676497e-01,-1.917988882667129635e+00,-2.534474965110964373e-01,-1.382451336763890481e-01,-1.828695786808922918e-01,1.315468865678274035e+00,-5.484479167541664868e-01,-4.084492974423435951e-01,1.000000000000000000e+00
8.349443063953944089e-01,-8.605632803788045848e-01,9.459507277556450378e-01,2.170904327507910736e+00,1.110297470372349604e+00,5.924372100337279567e-01,8.344769239171755462e-03,-1.074193541296077692e+00,-6.618634378169591104e-01,1.598117153035478466e-01,7.124031473774349310e-01,1.000000000000000000e+00
4.521146782693271082e-01,6.582731155589843786e-01,-3.202104561327831500e-01,3.708135039516678999e-01,-3.027505179213110242e-01,2.107151202754486696e-01,2.343158763782338394e-01,1.038265816410122833e+00,2.686728279906194436e-02,-4.785052444813390760e-01,-5.198647416793779064e-01,1.000000000000000000e+00
-1.096991718120312376e+00,-2.269232969925927268e-01,4.977423944900772890e-01,-1.160666437856556543e+00,3.187898651131337857e-01,-9.246759948767657722e-01,-1.587942910298388854e+00,-2.097593723137356481e+00,1.760815152988847609e+00,-4.432838497421532908e-01,-5.503779386025415832e-01,1.000000000000000000e+00
7.560165929999023149e-01,1.528377242141993331e-01,2.313702293960749889e-01,1.637894527778457565e+00,-1.441397458527485131e+00,1.086176632429595612e+00,2.849404336421860751e-01,-7.998052802336714784e-01,2.149401184450306090e-01,6.602411666086193121e-01,5.531227568782085546e-01,1.000000000000000000e+00
2.534141091105702737e-01,6.431695880843095736e-01,1.199459517636271011e-01,5.736048336969314931e-01,-5.308135799899682539e-01,-1.984952249941936531e+00,-1.107580840876974726e+00,-5.017639967637331777e-01,3.265099413050018828e-01,-3.387862444849391585e-01,2.800369544046180104e-01,1.000000000000000000e+00
1.077398936826968301e+00,-3.145029447966913860e-01,-5.518143374110520138e-01,-1.553936817415720317e-01,1.333497651879337997e+00,-1.144762454528122531e+00,-1.213430473038507040e+00,4.662705459751561032e-01,-9.403364236275448818e-01,-1.135290499408184939e+00,-1.081406976219830174e+00,1.000000000000000000e+00
-1.525573647953536449e-01,-1.068066863670948052e+00,-4.291704185121308357e-01,7.173643526227203582e-01,1.480895720628726542e+00,-2.217088164129525640e-01,-5.229152069846936257e-01,-5.207137446030956074e-01,-6.702492355296583160e-01,-4.512358596440644853e-01,-1.176552369866484538e-01,1.000000000000000000e+00
-8.199335314215858150e-02,-4.292862326744771306e-01,-5.149268901658551334e-01,-6.376305402834703262e-02,5.108967791059764590e-02,-4.990873069203529688e-01,3.545418964832157127e-01,-1.004062762411092491e+00,1.057595659625760881e-01,-9.354718520124382097e-01,-3.303706256316639722e-01,1.000000000000000000e+00
1.257060828295555766e+00,5.632955565214404769e-01,2.483085518969550431e+00,-2.951123984802678790e-01,1.104601715186785515e+00,1.588707828884221296e-01,-1.833144114777949030e+00,-1.254335557519499433e+00,-1.546979399063716398e+00,4.571380279541295000e-01,1.847969174865003728e-01,1.000000000000000000e+00
6.736499354884687429e-01,7.058189310613794953e-01,8.813327526248371235e-01,1.826131938928393927e-01,6.321388375132753756e-01,9.264697690187378987e-01,2.472005036500937447e-01,-6.695653958683166485e-01,-2.063068846678573376e+00,-5.627035936882622824e-01,-1.067250280443675647e-01,1.000000000000000000e+00
-1.169750554805850662e+00,7.681516075434743351e-01,-3.438393852881602153e-01,-9.987662590553034736e-01,5.008332265278689910e-01,-8.036869581115130279e-01,6.448581451093935435e-01,1.058873078080526442e+00,-1.073407719252797710e-01,-4.118378113138723151e-01,6.920878577771917561e-02,1.000000000000000000e+00
1.062995956686434429e+00,-5.273126406882502892e-02,1.204260881766210822e+00,2.848677367907053726e-01,-1.825544985278491558e-02,8.075462331298582930e-01,-9.273986828933007409e-01,4.146702347759339546e-01,-6.696357663373188329e-02,1.657349907223144292e-01,-5.170253414389379687e-01,1.000000000000000000e+00
4.244417817599618198e-02,-7.271654544120637054e-01,9.967419992118177197e-01,-3.476272970016746067e-01,6.534573771655654006e-01,-5.801312824692447245e-01,-5.200591589591995190e-01,-4.575181745495437990e-01,-3.148161388173434383e-01,-2.075500997171659368e+00,-1.287354286886630561e+00,1.000000000000000000e+00
3.553324168811755612e-01,1.513524744576116632e+00,1.102071022874087980e+00,-3.291285444064999122e-01,-3.443928616465790071e-01,6.388664623301664180e-01,1.507095157703356933e-02,6.851121918720011472e-02,-1.581624158945448833e-01,1.650133834070719896e+00,1.056754640468389406e+00,1.000000000000000000e+00
-2.920770347003036060e-01,-1.837622298369900209e+00,2.323692055722370031e-01,-9.114789787027837153e-01,-8.176965743627460093e-01,-2.440943466534473971e-01,-4.793850555314428386e-01,7.959247739292616419e-01,-1.822601705201913003e+00,2.626563869426047360e-01,7.849029405903650003e-02,1.000000000000000000e+00
-2.263477671515656819e+00,-8.801510483919653405e-01,1.210024357720352661e+00,-1.276495104169300454e+00,1.000719895133324489e+00,-1.162920359074503640e+00,-9.713506373374399816e-01,-1.063149296552153428e-01,-1.734926882633124334e-01,-1.241596919718299441e+00,-4.404765021592751961e-01,1.000000000000000000e+00
1.858824231163552998e+00,2.608896206442850585e-01,4.209557521666697499e-01,-6.434192969295245979e-01,6.117305414192274471e-01,1.464298572285964960e-02,-6.016879878368762702e-01,-1.725635285083111951e-03,1.852454132993886837e+00,2.039517483574848633e+00,4.431128110788246088e-01,1.000000000000000000e+00
-3.693211607367771210e-01,7.378443367327994773e-01,-3.497276578290104965e-01,-8.041007774171635702e-01,-3.022131572119608478e-01,-1.310869370289538871e+00,-3.480576392112130213e-01,-2.128638682086867906e+00,9.873044838375359955e-01,5.800806240346281228e-01,7.613063999521987313e-01,1.000000000000000000e+00
-9.953147757621211289e-01,-3.587532615839690298e-01,8.425591939395031815e-01,-8.759556647356333547e-01,-6.785451634146910660e-01,9.187728290992542846e-01,-1.121072069057181153e+00,1.836198673157043715e-01,-1.283959379862237959e+00,7.488807405474257051e-01,6.896280410142040240e-02,1.000000000000000000e+00
-8.060748080793695980e-01,-1.869724463284252680e+00,5.309514043857017640e-01,-8.513076470301633725e-01,6.619297529843257699e-01,1.951159958715060094e+00,-1.350525322758801439e+00,7.810796074054340288e-01,5.231468864422367249e-01,-1.253467264672356141e+00,-2.399961536322788636e+00,1.000000000000000000e+00
-8.574861371184637759e-01,-8.092995130538065407e-01,-2.700383158552485674e-01,-1.799141748082735637e+00,1.724586795369775993e+00,-2.192380974554806627e+00,7.296236777779809834e-01,-3.383401267251779365e-01,-2.682487826823629073e-01,-4.861696611358649611e-01,4.904710969688119704e-01,1.000000000000000000e+00
2.472362388839428327e-01,-1.471021590859645789e-01,1.168018072227766879e+00,-1.938854060782233768e+00,1.357197549879458030e-02,-5.306503636675248270e-01,-2.631606894528080165e-01,-5.655391534061938730e-01,-8.527152680053317058e-01,6.694409302402676287e-02,1.533136245507846912e-02,1.000000000000000000e+00
8.128779200198844590e-01,3.449822521217659199e-01,-5.267146507348964279e-01,2.051299115980401933e+00,2.816082839419364880e+00,-1.017699528655827912e+00,-2.355325945773818208e-01,-1.624516473760815760e+00,1.002295349970713234e+00,2.349611113760755599e-01,8.718677252674468248e-01,1.000000000000000000e+00
-2.732173862024373512e-01,-4.416901137677610167e-01,-2.657503935350719604e-01,-6.618067845859351150e-01,8.947012394682379854e-01,-2.527804761265748379e-01,3.357342137185201358e-01,7.823126422734528740e-01,-1.066464175537117781e-01,8.001538457466744747e-01,5.213255926849232891e-01,1.000000000000000000e+00
-2.435788200140582282e-01,8.765635220574967690e-01,3.886463525647050332e-01,5.810555082635899815e-01,5.663510367016959535e-01,2.808562995819893215e-01,9.642939501207492548e-02,4.419267499830027979e-01,8.126337948540898193e-01,1.215744815656507161e+00,9.121303457512488500e-01,1.000000000000000000e+00
1.407822827239355368e+00,1.081432830603628326e-01,-5.212405092074611224e-01,-3.602563199270226724e-01,-9.058020034433393874e-01,1.756699589148691121e-01,1.012038670576877353e+00,-1.013181903116569194e+00,-7.771726958091852433e-01,1.951327257167468909e+00,1.502864219602079165e+00,1.000000000000000000e+00
-8.408165856511030656e-01,-1.686495467050236563e+00,-2.483287968404060964e-01,7.140918914795950645e-01,8.952347402540323795e-01,-1.193670606395328848e+00,4.917336797756652333e-01,-1.563218524586479585e+00,2.361976757539256122e-01,-3.767257395005255138e-01,8.144553634825238975e-01,1.000000000000000000e+00
1.098853749275789715e+00,2.107277467025701512e+00,1.580026316726442115e+00,6.663204094642285469e-01,5.757965487407532557e-01,1.005679091116652213e+00,9.314143429936686536e-01,1.201750534116110991e+00,4.468006792533368299e-01,1.561983343561242021e+00,1.147620692923828845e+00,1.000000000000000000e+00
-1.141042791783010296e-01,9.527327831536996916e-02,2.325502643652677559e+00,-5.639285134815978928e-01,6.928254883431442246e-02,1.340509112262148472e-01,-5.892276445842993260e-01,-9.128228950028703936e-01,-3.164422107683368957e-01,2.781437414560362087e-01,4.065459700304079327e-01,1.000000000000000000e+00
-1.828215205768479068e+00,-8.278925848445466418e-01,2.289385934088207508e-01,-2.599331598898528273e-01,-1.018689169772887926e+00,-4.229687183057176392e-01,-4.869078299372648910e-01,-5.889310650674340897e-01,-8.228924002217560263e-01,-5.595137064124998671e-01,1.179573807384917267e-01,1.000000000000000000e+00
-2.021116392654271010e+00,-1.023407809509873756e+00,1.263952028229672786e+00,-2.355949208141344453e+00,-2.485202353555427124e-01,2.604567290431958337e-01,-1.088605847801871473e-01,1.175506845673286865e-01,-3.516914868929043037e-01,-7.354628334471129403e-01,-6.639643577728949753e-01,1.000000000000000000e+00
-1.365231346083083941e-01,-1.547824703641260236e+00,-2.442450126164917579e-01,-1.046963313861172695e+00,-6.736414433349324771e-01,1.771051046572716392e-01,-7.905443006022567776e-01,-1.027746684960446411e+00,-7.639971489468760923e-01,-1.460847990865322688e+00,-1.494216794399831905e+00,1.000000000000000000e+00
1.226566931790212811e+00,1.017746440243963768e+00,1.629071453892082522e+00,3.038069329091374060e-01,-8.418477146953963486e-02,1.117229598577980543e+00,1.736337222537444935e+00,-2.149590406917641777e-02,-2.160754814749401287e-01,7.444388031865956101e-01,9.362784867853632953e-01,1.000000000000000000e+00
-1.937627361600738674e+00,-8.028609383772061792e-01,-3.390265387733273350e-01,4.806679436521980042e-01,1.362884634310325360e+00,5.802477536041413669e-02,-1.979965840012486988e-01,6.825661864718365335e-01,1.912965261347985835e-01,1.152704838018829281e-01,3.060356962508921086e-01,1.000000000000000000e+00
6.102319683462820166e-01,1.503325253963273544e+00,1.535647815287787266e-01,-1.227480403082949589e+00,-1.056802731906782311e+00,-1.374829510083106721e+00,1.231711814224243806e+00,-1.294995658593511845e+00,3.107322772537524092e-01,1.212287306842490420e+00,1.612399837641238509e+00,1.000000000000000000e+00
6.620570893858436223e-01,1.096770338230819153e+00,-1.874946498107759874e-01,-5.014556684734665648e-01,-4.268259034317061218e-01,3.704728729490777139e-01,-5.506256016174391199e-01,-8.999256097953723943e-01,1.101412190759634813e+00,-9.498968323788606893e-01,-1.350777667617575561e+00,1.000000000000000000e+00
1.430831986197093508e+00,6.310136220159957565e-01,-1.265237745079544007e+00,-4.765213809333695288e-02,2.294795121691371176e-01,-2.877777423684070857e-01,-7.280814200738872088e-01,3.673759771483910974e-01,-8.791333245288917020e-01,-1.080921330507842226e+00,-1.331111234120252229e+00,1.000000000000000000e+00
6.754857745499813770e-01,2.311702961607284001e-01,1.043423493122582091e+00,1.261346486032563163e+00,5.709024959481234784e-01,-2.101970781900715846e+00,6.272308830385597833e-01,4.541240259581312277e-01,-4.601767830255850122e-01,-9.443153311254058602e-02,1.386936781898380211e+00,1.000000000000000000e+00
1.246619203609371507e+00,-3.304600363987353906e-01,-9.535489018382840021e-01,1.977513497410837706e+00,-5.244852434006606057e-01,-1.154988141656425382e+00,-1.022960661647587255e-01,-9.759018657263873742e-02,-5.005489556851394628e-01,-6.119543574429507915e-01,1.572577100646553871e-01,1.000000000000000000e+00
-5.763281216995542744e-01,-7.721393616417027150e-01,5.965673266368497207e-02,5.948570817980065595e-01,-6.175545018724444279e-01,3.508984248445028986e-01,-2.454728657025327318e-02,-2.244169578800204068e+00,-8.749044635059530783e-01,-1.743641385677851430e+00,-6.645432477513728564e-01,1.000000000000000000e+00
-1.042096602742892258e-01,-8.973845892779400146e-02,7.073108825204655892e-01,9.228326619432444256e-01,1.673633870960946624e+00,6.636395233915766134e-01,6.389954435477551709e-01,6.227587957348942327e-01,6.323853811950227444e-01,-8.078518522340945307e-02,1.242107191962491947e-01,1.000000000000000000e+00
1.470046839269381511e+00,4.305449714331600064e-01,1.303638680770121239e+00,1.859166729235578908e+00,3.633185445904174027e-01,-1.104251928766456947e+00,1.415208726231388159e+00,1.404685573861019776e+00,2.135986811453479017e+00,1.487755871579065525e+00,1.875322870188816493e+00,1.000000000000000000e+00
1.289643716545386010e+00,5.620885165556014362e-01,1.935699631348232641e+00,1.425067796950374444e+00,8.417106921717468215e-02,1.688366624035745056e-01,1.204645889759232980e-01,1.733853360632412743e-01,-6.069720426180300749e-02,2.616224830880042318e-01,6.326878409220392241e-01,1.000000000000000000e+00
1.699357665771001447e+00,-1.323962636779646429e+00,4.403768219741659995e-01,-7.528169219155197434e-01,1.384917283164457669e-01,9.843219557760306548e-01,3.658606680397560873e-01,-8.136098637476258943e-01,-1.533351967250828007e+00,-1.126953596701240512e+00,-1.202883472819206823e+00,1.000000000000000000e+00
-7.020277118287789886e-01,5.082081794920768614e-01,1.182405061044272954e-01,-2.561606187158323777e+00,-9.287393907575368646e-01,1.806387968854093473e-01,-1.869070720926565565e+00,-5.816698249220888517e-01,-9.138635982591035434e-02,5.359412230504260188e-01,-7.768640481853305024e-01,1.000000000000000000e+00
1.505968866470865697e+00,1.587362748762767284e+00,3.499421783771432537e-01,1.673032253308503192e-01,-1.918574253332425261e+00,9.130895350230526786e-01,-2.533571384577584240e+00,-2.598793395981360277e-01,1.247381450595770103e+00,-4.860694967837305147e-01,-1.967214886506698290e+00,1.000000000000000000e+00
-1.116526250025359657e+00,1.084882718919165434e+00,-1.317453683240896289e+00,-4.185979746717680139e-01,3.452420590802545153e-01,8.802518390545219784e-01,-5.696949058208147232e-01,-2.190062664608883047e-01,-1.096784991635418205e+00,1.009886688884298112e+00,3.442636092053913965e-01,1.000000000000000000e+00
1.933775336657543240e-02,-5.698949523835539210e-01,-1.318586698141472224e+00,-1.462741634015450209e+00,-7.187793791798072762e-01,-1.930839311548269155e+00,1.215932781857673062e+00,8.032300150370867975e-01,7.221727486866150181e-02,-4.917812715802282741e-01,4.509912098344833614e-02,1.000000000000000000e+00
2.131151195679323429e+00,-1.135440495859984855e+00,-4.178157199900880414e-01,9.912874261670594489e-01,-3.317392728142919411e-01,-2.185525850588328767e-01,-1.480838068742444946e+00,4.046894011082213805e-01,-9.657631735069736045e-01,1.049021890400944290e+00,1.030068528892211510e-01,1.000000000000000000e+00
3.169683737796497591e-01,2.875170472755180229e-01,-1.289586565971073906e+00,-1.062582583125673885e+00,5.049994478154334887e-01,6.100754320174580636e-01,7.726902370231030215e-01,-6.491836121249936475e-01,2.988828722812967298e-01,1.720744790182691997e+00,7.648019070438627498e-01,1.000000000000000000e+00
-3.861061603508131879e-01,3.491444420082366329e-01,-5.953550015719660804e-01,-2.187947916874396714e+00,-4.256598633267761334e-01,7.042743011771500639e-01,-1.768695799898858168e+00,1.508203373608310915e+00,2.187414832365144335e+00,9.673813907359215536e-01,-1.433488830223675237e+00,1.000000000000000000e+00
9.912999464158384066e-01,1.088943388074319119e+00,1.194564011786092950e+00,5.149761886776259567e-01,-1.256987565180051281e+00,7.727833707834576016e-01,9.839873600021447064e-01,2.204677691512725524e+00,3.012416227939539670e+00,1.649875799420453537e-01,-4.982206475901960752e-01,1.000000000000000000e+00
1.925941916027908318e+00,-6.566858259617246452e-01,1.712958161763003417e+00,1.933009113759927455e+00,2.005228466421384859e+00,5.089781468241294515e-01,1.634098380009124218e+00,4.375776837382802653e-01,-1.569890916587344476e+00,1.997331156197470481e+00,2.460384165128951750e+00,1.000000000000000000e+00
5.239689138276477920e-02,-8.024438016009302066e-01,-1.909695556573081654e-01,-2.149661371343338789e-01,2.305382848368932702e+00,1.560269935098491212e+00,1.338310050316763311e-01,-9.519248031694029777e-01,-9.287666054959260453e-01,3.596019970515793585e-01,-1.059866902501351710e-01,1.000000000000000000e+00
9.405613794154370488e-01,-9.730170632564055788e-01,-1.846112520462326045e-01,-1.297203824905921232e+00,3.092306578641292394e-02,1.671373821733305620e+00,1.038014341912095295e+00,-4.325180853424669403e-01,-1.071924260996572009e+00,9.699031949110654693e-01,6.244654020663607807e-02,1.000000000000000000e+00
-1.388780271433469604e+00,1.171583610288170707e+00,2.221805953565624492e+00,6.643554016915519389e-01,-4.717726368685700722e-01,9.383517088108106474e-01,1.242069244263262484e-01,-4.051059455553885913e-01,3.713167460513395746e-01,-3.809120956032977512e-01,3.081444079644791167e-01,1.000000000000000000e+00
6.117423199358070773e-01,-4.360550499012783576e-01,-3.266227840598024401e-01,-1.695065693107334459e+00,-6.391578104561534968e-01,-1.401455983543031802e+00,6.131640134125380948e-02,3.221397668444785922e-01,7.511733621516956949e-02,-6.604719320017251594e-01,-6.381246162628659846e-01,1.000000000000000000e+00
-1.588789649529538828e+00,-7.237981773404658092e-01,-1.200435164964078982e+00,2.899180567767718486e-01,2.107931350308178686e+00,9.800001514145099124e-01,1.392183949141057586e-01,-1.123909899761555975e+00,-1.844085301385175235e+00,-1.499854542083386200e+00,-7.258765365556508753e-01,1.000000000000000000e+00
-7.596459610788114380e-01,-2.325137965708521381e+00,2.400619874684500665e+00,1.492209241883849735e+00,-8.495430436176590883e-01,3.366385787245479433e-01,-4.982437086831712110e-03,-5.170109652283681745e-02,-1.278532111754252076e+00,-7.112782228164604703e-02,9.177069818463482465e-01,1.000000000000000000e+00
4.605305083141614797e-01,2.249258882106761614e-01,1.282422167628138876e+00,3.036014642555166509e-01,2.924603764548711293e+00,-1.776190552200960227e-01,-2.710721169551491005e-01,1.666689254536600551e+00,-8.415143180896775821e-01,-7.674751213298773855e-01,-4.244657493032680806e-01,1.000000000000000000e+00
-1.070708265987142749e+00,4.162681088695926457e-01,-1.836016575514847760e-01,-1.152752661062160122e+00,-3.599676730920148282e-01,-4.936734478234029999e-01,2.211826894087701445e-01,-8.446944864501853001e-01,4.193450077670728970e-01,1.740278157780708601e-01,3.412557322951961791e-01,1.000000000000000000e+00
-1.031959639980488674e+00,2.113033483256501199e-01,-2.276434398833808437e-01,8.482033481824969856e-01,3.307146428722357090e+00,1.222802714770920618e+00,-6.183424828588589273e-02,4.314521387179655054e-01,-8.990962008153887686e-01,1.140418110972863275e+00,8.678904272283596288e-01,1.000000000000000000e+00
-1.136497142814420158e+00,-3.569213206873268485e-01,-6.004389647513159733e-01,4.556002168110145356e-01,-3.570022033763953773e-01,-2.062140063003150281e-01,1.045668574904522030e+00,-1.365662376568283376e+00,2.773780399118034867e-01,-1.755579429510258027e+00,-4.138796703960254675e-01,1.000000000000000000e+00
8.175441154865655813e-01,1.294094407056941565e+00,-4.280231256458630340e-02,9.145102910321819545e-01,3.261047061750565135e+00,-6.994768671506668145e-01,-1.157967304914119255e+00,-1.016569979365555376e+00,6.596436513614848396e-01,-2.409166653770979938e-01,-1.330015994469865293e-01,1.000000000000000000e+00
1.341517979380183911e+00,-4.806752293639115492e-01,5.941206919983679224e-01,-6.791765185413700667e-01,-8.537927618186832435e-01,-5.267711229398458483e-01,2.770822959690781295e-01,-3.414090394825380903e-01,5.725669187586547304e-01,1.139026588991354894e+00,6.826239601017655145e-01,1.000000000000000000e+00
2.152462374117908084e+00,1.095990903589068477e+00,1.126872419699256778e+00,1.551072332961902500e-01,-9.933686670973065902e-02,8.446096575074787394e-01,-1.369549122150036206e-02,1.583154305275643603e+00,1.087462401164940751e+00,-1.916544475355325794e+00,-2.291951635965638889e+00,1.000000000000000000e+00
-2.102364004841942524e+00,7.793831374290485225e-01,1.237175688719558408e-01,-3.065815944640202240e-01,1.867690274716663712e+00,-9.447084156570707547e-01,-6.927331990660038352e-01,-1.224507399582003053e+00,-3.248440336639763504e-01,-7.722371106616106144e-03,7.744413581783174960e-01,1.000000000000000000e+00
8.065893198013954213e-02,-3.564456119375686849e-01,1.581100741023528711e+00,-7.529307723332249180e-01,1.188917034079533863e+00,-9.292861179624500867e-01,-9.112811163552653193e-01,-8.916683763349909919e-02,-2.352110233082540525e+00,-5.314723759814493631e-01,1.276458838200413837e-01,1.000000000000000000e+00
-1.237838720964834716e+00,-4.123362583825037064e-01,1.377489970952852527e+00,-1.166269622037410914e+00,-1.110403818125793363e+00,1.490044307002973856e+00,-3.405371733197972706e-01,-1.456903101616350060e+00,2.706099254018714054e-02,1.397600012570200667e-01,-2.367302351611261235e-01,1.000000000000000000e+00
-1.213818134595066045e-01,1.066696377483633551e+00,1.015133730428389613e+00,2.010248082468954200e-01,2.230411204058973806e-01,1.296248430700546461e-01,5.851213562536451418e-01,-1.489903246403122994e+00,1.021487831462144641e-01,9.682343599181505445e-01,1.366667831225926166e+00,1.000000000000000000e+00
-5.796908007134827789e-01,6.168973672191631064e-01,6.164188894188623591e-01,-9.003469292797042223e-02,-6.687935814213689101e-01,1.149720589450391600e-01,1.694559458277721031e+00,1.019421479532447883e+00,8.469260842248583776e-01,6.716217264348891547e-01,9.839417675432551302e-01,1.000000000000000000e+00
3.710098584592492754e-01,1.077963173577275002e+00,7.901099517211572776e-01,2.584229347258019116e-01,2.704566001392100016e+00,1.152556569608277570e+00,5.281558743150175372e-01,-3.617053346865530816e-01,5.533091170586875718e-01,1.343617295010919532e+00,8.758342626272301867e-01,1.000000000000000000e+00
3.402809511979541790e-02,-1.195404409193192713e-01,-1.999938835193164399e+00,-4.382711645547813228e-01,-4.732680720190762247e-01,-5.564239834466399026e-01,1.759449318449554100e+00,7.632678571047056548e-02,-2.596674088598326935e-01,4.355926411427724076e-02,4.384480709185718528e-01,1.000000000000000000e+00
-1.314441532110603550e+00,5.054021851413196265e-01,-1.394503437010119917e+00,-5.296438036490572765e-01,1.600814176474195882e+00,-5.915965214922125348e-01,2.530723149643929193e-01,-9.785040621535685545e-01,-6.485016538911735351e-01,1.427028169455565321e-01,6.078326764610618715e-01,1.000000000000000000e+00
1.993812205967674389e-01,9.257857482310489772e-01,-2.157569258776717014e+00,-9.905141791613507607e-01,-1.403861117282716231e+00,-1.287475388893009942e+00,8.722278356823791601e-01,4.495297752306050554e-01,1.023299120512790317e-01,8.346994765992640231e-01,6.723773104238547349e-01,1.000000000000000000e+00
8.891560568487633098e-02,3.661901852262997026e-01,-6.987667550754518286e-01,7.934809671009260268e-02,1.988690174832455027e+00,5.788011702376744116e-01,7.501421739172040581e-01,1.375719662153178369e-01,-9.482025833427407679e-01,1.101045298064324968e-01,1.954829841987050509e-01,1.000000000000000000e+00
9.104142982745452306e-01,-6.384194836823714470e-01,-1.052845310897327635e-01,1.138693990817195134e+00,-5.540482861611019105e-01,2.712145405360567585e-01,1.285039662503855373e+00,7.684934679899708687e-01,-3.809089520465478995e-01,-1.611841001464466627e+00,-7.733546196543790163e-01,1.000000000000000000e+00
-4.913748778823819885e-01,-4.415865829881828186e-01,-6.461012297601601562e-01,-3.611695436249435232e-01,7.930850937385125476e-01,2.806864355231631358e-01,-2.311287551255114536e+00,-1.581070727768651707e-01,1.141799330285912406e+00,-4.547037694485069892e-01,-1.578813265918358466e+00,1.000000000000000000e+00
6.099030489409856814e-01,-1.155033168415009248e+00,-9.241724905409393065e-02,-1.259621558033197919e-01,-2.963514431570087315e-01,-2.050226783868729363e+00,-1.078383025753256952e+00,8.714754464501389686e-02,-3.074138526492092849e-01,-2.445224649681794205e-01,3.144400608696006072e-02,1.000000000000000000e+00
-2.949495866455248971e-01,3.463287629142364765e-01,-1.275699395623848487e+00,-1.081712284960486770e+00,2.597812857389736885e-01,1.461513467804912425e-01,3.325760876346861017e-01,2.906748661101699605e-01,-1.054928243894509121e+00,1.307384488794673984e-02,-2.162606942976412483e-01,1.000000000000000000e+00
1.234170071809863600e+00,-8.078202721382721219e-01,1.658603347884753720e+00,1.094088137842154973e+00,-3.773013625548444772e-01,1.018684959482548891e+00,1.810953311423101120e+00,1.495862720285621172e+00,-9.009494613703533661e-01,6.943223693870105295e-01,9.959807266853263341e-01,1.000000000000000000e+00
-4.005921030963111584e-01,-4.254133182440831829e-01,2.650197347101876724e-02,-2.186150857338226228e+00,5.402607442278900551e-01,-1.298955728463035308e+00,4.112276382879587744e-01,-2.012088673440624864e-01,-1.206293713111074473e+00,7.135431192189879424e-01,8.936918958429597160e-01,1.000000000000000000e+00
-1.139390978586981351e+00,-3.806163857334612238e-02,4.280070422939128427e-01,4.374426357470465598e-01,-9.803316237928347832e-01,-7.544003457863264206e-01,6.595776672721730405e-01,-4.116409117878430113e-01,-1.981530340023218040e+00,-1.594061940197115668e+00,2.166902769015524033e-01,1.000000000000000000e+00
-5.735988230894650819e-01,-6.560270886050160177e-01,2.265281509081480404e-01,8.824177621371853686e-01,5.689884037626494750e-01,1.195360518706704678e+00,-1.880247431467595154e-01,-8.144152227723526760e-01,1.061449557955433498e+00,1.021576546328039070e-01,-1.528405848479647000e-01,1.000000000000000000e+00
1.514716286965822833e+00,2.213727025779700375e-01,3.311402052429706089e-01,-6.524657871134027509e-01,-4.039990376738432643e-01,8.996531310373510060e-01,1.705873112923985246e+00,-6.309162246257035145e-01,3.923296919323416843e-01,7.025424797561323487e-02,-7.770425668507364991e-02,1.000000000000000000e+00
-2.442312717088752194e+00,-1.692443236438569421e-01,2.878491937554108482e-01,-1.056435611204221692e+00,2.950410379782197889e-01,-2.275142381268054237e+00,-1.456170694417384448e+00,2.070247013650708401e-01,7.064493822962669700e-01,8.630280315735242569e-01,1.080998211930140895e+00,1.000000000000000000e+00
7.039916357213311660e-01,-1.471553134076043212e-01,9.076344221427634640e-01,-7.277252614556157795e-01,-6.986775639589022369e-01,2.316052204057308828e+00,1.139248907360058016e+00,5.123262680604504515e-01,-3.367664460516736069e-01,1.069260226965184968e+00,7.702032605624017925e-02,1.000000000000000000e+00
1.244724810116308200e+00,1.508019480293853132e+00,-4.208210945561670080e-01,-1.437799687132527371e+00,1.247047021728278748e+00,1.328617017031968883e+00,-5.578327227691695089e-01,-9.025873540978927023e-01,-9.465844406173667958e-01,3.423712185936060859e-01,-8.107409510166636579e-01,1.000000000000000000e+00
-1.549701290978674262e+00,-1.225379765743017435e+00,6.888017339884709989e-01,-9.062396526048235312e-01,2.856474990218838439e+00,4.099359357020246897e-01,3.189791611187779430e-01,-8.777868044886542043e-01,1.560974740034359209e+00,-4.703006108988985190e-01,-3.526530056362134902e-01,1.000000000000000000e+00
-1.368478630438622501e+00,2.708099319492748847e-01,1.192761320789869073e+00,-4.996328274647541257e-01,-6.968736591600412922e-01,1.087891643369577110e+00,-3.872220031875473478e-01,8.675689325438541433e-01,-4.924499482129665040e-01,3.588924570684354221e-01,2.048871271949755102e-02,1.000000000000000000e+00
2.741758916702969895e-01,1.230085031473431151e-01,1.200862215414030265e+00,8.736515836659558554e-01,-1.666598650724403941e+00,4.773907273313641730e-01,-9.132365904909192089e-01,-1.715909740575954356e-01,1.082524948322772573e+00,3.021166773094657310e-01,-9.156510075168261542e-02,1.000000000000000000e+00
-1.079422981744174725e+00,7.481785952186016386e-01,-1.163225680264612816e+00,-2.328554937794694357e+00,1.121963785770534239e+00,-6.549201223687900475e-01,1.561961043554425423e-02,7.378666902781665371e-01,-1.555908376396801351e+00,7.897928566644730752e-01,4.330628432452842680e-01,1.000000000000000000e+00
-4.388413588164121193e-01,3.093665195635212917e-01,-2.319104235855681484e+00,4.096757375033930892e-01,-1.465818938648962844e+00,-1.267043149122097034e+00,-8.853129568868719490e-01,7.503002258655461221e-02,-1.741867345869104966e+00,-2.015807470515894373e+00,-1.191103155812026193e+00,1.000000000000000000e+00
-9.815090958105519015e-01,1.843047753532701949e-01,7.619140219161242567e-02,1.262865226746402447e+00,-3.304667532982841216e-01,1.070079822059615049e+00,6.932915825786641895e-01,-6.526104595737639569e-01,-8.611161551559203264e-01,2.346407099034686361e-01,8.188429180739605906e-01,1.000000000000000000e+00
2.010482841984374325e+00,3.690352525517441862e-01,4.348084899186723251e-01,2.524361968195279804e+00,5.291369839639524786e-01,-4.747813817191831598e-01,-4.365513148691029244e-01,1.443872239517731026e+00,1.591189320966956533e+00,-3.095176587240237587e-01,-3.318173203134493487e-01,1.000000000000000000e+00
-6.692812210345078228e-01,-5.306096341677078998e-01,5.778439432708252360e-02,-1.315842757127582974e-01,-1.059878997184472205e+00,5.286908818273613475e-01,2.044689235913767611e+00,1.820568929513762813e-01,-5.225880027092505431e-01,1.658359359191531324e-01,8.073927791845962876e-01,1.000000000000000000e+00
2.860666745696918145e-01,-9.894036860709942705e-01,5.807005180426467739e-01,-1.778504270873687565e-01,-7.049048164781690495e-01,-1.270894993863634914e+00,1.121135482060533484e+00,-5.656452479033530212e-01,-8.113340078924505816e-01,-4.284602999592161399e-01,7.618865219459034499e-01,1.000000000000000000e+00
1.105279725457798623e+00,9.260873878835955697e-01,1.775639208785372736e+00,1.500831408444920079e-01,-1.152265707372135406e+00,1.208532454399066314e+00,-7.806255531798268754e-02,-7.308190505548497473e-01,1.884285086814722898e-01,-1.022626543142422406e+00,-1.005280860169874613e+00,1.000000000000000000e+00
8.712730237334246342e-01,6.530885958861517571e-01,6.756670937790357767e-01,6.349124397304758416e-01,3.658541227831784703e-01,4.801825056667131109e-01,-8.819554866921585079e-01,6.610187534374097895e-01,1.852958224216995520e+00,4.833043664284937813e-01,-4.442874653145255093e-01,1.000000000000000000e+00
1.022137506652506023e+00,-1.162781247413785350e-02,-8.565353609016139458e-02,2.090013368838152363e+00,-2.637961515557064596e-01,-1.097464069688206090e+00,8.655312330667392917e-01,5.117013042057481087e-01,2.399951143824361033e+00,3.653579412765919909e-01,8.347720566984279111e-01,1.000000000000000000e+00
9.671417587937269911e-01,-7.721704066626348117e-01,4.583205660518863134e-01,7.476611829828191391e-01,2.196124211677846549e+00,-2.978013915781080323e-01,-5.457901521221367735e-01,-1.337009969825373179e-01,-7.610916694008984518e-01,1.041350792758957561e-01,2.132125806624043940e-01,1.000000000000000000e+00
-3.333679883004494471e-01,-1.928594401564940775e+00,4.465397204573761658e-01,3.353436433404913819e-01,-3.969480014977170845e-01,-1.259095325160710210e+00,-1.845975985876280090e+00,-3.582678179824656528e-01,9.624079167985790662e-01,-1.849831818049945120e+00,-1.488126624632701844e+00,1.000000000000000000e+00
-6.127837193372184244e-01,6.698508218428668171e-01,-2.803752595855994456e-01,-1.224306371172412811e-01,-2.592438215563902526e-02,7.645680508841279366e-02,-1.321205491275514232e+00,-1.583476701013624560e-02,-2.874400177491974739e-01,1.601378811847262856e-02,-3.726709502335850410e-01,1.000000000000000000e+00
3.230681158586959922e-01,-7.106653692755205975e-01,-4.821973682381612836e-01,-1.510701998050208161e-01,-6.872342717363132403e-01,-1.257522600394794521e-01,6.522827801976839313e-01,-1.759299569312400502e+00,1.130622730830961320e+00,-5.508651637860824124e-01,-2.831196663291399851e-01,1.000000000000000000e+00
-1.055905343092562870e-01,1.838287547796085830e+00,4.210665202560338050e-01,1.206108666784640737e-01,4.752562561099911154e-01,5.368607423923507094e-01,-1.487301930394717475e+00,3.022995348049540287e-01,2.057816193912593850e+00,1.064723023225978782e+00,-1.789841499762047650e-01,1.000000000000000000e+00
7.059267121569710035e-01,-7.834276115391020090e-01,1.874647379066042507e+00,-9.122848395057087112e-02,7.368156620256435807e-02,1.176321521984347696e+00,-1.214724082308958897e+00,9.333265312133647296e-01,-1.878362609445756171e-01,1.073651115051254878e+00,-1.083447874215840989e-01,1.000000000000000000e+00
1.016374040872612128e-01,-5.989310116561521319e-02,-3.246647076119714703e-01,-7.131322534996734630e-01,-4.755202238700073636e-01,-7.090775493322887257e-01,-6.611742823119395318e-01,-1.386463405874670540e+00,-1.980946715155765370e+00,-5.245733453215118969e-01,-6.913738644465221295e-02,1.000000000000000000e+00
-5.012754688147236237e-01,4.085272898147770948e-01,-9.850904144230443471e-01,-3.017026888698688403e-01,-1.230472293674106821e+00,5.785122856453405182e-01,-1.630407645146753071e-01,1.197922297958984306e-01,7.311577641643503267e-02,1.004900751368180550e-01,-3.856150068717242863e-01,1.000000000000000000e+00
-1.733905476906378640e+00,4.422895904824514779e-01,6.869666451748532299e-02,-3.371956175035628056e-01,1.333622602140562607e+00,1.383595047302034642e+00,9.222274260495973985e-01,6.528261344146204515e-01,1.266029746875326101e+00,-8.864409752001228826e-01,-8.367977482576886006e-01,1.000000000000000000e+00
-8.488426996913388534e-01,-9.981314438994828286e-01,-8.040782264638922650e-01,-8.060056038179964633e-01,-1.875550509546537681e+00,-1.799962001724850769e-01,1.129950811116123166e+00,6.216371745608757493e-01,5.917767614718325575e-01,3.391239432790826291e-01,2.846537674812416596e-01,1.000000000000000000e+00
-1.249677585159571086e-01,5.382243917942647338e-01,8.311219520380543901e-01,-2.034780003458026842e-01,1.741645122594923933e-01,-6.083622649309624597e-01,-2.000655896247379051e+00,-4.723974140312311998e-01,-9.975818446552631169e-01,-4.953047431516051646e-01,-4.637082901089317755e-01,1.000000000000000000e+00
7.270935456113448714e-01,4.497969377835052684e-01,1.960180445283834727e+00,1.703905452537512355e+00,-3.753344393034931392e-01,2.199422375403741470e-01,1.483477950576877591e+00,8.034287340633249064e-02,5.671293880478333049e-01,-1.987654269211853286e+00,-4.146912915123667220e-01,1.000000000000000000e+00
5.851453834972052126e-02,-1.718880797110746705e+00,-7.468341380682036457e-01,-1.564547589025884478e-01,-1.513041103819340760e+00,-9.961125452234507183e-01,2.472045059537928691e-01,-5.748543206959453311e-01,-3.205762545757533943e-01,2.348449019554202655e-01,5.058750810656164054e-01,1.000000000000000000e+00
8.075535182604370865e-01,-3.945992401754454537e-01,-3.899515194614990299e-01,-1.340139315253032759e+00,-1.043871469841147981e+00,6.007648217229836218e-01,1.861020059641170343e+00,-2.762782071741224366e-01,5.439621219585393241e-01,4.350877527930077093e-01,7.899962601530050033e-02,1.000000000000000000e+00
2.128746926819149177e-01,-8.999676860143234203e-01,1.292275284486494646e+00,1.157990993488475784e+00,4.845792360711822511e-01,-1.449049380447458235e+00,9.594970777932976258e-01,-8.009951093881099160e-01,1.973179818716490397e+00,-2.106247806599096384e-01,9.859023486787300561e-01,1.000000000000000000e+00
1.306442802796922154e+00,-4.301362578394685166e-01,-1.106143733537890209e-02,1.142454383442282756e-01,4.681430977997290688e-01,-1.311594390418618028e+00,-9.264732627017717714e-01,-1.112996370472007390e+00,-9.485462918302214330e-01,8.594421947932591177e-01,8.579393868307670923e-01,1.000000000000000000e+00
3.331036570557328602e-01,-5.101075037607583074e-01,-2.325560187637254472e+00,4.837807280686884370e-01,6.126916730919387127e-02,-5.385948001591794876e-01,-2.227754294801846946e+00,-1.295455546289898952e-02,-9.889865072869699070e-01,-3.697852539441641162e-01,-1.064476248485606957e+00,1.000000000000000000e+00
-1.176281012998628972e+00,-6.634128870850940496e-01,1.845657142379434346e-01,-7.493500347857333654e-01,-4.283530486957110028e-01,1.644774291536675648e+00,-1.072685415914752305e+00,-7.194325819764676444e-01,1.138805104139170021e-01,-8.748362664650558562e-01,-1.529782378894534389e+00,1.000000000000000000e+00
1.533579409730826626e+00,6.885902544022912131e-02,2.082557213248500627e+00,-4.797504279880680511e-01,-2.193160086668231867e-01,-1.048415606008238798e+00,4.569861707766441627e-01,-5.817026806260626737e-01,1.813988572740761862e+00,6.213660509239160579e-01,6.997948931755283430e-01,1.000000000000000000e+00
-4.163570810530924787e-02,-2.804743156539488691e-01,-7.454077175091133878e-01,-1.297376076629525032e+00,-5.968591801851720960e-03,-1.687348387379316250e+00,-3.362424261702445238e-01,-3.776378470818796962e-01,-7.281427499375656698e-01,4.314052153332364470e-01,5.388251808037605173e-01,1.000000000000000000e+00
-1.549915849251747746e+00,1.511329815894023820e+00,-1.463197582321898116e+00,1.273626365768472102e+00,8.487297618896069151e-01,-2.711245789677513840e-01,9.803064246064624454e-01,-5.468573242855385708e-01,1.503921304400463121e+00,1.217502259475346627e+00,1.637482809439534837e+00,1.000000000000000000e+00
-3.716502548030792275e-01,8.792967547601590050e-01,3.401203661224174168e-01,2.016894590085108963e+00,-4.389812357441062463e-01,6.800135891817663536e-01,1.343934041815648905e+00,-1.287052902426210510e+00,-6.402845761170097294e-01,2.012061995591187369e+00,2.689881721770306822e+00,1.000000000000000000e+00
-1.838970319495051298e-01,-1.036548207486775314e-01,1.881171942506104200e+00,-1.474330901027240681e-01,1.922751890095525384e-01,8.523442488630127434e-01,-1.749867222539532197e+00,1.348728703577086463e-01,1.069272492683439157e+00,-6.528587651104900136e-01,-1.321231873330804163e+00,1.000000000000000000e+00
-3.689260487429082969e-01,6.902738682680291393e-02,-1.092151826749370933e-02,-9.490951842884622902e-01,1.462465426426535320e+00,-1.139706343975818825e+00,-1.485607158940625228e+00,-9.259504301857685027e-01,-1.398737299480855290e-01,2.719272712421761939e-01,9.044811971248500893e-02,1.000000000000000000e+00
-2.931542283251012404e-01,4.010447112163275096e-01,7.289668969688385403e-01,3.571204383868383236e-01,1.332807035644035132e+00,-2.402232203121770771e-01,-3.711920706708197182e-01,1.372426203430388458e+00,9.107889423780803906e-01,1.508966809752053106e-01,2.082048188817146525e-02,1.000000000000000000e+00
-4.984560454516766548e-01,9.653713033965124479e-01,6.799696912623094391e-01,-2.646512270904488595e+00,4.077994320124977978e-02,-1.303391747292044656e+00,-1.448348601946274572e+00,-2.420550154877861182e+00,-6.415504582664158795e-01,-9.316553502425863886e-01,-6.732343842291088620e-01,1.000000000000000000e+00
-3.198642025225814645e-01,2.984460377475817716e-01,6.213167270093290506e-01,1.305861613569814006e+00,-9.608802083094967195e-01,1.632247609442389891e+00,1.060164509951754708e+00,6.178032470563050299e-02,1.092360302290800833e+00,-3.250229186289970706e-01,-1.483403273107036235e-01,1.000000000000000000e+00
-1.066119396677681186e+00,-6.090079159963216471e-01,-6.395085842027530276e-01,-3.400052136946571379e-01,1.415695544279969242e+00,-1.132395309752433743e+00,-8.484126710882460287e-01,-6.400795299038547492e-01,3.807733880534304727e-01,-7.126818304029067797e-01,-3.524130856709771775e-01,1.000000000000000000e+00
1.600584451293833199e+00,4.937957506705197841e-01,1.124428442385322802e+00,9.308285459454440636e-01,2.212448269487020891e+00,-1.361102807474009468e+00,-1.230045951856859388e+00,4.360768633637882030e-01,2.483966769442901013e-01,1.123336347114879619e+00,9.350773174872928362e-01,1.000000000000000000e+00
-2.075669232822014987e+00,-3.855352006951345278e-01,-9.979361358573048957e-01,3.854897283008999753e-02,-1.616965908323245271e+00,1.194852603577559957e+00,-5.978197000560768748e-01,2.070594495936828594e-01,-1.198075031289574044e+00,1.317509270822146694e-01,-1.708393857442133679e-01,1.000000000000000000e+00
-1.273986149825630410e+00,-4.867301677562554940e-01,-1.975256183917993014e-01,-4.239820170205586547e-01,-1.571160112436273071e+00,-3.831305513995250100e-01,6.237987510914693168e-01,-3.581819269228691538e-01,1.559106184367937464e+00,-8.451978472226194805e-01,-3.764168121517423304e-01,1.000000000000000000e+00
-3.872525438230381423e-01,-1.348105819816172612e+00,-1.528768167126986155e+00,-2.028226551604654482e+00,6.941892188258174112e-01,-7.936576817046102628e-01,-2.926680344630688824e-01,-2.058639816853553156e-02,-2.650436403841006094e-01,-1.578053075260827498e+00,-1.670315849874091318e+00,1.000000000000000000e+00
-7.908312841059480514e-01,-2.970326363107533285e-01,-9.232474690926548710e-01,5.945401943279420287e-01,-1.139841874118465714e+00,-1.208680205915793282e+00,1.215689715703126561e+00,1.036886041926099900e+00,4.010816831810052330e-01,-2.210526967573442025e+00,-7.609840382005743642e-01,1.000000000000000000e+00
-1.127771427334877563e+00,7.639968828092625897e-01,1.388026579004254524e-01,-1.142569148130401668e+00,-2.431583447824696986e-01,-1.724549301846148852e-01,4.563183318290306434e-01,-1.745771436206947191e+00,-2.044499399331837441e+00,-9.173514906904524091e-01,1.752109931301083223e-01,1.000000000000000000e+00
3.124424409970422145e-01,-4.488392897838776596e-01,1.792172153285349900e-01,8.611056436207458198e-01,2.778833503324869003e-01,5.750671823720208131e-01,-6.681672161073957117e-01,1.810852551586264791e+00,1.501003176479165369e+00,-1.603250674308837498e+00,-1.967237326871107861e+00,1.000000000000000000e+00
1.017158638122589442e+00,9.065645360308901557e-01,-1.188124100246581660e+00,-5.272210551860485872e-02,-1.066440417317702449e+00,-6.119337092031696956e-01,-8.889792247820305082e-01,7.034616686700523314e-01,-1.390712658825445369e-01,1.695342759275779043e+00,6.456901746598247005e-01,1.000000000000000000e+00
-2.193547533418020445e-01,8.573331699312106147e-02,-7.168884376007760295e-01,-8.231524185230709723e-01,2.200666857362617801e+00,-9.472188746945549020e-01,9.543858366842951080e-01,4.407808915506266634e-01,1.153706725386382637e+00,-1.436927309037758782e+00,-8.597190728528795178e-01,1.000000000000000000e+00
3.131494371127026555e-01,-5.633714660211905922e-01,-4.007849103908492361e-01,9.614918805950407599e-01,-1.021410118699634939e+00,1.415340196758097857e+00,-1.351410530094790285e+00,1.873002352100188173e-01,4.476197339264813557e-01,-7.074600049894979037e-01,-1.568550995560369588e+00,1.000000000000000000e+00
1.639541507349155491e+00,-7.851533203745796330e-01,1.379252611468543277e+00,-7.413351133614770605e-02,-8.700488168063833516e-01,2.705291020309235073e-01,4.637780359233280580e-01,6.987298954404395079e-01,-1.280666817141144831e+00,7.210221874664793917e-01,5.431657478585821819e-01,1.000000000000000000e+00
1.528990706753995621e+00,1.717701498142200744e+00,9.783422303685611610e-01,1.630893338214794097e+00,-4.782418684149247756e-01,1.986744205732758339e-01,1.295003663085139700e-02,1.327261796545895267e+00,-5.173848137668076719e-01,4.073158127345561375e-01,4.824212176364413573e-01,1.000000000000000000e+00
-3.950500214444829794e-01,-8.814362189264712821e-01,2.865464826817628041e-01,-3.729395242602800975e-01,1.288034149667682815e+00,2.062458428849034409e-01,1.855351788411520875e-01,-2.351024726824261224e-01,-2.339267394798505151e-01,4.621278770629530519e-01,4.018819659105269393e-01,1.000000000000000000e+00
-4.836750127055174930e-01,6.231282668411137760e-01,6.178587905760247745e-01,1.315099376710562762e+00,-1.782016260301489963e+00,-3.675533178644838639e-01,3.076427367897243692e-01,6.117136350511235415e-02,-3.345850444820589464e-01,2.528086150330746129e-01,1.058421384869775217e+00,1.000000000000000000e+00
8.024453033575633665e-01,2.023013611631530317e-01,-1.019414041103604118e+00,1.287689324155772308e+00,1.178345222076898180e+00,-3.663867711054036302e-01,-7.529900642709560499e-01,8.709297726748639334e-01,1.188318930812303664e+00,6.712287664443592483e-01,3.300972569530716272e-02,1.000000000000000000e+00
-9.187957271587029462e-01,-3.292015568791522573e-01,-9.035459007510191487e-01,-8.838047344674931916e-02,2.511564261450568991e-01,5.163567499613511830e-02,3.976506578037576345e-01,2.868986349303264571e+00,-3.488984654156371268e-02,1.882269390944862897e+00,1.060874788596731566e+00,1.000000000000000000e+00
2.176480866896575439e-01,9.701332696233505581e-01,3.699987559714919549e-01,-2.240176103083566517e-01,-1.496419795992228463e-01,2.250718476913760382e-02,5.950779944863102688e-01,4.840275988554347264e-01,-8.001862963079685587e-01,-9.316811222662952918e-01,-3.878708855203536476e-01,1.000000000000000000e+00
-6.427463955527189243e-02,8.129920533387952064e-01,-2.008165656072692096e-01,1.041270272331290825e-01,-1.444472630081522491e-01,5.527873867937811436e-01,-8.623416137571328077e-01,-3.965858933534058273e-02,-7.376091531229254095e-01,5.841711563173169752e-01,6.815995813002710679e-02,1.000000000000000000e+00
1.753465212387842920e+00,-1.385418783790157982e-01,-3.008920677433669227e-02,1.626320733406418029e+00,1.314029501696325042e+00,8.429098153575051988e-01,8.227388525099195160e-01,-1.560199929444253231e+00,5.564348254526310100e-01,2.783894728919961842e-02,1.999391029611070070e-01,1.000000000000000000e+00
-2.331112131239416463e-01,-1.166384197285585289e+00,-1.416388788180569680e+00,6.526063730237384453e-02,4.227087919546275718e-01,-2.414583170957780578e-01,1.154580253677608193e+00,9.950463491947590944e-01,-4.764614800590359356e-01,1.367002903073002207e+00,1.205776501960242886e+00,1.000000000000000000e+00
9.282866551316802939e-01,1.018441042603084101e+00,3.015593680911964558e+00,1.433447606058867452e+00,-3.829502848493201439e-01,-4.433797925300222986e-01,3.761243677118882189e+00,6.226507437657442523e-01,5.304319096815133250e-01,-2.129213636382904506e-01,1.972106918871624037e+00,1.000000000000000000e+00
6.164356774871083688e-01,5.357405053796205907e-01,3.436390537296085124e-01,8.062535661748113647e-01,1.805078492597941286e+00,-6.810368408824086783e-01,5.225744071122636614e-01,1.273788546905636032e+00,1.879081555172074092e+00,-4.269147734961716845e-01,-1.788106881638584778e-01,1.000000000000000000e+00
7.691336509373629671e-01,-9.444159830022712532e-01,2.409993197314812818e-01,-2.053019778055972244e-01,9.830542950236871580e-02,-5.124859561583094969e-02,-4.911567249680677816e-01,2.137229140808616090e-01,8.562850146673056662e-01,-2.386869953513341969e-01,-7.286540207347257381e-01,1.000000000000000000e+00
-3.654971038567033093e-01,-8.840666680746743500e-02,-4.856891083838339451e-01,6.647772952791140000e-01,-2.374605933970468374e-01,3.337457905258225388e-01,3.638652344633604430e-01,1.290852084452170923e+00,8.139965808793960811e-01,1.166164879200074500e+00,6.721925168247928628e-01,1.000000000000000000e+00
6.897659695947035985e-01,3.989149234229056318e-01,-1.511218437213127430e+00,-9.905566637557774445e-01,-7.751371170737021421e-01,-8.838403632292375356e-01,1.296273867092131660e+00,-8.614723008018806416e-01,-3.717729677754502693e-01,-3.620656232007674058e-01,8.182330933411484375e-02,1.000000000000000000e+00
-5.146656616259922545e-01,2.523504642686411614e-01,-7.966302072620300434e-01,-1.787760911647343909e-01,7.107464821974270874e-01,1.405540984736049215e-01,3.833283371848351107e-01,8.563907603178961825e-01,3.795592441416578006e-02,-1.003187176235200845e-01,-1.797204008507993500e-01,1.000000000000000000e+00
-3.278156847665684714e-01,-6.337949113045766580e-01,4.655845518556044338e-01,2.359046846067661019e+00,-1.049783484993446758e-01,4.894588112595923413e-01,-4.350236764813831813e-01,2.455893158470986215e+00,2.882890698366823434e-01,8.895873446979012389e-01,6.357588625193284493e-01,1.000000000000000000e+00
1.455542728777584838e+00,-1.294917382205513501e-01,-5.564870301975535227e-01,-1.177844398841147028e-01,9.945861896177138339e-02,-4.355342516861998026e-01,2.563402277764924575e-01,1.028736317020759961e+00,-9.530092500135432798e-02,-3.987965281999955036e-01,-5.949736353812260514e-01,1.000000000000000000e+00
2.089940104056640102e+00,6.964859341779494617e-01,6.262782687353842803e-01,1.558279523780154330e+00,1.261499950172448647e+00,2.030976487677399245e+00,-5.911330653175674854e-01,6.339624911696382092e-01,5.119636093386370490e-01,6.071989295436189815e-01,-6.092166144899966440e-01,1.000000000000000000e+00
2.805477554714064792e-01,1.986843264049793500e-01,-7.144630051383139557e-01,-2.096160526939732982e+00,-9.377602265676269200e-01,-2.056003009870746912e+00,-2.708813748934948973e-01,-5.023327362168874544e-01,-1.707560725613864516e+00,-1.238798075380987518e+00,-5.676312902681748263e-01,1.000000000000000000e+00
8.934918174853252459e-01,1.377426140429990620e-01,1.806216935227680231e+00,2.162999080937970664e+00,-1.162931892926237776e+00,1.240992686648119792e+00,-2.271056050562817175e-01,1.250229860268581294e-01,1.189085660520249998e+00,8.435979365519316042e-01,5.212124636910280273e-01,1.000000000000000000e+00
-6.903523053894320416e-01,-6.968709995993078721e-01,-8.802763624035756518e-01,-3.753984313942280160e-01,-1.708511482859639941e+00,-1.202504497262433913e+00,-8.974104655679475684e-01,-1.648763987203667736e-01,1.407536704667435024e-01,1.026174876519947210e+00,7.112376276471380487e-01,1.000000000000000000e+00
-8.981849871753900816e-01,-4.800093542416739578e-01,-1.158593376131485525e-01,-7.632111684868508883e-01,1.167277982466822239e+00,9.520891953453955447e-02,-2.473285504249198574e-01,-1.721368675470866250e-01,5.012230678700030362e-01,2.761084939461638244e-01,-4.042578393757554484e-02,1.000000000000000000e+00
1.170849443841255999e+00,4.524999115658220883e-01,3.607637409549518392e-01,2.684767951442615930e-01,6.368676304712929115e-01,1.249757448953446648e+00,-7.150158681499533264e-01,-8.322101359212079330e-02,9.065337983730928917e-01,2.313703851509411047e-01,-8.075501588949537402e-01,1.000000000000000000e+00
1.312055677539478049e+00,5.359831312232367362e-02,-1.856364436063425494e+00,1.240196366534070282e+00,2.089735214971345095e-02,-1.120416584229511292e+00,3.930270138246008682e-01,8.548252181146877016e-01,2.119317742148997930e+00,1.891802338741435663e-01,-4.972235049907195586e-02,1.000000000000000000e+00
-1.750067243173404785e+00,4.003680472621345410e-01,-6.187016470093319453e-01,1.591952569366466674e+00,-1.015885840616912006e+00,-2.253669153634438871e+00,-5.786561637824083615e-01,4.224954249205198908e-01,-3.889001285218710580e-01,1.421235478195936208e+00,2.378292251982345284e+00,1.000000000000000000e+00
4.158643338274275458e-01,1.429912317483920781e+00,-1.743793655905639506e+00,1.110140837491986998e+00,-7.063410292364533660e-01,2.271415839146434745e+00,-1.249675071087957279e-01,6.174150020669921801e-01,8.036465022198798769e-01,1.749981192052801893e-01,-1.066582392007398017e+00,1.000000000000000000e+00
-6.904429824303838226e-01,5.817523587607259516e-01,-5.645986162614461401e-01,-1.859156270929867460e+00,2.359190549973263717e+00,-1.011388772539395936e-01,4.526697465094359774e-01,-5.458017349069664848e-01,-1.690959655986123300e+00,1.070133077097843222e+00,9.477607751930317015e-01,1.000000000000000000e+00
-5.897080920912527446e-01,-4.372366153347087003e-01,-2.919266414695166276e-02,9.582290585610345746e-01,-4.104681110565474578e-01,5.385501784388720958e-01,-7.347202830543041463e-01,1.041880832515944544e+00,1.450519503200703164e-01,7.595572397546914711e-01,2.422139977130775279e-01,1.000000000000000000e+00
1.107359117549527872e+00,4.456758570444254164e-01,2.144296236205833484e-01,-1.105568384535693172e+00,6.929201635256626579e-02,-5.942496072185995404e-01,-6.629965856654781442e-01,-6.302949281533301584e-02,-6.940351619599115507e-01,-9.445057546608136567e-01,-1.028844964584644028e+00,1.000000000000000000e+00
7.357586810363889729e-01,-4.422839724077258228e-01,1.247591759292222768e+00,-9.921350286526596507e-02,-2.726873961848114147e-01,3.169186460156517282e-01,8.838905093663437240e-01,2.715033154638064605e-01,1.632861856492707694e-02,-1.270251912048596887e+00,-7.379095614923839586e-01,1.000000000000000000e+00
1.580321852226735491e+00,-1.282680543955704577e-01,1.834616267860560868e+00,3.622026994452510196e-01,5.593355442299884350e-01,1.235541719092740021e+00,1.024997183718060791e-02,-1.791445194647275141e+00,4.533466963226864266e-01,1.098544808753233903e+00,5.871355571226940517e-01,1.000000000000000000e+00
1.369560840977091631e+00,-2.646490502710905912e-01,-1.065467109365628162e-01,-2.791607571251464748e+00,9.678552128084769723e-01,9.715608377978857124e-01,-6.222629045134079329e-01,-1.186455838998563328e+00,1.416220991477611824e+00,4.818199386367437442e-02,-1.702350784653947180e+00,1.000000000000000000e+00
9.702927724513240593e-01,-5.575912643177857175e-01,-2.308769781219333073e-01,1.060513463247546362e+00,4.926035587705066554e-01,-1.130248221085111249e+00,-3.296431750259272708e-01,2.356737865107856045e-01,-5.834449244763509901e-01,-3.686219913993378783e-01,1.432322371710263997e-01,1.000000000000000000e+00
-4.864423531089542285e-01,-1.307055706022007380e+00,-1.239293360090484297e+00,1.368583096819568468e+00,-1.725595780136609969e+00,3.598202050614815461e-02,-7.481122572243773527e-01,-4.066776784299141467e-01,-1.445479435882341734e+00,-2.729549556883030803e-01,6.872004843217808211e-03,1.000000000000000000e+00
1.054814168772816863e-01,6.903480020138161866e-01,-5.753905609811844624e-01,-1.136720136469064668e+00,1.127777314672673281e+00,1.248618602426463609e+00,-3.038945386723579389e-01,4.617663078106676311e-01,1.968748421134101922e-01,1.723106636562201921e-01,-9.578087507759641683e-01,1.000000000000000000e+00
8.617663112432277783e-01,-9.825559316605890769e-01,1.960461252173616720e-01,-1.288001843003718228e-01,-1.316621091864865978e+00,2.081151134959665916e-01,7.046911164427178964e-02,2.025003164682638579e-01,3.702577751159052966e-01,1.084004889997385535e+00,3.906496105569622901e-01,1.000000000000000000e+00
-1.056157969550420711e-01,3.745811085364670334e-01,2.987650628598382263e-01,1.096187625173305369e+00,-1.266206198311397024e+00,-1.435348292823787730e+00,-4.178809445356481134e-01,-2.512660553767040450e-01,2.190169892677559460e+00,-5.966831000741872337e-01,-4.797987832741269255e-03,1.000000000000000000e+00
-9.959738450195360082e-01,6.485182803446085664e-01,-9.382767888860071848e-01,-1.642948187301668916e+00,3.048583762856424073e+00,5.919796510418069424e-01,-9.421025024872817788e-01,-5.663589791949551477e-01,1.422680528636390829e+00,-4.991075415085630823e-02,-1.115723953882024500e+00,1.000000000000000000e+00
1.274292371490604481e+00,-7.805233936727635768e-01,-1.230901328025182595e+00,1.316343241726114055e+00,1.689554378572818205e+00,7.170889084727881668e-01,6.152456003785541222e-02,1.129004666583622168e-01,-6.543638058110490263e-01,-9.042109064904544358e-01,-9.485427565976520814e-01,1.000000000000000000e+00
6.677539559572331918e-01,4.693248271961555362e-01,5.088152320289980324e-01,1.204036446282618300e+00,7.219331003902194066e-01,1.009900064586135127e+00,1.447126984941641936e+00,-1.391935698917914355e-01,2.269435063204845893e+00,1.163680510905586996e+00,8.965383347832264205e-01,1.000000000000000000e+00
-1.872236072112933580e-01,7.542643841946852223e-01,9.775193805773700895e-01,7.652009787542298769e-01,-1.717659981278611525e+00,5.462714826207752949e-01,1.247300492901906033e+00,8.015730135849615801e-01,6.417860184110297794e-01,4.324684161673131855e-01,7.569648629063555623e-01,1.000000000000000000e+00
8.313689457712791775e-01,2.674484859581433671e+00,1.057213821211279159e+00,1.192239933752950121e+00,-8.910215405365108365e-01,-3.950282088965669236e-01,1.278163254610267918e+00,7.852677535553915789e-01,-6.205447536135582087e-01,1.026639244678895002e+00,1.796448010819259089e+00,1.000000000000000000e+00
-2.739391771948959664e-01,-8.239052333813666751e-01,-1.486595809697027315e+00,-1.639590986819283724e+00,3.940920662219756232e-01,1.485203897249094511e-02,-1.208645085329029589e+00,-1.155876727751314448e+00,-7.583156218610818122e-01,-1.098460933596077549e+00,-1.611213518924599075e+00,1.000000000000000000e+00
-1.610929546692472014e+00,1.851257542934915401e+00,1.068530763228210612e+00,-1.197146337149930101e-01,-1.117415284772018902e+00,4.564634880776538006e-01,1.707749332465503089e+00,6.766412951188784941e-01,7.205513459274127674e-01,9.339283663173943151e-02,8.509240595010532093e-01,1.000000000000000000e+00
-5.802847105466234501e-01,7.865248498715127212e-01,-1.061368953715350338e+00,1.362866133969719284e-01,-5.609941824429041102e-01,-8.587674601241183092e-01,-6.742123915656109689e-01,8.406940186079988608e-01,1.728301026045436117e+00,6.089192101869975726e-01,9.463396942416707480e-02,1.000000000000000000e+00
2.112351059328402947e+00,-8.004929551273011201e-01,8.759379325854180776e-01,-8.796634790925631497e-01,-1.669710658134447412e+00,2.054155363677855062e-01,-4.122787913818498629e-01,8.109904404157991520e-01,1.289573907658421836e+00,6.924259309122557937e-01,-6.565295122989028842e-01,1.000000000000000000e+00
9.503552009366424136e-02,3.401249260046392831e-01,6.348326083828823574e-01,-1.642945423043296937e+00,1.919625633007501886e+00,8.726356997801107962e-01,4.598617613946526239e-01,6.298416821557434320e-01,-1.645265880578618223e+00,1.260773414024485728e+00,6.205053210105454520e-01,1.000000000000000000e+00
5.440813102557032765e-01,-2.405663313344564846e-01,-1.047874844932472627e+00,-6.082516330008397309e-01,1.749894813293285445e+00,-1.364319226892043713e-01,6.776524181936280922e-01,-1.221405465472686247e+00,3.328253804837316698e-01,1.426596747050827563e-01,6.970293442034675158e-02,1.000000000000000000e+00
-7.070776840710464306e-01,-1.301363824756655019e+00,-1.330248845473548824e+00,-8.645747819016187385e-01,-3.171367535783612968e-01,2.396025556118158983e-01,-7.596694364513332243e-01,-4.268668249156388761e-01,-2.119772771094082242e-01,4.132505348910756049e-01,-3.544252470134702793e-01,1.000000000000000000e+00
-2.386157269476595122e+00,-5.143178932993667241e-01,-1.315864282467223534e+00,-1.171812617244084809e+00,-2.752099675606787255e-01,-1.362125055851898248e+00,5.699001180352709639e-01,-3.329147715531806662e-01,-2.958537613423625756e-01,-4.238807400224164391e-03,7.572915265705941756e-01,1.000000000000000000e+00
4.934438483767175643e-01,-1.415304502214840832e-01,-9.387312455650334009e-01,-3.814560948539825330e-02,2.173455435669102265e+00,-4.105899250496684583e-01,-1.214222472497833216e+00,-1.062067200727772942e+00,1.377195773285928349e+00,8.520863302383305804e-01,-2.287698738158092451e-02,1.000000000000000000e+00
2.140087232939205109e+00,2.076179700567033215e-01,8.330930591658584905e-02,7.120287202826287853e-02,6.293266242769213203e-01,3.023484403669901566e-01,5.786851035809310595e-01,-9.757824417571672182e-01,-5.157131130436372057e-01,1.160358101179713497e+00,7.661707767965536542e-01,1.000000000000000000e+00
8.134405637396564526e-01,6.399694205698679417e-01,1.253157367411782408e+00,-7.366619274599423006e-01,1.337252520962330493e+00,8.407723288435032805e-01,-1.733636218255893091e+00,1.087834558629247494e+00,3.609811521873758644e-01,4.104986215085085766e-01,-9.918826713901612857e-01,1.000000000000000000e+00
-1.772919998546290232e+00,-6.497430449236751837e-01,8.340687633519424660e-01,-6.629879938016266516e-01,-6.516193353698345181e-01,8.759748465619706659e-01,-1.404984835404123222e+00,-9.003400729294908089e-01,-1.084047015027946204e+00,-7.896631150846168401e-01,-7.951447920859483487e-01,1.000000000000000000e+00
1.071280957133299294e+00,-4.802614346631834952e-01,-6.047025561393152282e-01,8.126206610258295271e-01,1.828304464844315413e+00,-8.553380502252921902e-01,2.880080258233643775e+00,1.125536849095539305e+00,-6.939291949072160515e-01,8.026441735334662875e-01,1.805865215725130701e+00,1.000000000000000000e+00
6.210475874310190658e-01,-7.542920836176596200e-02,-5.987508347253104324e-01,1.364289117769891257e-01,-1.164865381219434060e+00,-7.839757760079525684e-02,7.698938072436137814e-01,-2.201317794875820244e+00,6.641788489185190825e-01,5.662357463425563564e-01,7.093637002339372444e-01,1.000000000000000000e+00
-1.129462359385109416e+00,-3.922668477095790363e-01,-1.811414200692786469e+00,-1.132914094042995590e+00,-9.486675443976132494e-01,6.605620205332913830e-01,2.712596730048453253e-01,3.904492526094430205e-01,-1.796960899093439590e+00,6.431510557592253763e-01,1.516886625435098224e-01,1.000000000000000000e+00
-1.194158105249210067e-01,-1.639005097338875894e-01,1.110812321478716669e+00,-5.224022559901652096e-01,1.373451699288801509e+00,5.648711383135276431e-01,-5.472022474365496186e-02,1.560645217040308674e+00,-1.133005469756017680e+00,-5.693041146575518185e-01,-5.884670584552857964e-01,1.000000000000000000e+00
1.469796027567980889e+00,2.541745062714477754e-01,9.977797674913434500e-01,-7.244608173139152618e-02,-4.116501093721617321e-01,-4.446259582896505691e-01,-8.687496484130687868e-01,-2.571796347892186807e-01,1.474157712779106989e-02,1.732393451522463990e-01,-1.301221360399251736e-01,1.000000000000000000e+00
5.566362114740526223e-01,3.125428937240982141e-01,-7.168746895971257471e-01,1.675610156062235623e+00,3.676881270071648555e-01,1.565118187628300739e-01,-1.438465523465054297e+00,-4.211224796408659654e-01,-6.794617709232182723e-02,-3.882438207894484683e-01,-5.643446688001371170e-01,1.000000000000000000e+00
-1.208744209752389942e+00,-5.642348025643065812e-01,-2.444374701273395178e+00,6.648755034838186306e-01,-2.259557013721906316e+00,3.148073407316441807e-01,7.122924648717805507e-01,7.760696479997423181e-01,-6.527138836512358377e-01,-4.098671523369672443e-01,-2.006964059834747682e-01,1.000000000000000000e+00
6.169852421176134083e-01,1.520204715265097484e+00,5.440185071839824804e-01,1.142460293082192324e+00,-5.746470980199612777e-01,8.824280674587695605e-01,3.617370188275823711e-02,7.562254475051239933e-01,7.970145719141141782e-02,4.353524304403875167e-01,1.970786491665063589e-01,1.000000000000000000e+00
1.600470568386117842e-01,3.608602112272193962e-01,-4.510258023015444317e-01,-7.345588878668656285e-01,8.535058054776740732e-01,-1.509712255741541664e+00,5.160062662850228854e-01,-1.457574851647167158e+00,-2.590067730756499209e+00,1.933487998212541636e-01,1.297417130976272759e+00,1.000000000000000000e+00
6.990552522092640109e-01,-1.323238927550498101e+00,2.618879644353443226e+00,-2.255941948522409923e+00,1.768787037301888132e+00,1.960095030106893788e+00,-8.670358057058717982e-01,-1.464253131232136629e-01,3.672248699056415155e-01,5.926172650724785829e-01,-1.026825079994879708e+00,1.000000000000000000e+00
8.310452219440433996e-01,-8.763287234794523428e-01,-1.900322255667986904e-01,9.570525984011846177e-01,-1.284538134705989210e+00,-3.637568029975842832e-01,-8.676468033730640184e-02,1.123332487368869481e+00,1.215057956717405796e+00,-1.824659560230022792e-01,-4.033416573554912121e-01,1.000000000000000000e+00
-1.692409662834142958e+00,-9.065116071683498866e-02,-1.012516094792427435e+00,-1.007566941607855426e+00,1.277353817834356864e-01,-7.378523185984854349e-01,-1.456094461739811052e+00,3.666001866946080323e-01,6.065232510654002818e-01,-3.731516592260321064e-01,-7.753783238693597868e-01,1.000000000000000000e+00
8.814554225744090088e-01,-3.928797910485104516e-01,-3.849811527587556070e-01,-1.108190753033966303e+00,5.796533391079149444e-01,1.044720763678266717e+00,-2.074314739625389592e+00,-1.098068687172900404e+00,8.326104898079944583e-03,-8.071429235930779877e-02,-1.621999769724311369e+00,1.000000000000000000e+00
3.745043719052958409e-01,1.293021173762609090e-02,1.520286938906197483e+00,1.143466494708393233e+00,-7.731233861346366032e-01,-4.761292992418131864e-01,-1.486649439743754408e+00,-3.464315946380321087e-02,3.071137148383252038e-02,-1.327529103965543023e+00,-8.247493727356054460e-01,1.000000000000000000e+00
-4.680865781013774374e-01,-2.324578812351737744e-01,-5.293760627536536756e-01,-2.074843612711511742e+00,9.462122319584461705e-01,-1.094937270710366839e+00,3.391197416226310879e-01,1.269562332405392846e-01,5.509850049284737983e-01,-7.921808215378517426e-02,-1.801162564547215128e-01,1.000000000000000000e+00
-3.066009242466873758e-02,-1.378401337811780980e+00,-1.594980124513630249e-01,-1.611981288620414787e+00,3.048152646257790144e-01,4.109198202317914661e-01,-5.871094489550057055e-02,-2.029973852429737935e+00,2.005572715838301046e-01,-9.925387737867794602e-01,-1.146015174561250571e+00,1.000000000000000000e+00
1.070711193238385872e-01,-1.356917931910326669e-01,9.782881914854246741e-01,1.181300554078448251e+00,-1.344912948352497084e+00,1.118151595594702563e+00,-4.716018428917155836e-01,-5.198321150484875863e-01,4.614818486869570746e-01,9.276212752494700231e-01,5.027220178435030107e-01,1.000000000000000000e+00
-1.320472919681204838e+00,1.482168075653327755e+00,1.529493263095877131e-01,-1.402731394080673821e+00,5.003904766295795836e-01,-2.189755651653803870e-01,1.657444827186353997e+00,1.626428038471683379e+00,-1.582518759564860433e+00,-1.292598484958201177e-01,6.365510066256189203e-01,1.000000000000000000e+00
-9.957059805455122092e-02,-1.913712106338310570e-01,2.679768141062972564e-01,5.740528671908623481e-01,-2.370886972432789896e+00,-3.883762469070736745e-01,7.926379181241902661e-01,9.573022595738374108e-01,-4.830631163429367492e-01,-9.136109638656325638e-02,5.082539355895552280e-01,1.000000000000000000e+00
-3.364956101952852885e-01,-1.204342636756065898e+00,-5.874834791709699910e-01,1.718545475172656545e+00,-1.118821275246947078e+00,-1.706866416533098230e+00,-5.234901931209553494e-01,-4.125318710643288700e-01,4.697687509582614274e-01,5.742425932843037151e-01,1.220949993840155789e+00,1.000000000000000000e+00
1.035935863177651406e+00,-5.893296769073873564e-01,-9.991951969896818442e-01,-6.521007533454792338e-01,-2.661237273009823823e-01,7.028194049518424746e-01,-4.556712268464429005e-01,-8.552702375619465613e-02,7.066759650889795630e-01,-3.949297070012176662e-03,-1.149316578440815473e+00,1.000000000000000000e+00
9.251048880831042043e-01,-1.108622433141075225e+00,-1.481572073277801938e+00,5.732594894865780111e-01,-1.742935772659099714e+00,-4.651242474705699070e-01,2.209250007493942236e-01,3.218310168156013895e-01,-5.494439890365369061e-01,-1.343133863223329172e+00,-1.020347036696748866e+00,1.000000000000000000e+00
-2.793014528947414199e+00,6.371348914826207022e-01,1.919051806372573443e+00,-5.603121226235612679e-02,3.829564078613966749e-01,9.409225014961600797e-01,-2.472351401289662576e+00,1.130068246033519186e+00,-4.460617722111824557e-02,-3.488851158952809284e-01,-7.398619429418320514e-01,1.000000000000000000e+00
5.597574766210793307e-01,1.762932290158309989e-01,7.580047004249174103e-01,-2.414330603654140650e-01,1.210677506912310880e-01,-4.559117739556228788e-01,7.109205751654100736e-01,2.491465049536994297e-02,3.539997289342976944e-02,1.058582042078315189e+00,1.146953530984492931e+00,1.000000000000000000e+00
1.656743161329142122e+00,-2.204499466000671079e-02,-1.123229771796700804e+00,1.136882150847751349e+00,-9.663177301530325725e-01,4.973569626715206304e-01,3.856911088191102288e-01,7.613815838851460856e-03,1.795758730680665771e-01,8.232525259337168944e-01,2.600440664679766201e-01,1.000000000000000000e+00
-2.950197994166056225e-03,1.711460162328410473e+00,-2.115435434427159755e+00,-4.005040292893233961e-02,4.155465498597691876e-01,-1.013472478476673988e+00,1.423080995793417625e+00,-1.713054477843870105e+00,-5.074630027254303233e-01,-1.606209204218798980e+00,-2.006770336830377699e-01,1.000000000000000000e+00
5.341226115025154986e-01,1.061165151125890577e-01,5.677324439280185819e-01,7.554852687384407961e-01,1.505394671545999152e+00,7.632479125836593159e-01,-2.425900258649852509e-02,7.769369282391327958e-02,1.435131686114226701e+00,-2.543149531790102058e-01,-5.392152879905850460e-01,1.000000000000000000e+00
-1.134984146164803809e+00,-5.567714233933244161e-01,1.414374094680085903e-01,-8.057939353617695755e-01,-3.491470688192760408e-01,-9.188983886989214867e-01,-9.245795817350491164e-02,-6.230978210612631019e-01,8.055251973238173324e-01,-4.564958621567227204e-01,-4.264487683829321085e-02,1.000000000000000000e+00
2.204642399165676725e+00,4.998277624751775589e-02,3.509029809344039741e+00,1.685008597130700725e+00,8.634724722106729144e-01,1.033315110373431017e-01,3.349209396483888046e+00,3.184415504789600559e-01,1.008358556677527496e+00,-8.444421127343374467e-01,9.746931529684376150e-01,1.000000000000000000e+00
-1.544968903097332591e+00,1.540290199680981686e+00,-3.770306638949398881e-01,5.971217000295632182e-01,-2.823721547639594931e+00,-5.457589963533417132e-02,9.100473297450953347e-02,-3.948091849259405817e-01,-1.295479496618250348e-01,6.222670478900552693e-01,1.037516303630457326e+00,1.000000000000000000e+00
9.804641767886040915e-01,6.395852012527357688e-01,7.835187054363136339e-01,1.257064381172139811e+00,1.430933924064967888e+00,3.654019321259200925e-01,1.647913847837504164e+00,1.376735172615174640e+00,1.673818200977916781e+00,3.173165938660850727e-01,5.075379016786044639e-01,1.000000000000000000e+00
6.334915977429556033e-02,-3.387869077262569695e-01,3.187464751648907274e-02,-1.019988186903752342e-02,-3.466612124075940105e-01,-6.143194771446899294e-01,-2.406523008239468631e+00,-1.692142411398896984e-01,-6.311906541389299408e-01,5.763760396975038391e-01,-1.217959890905535303e-01,1.000000000000000000e+00
-8.350587477496885791e-01,5.835360716031229300e-01,6.753575149302557534e-01,-1.947617802875667992e-01,2.221242716409128071e-01,-1.287928392687053281e-01,9.648866245575663525e-01,-1.096260823588044442e+00,3.427843421259546552e-01,-2.229175030489914278e+00,-8.299973085704676068e-01,1.000000000000000000e+00
-8.681379707739977913e-01,-1.310698195208865324e-01,7.534931540156672991e-01,-2.858253007559140579e-01,-1.483347708037328516e+00,-9.388699441180471394e-01,-4.242761444418274852e-01,-4.341473002997010000e-01,-1.253350609704769747e-01,-1.466552557980931537e+00,-5.456849132803132107e-01,1.000000000000000000e+00
1.030151367761134917e+00,3.323273440561808068e-01,2.069838268941151249e-01,-6.779793781708713662e-02,6.503256372887485925e-01,1.129478263629831725e+00,1.867531651907436696e-01,-2.616109867533216726e-01,-2.826961020193833884e-01,1.457993660704277161e+00,5.926067554354330635e-01,1.000000000000000000e+00
-1.133825805705340528e+00,6.091793273172541046e-01,3.237233634029905160e-01,1.489573297716424660e+00,3.217503265997068707e-01,1.024255197224780867e+00,-1.537368073856604012e+00,-3.667725829747484068e-01,-6.840653608738951341e-01,-3.369645200129885165e-02,-8.286360727007185956e-02,1.000000000000000000e+00
9.346174862162860697e-02,-7.961032137325243507e-01,4.500710724356151160e-01,9.743944965897085586e-01,-4.309303467900348350e-01,2.038609738978389263e+00,4.601021000898379842e-01,3.574720857909425287e-01,-3.153654136294802846e-01,7.179814538141587876e-01,1.810783928293014100e-01,1.000000000000000000e+00
4.061487390648878537e-01,5.400838621319812433e-02,1.723898335867719567e+00,8.482612725225902039e-01,8.500733676544499628e-01,1.490569787694281667e-01,1.534901407497414327e+00,1.787373277111351522e-01,-4.794652870896063401e-01,-5.781305683802274720e-01,6.047753701339922960e-01,1.000000000000000000e+00
-8.043577884937905265e-02,1.402557735741364775e+00,8.095900688316312044e-01,1.028140114367259494e+00,4.693450721639780832e-01,4.819165358587985670e-01,-6.772498883002580072e-01,-3.742082274504502371e-01,-5.517244991345721106e-01,-3.646417322853733323e-01,-3.979432308838666554e-02,1.000000000000000000e+00
2.797526496776145510e+00,6.405952702334691273e-02,1.695257262860359604e-01,-2.974800047234115730e-01,-1.860161885675502669e+00,1.194225628886484980e+00,5.145172034128739913e-01,-2.413825388481252165e-01,1.872040413097842526e+00,-1.755097506093686199e+00,-2.479216265046859657e+00,1.000000000000000000e+00
-1.011818056924894238e+00,8.546124239150100221e-01,5.313059639770683074e-01,3.938796343178860293e-01,7.672526776985956198e-01,2.033876624198275029e-01,-1.899549942185868368e+00,-2.618556586429446331e-01,2.857330782723224716e-01,-1.275503773791528017e+00,-1.244996524359847312e+00,1.000000000000000000e+00
9.284643295364336524e-01,4.445044143171723028e-01,4.992562263257267485e-01,1.927277887568844328e+00,7.543634331955265671e-01,2.203213276188822067e-01,1.106231237138862289e+00,6.379943200563611416e-01,-6.806475720609677094e-01,3.998928518674413901e-01,1.074793065714601425e+00,1.000000000000000000e+00
2.346328648798421401e-01,-1.673698682693040229e+00,-2.970028678162938210e-02,4.848934066397068143e-01,2.561512056644288937e-01,-8.287970202972948508e-01,-1.457429455677325736e+00,4.961243860203826683e-01,-1.152149137205458196e+00,4.784245242651143926e-01,2.658350664717197831e-01,1.000000000000000000e+00
-6.040556745303989061e-02,8.373772007704680664e-01,1.210150247816736746e+00,4.162131569506862250e-01,-1.224291282249305279e+00,-5.206434004055838782e-01,8.561907166969312533e-01,1.841372765429127034e-01,-1.495988784637692248e+00,-3.010574865678274925e-01,8.973479821271487245e-01,1.000000000000000000e+00
6.543640501007149668e-01,-7.498713281245350526e-02,5.604893031488733524e-01,-7.810382804247490984e-01,-1.713579363741873918e+00,-6.302169084714241976e-01,-1.246333746599316949e+00,-9.974758813478348252e-01,-4.508897897893598405e-01,-1.659603975398521891e+00,-1.448309511718973264e+00,1.000000000000000000e+00
-3.991543011246086459e-01,1.261703180432026228e+00,5.045780013204606007e-01,-3.194199417499711813e-01,1.055844278104493217e+00,-4.925555096945533617e-01,8.464376326183590260e-01,1.161705307552090449e+00,4.080705401314996816e-01,3.976999876300311709e-01,6.970805925804447467e-01,1.000000000000000000e+00
-1.310916525640124231e-01,-3.263966396279628923e-01,1.401523902476020655e+00,-3.038705390691925357e-01,-7.010425966789938235e-01,1.358225973154481014e+00,-1.514785066960085302e+00,-2.296520496712268766e-01,-1.752629046654716749e+00,-4.951835773951180492e-02,-6.015335928553744438e-01,1.000000000000000000e+00
6.178499452002007564e-01,6.106335354838254847e-02,1.648652028848731188e+00,-1.058005548891930436e+00,8.819721474067669931e-01,-2.850022119541401611e-01,-1.431313688339438173e+00,-6.501694419733565489e-02,1.173156438366900423e+00,4.244710861472003605e-01,-4.189245829805774979e-01,1.000000000000000000e+00
-1.577258655021747780e+00,-9.704876265042720052e-01,-8.783685558210182487e-01,-1.420803159792839221e+00,1.429695216954039116e+00,1.376061042878433671e+00,-5.419185381720376116e-01,6.035985932240481855e-01,-5.923984637946086984e-01,3.889742382086699424e-01,-6.703936498877874905e-01,1.000000000000000000e+00
1.530854589374685215e+00,3.478567524703962133e-01,7.407083072701839965e-01,-7.892785035484614631e-02,-2.377001096892171983e+00,-7.564364395654038509e-01,1.359408290726216606e+00,-4.260335104181633414e-01,3.224103861141036642e-01,6.466784001976210172e-01,1.039239911050748866e+00,1.000000000000000000e+00
-4.691880174101304979e-01,1.303499854420940185e+00,-9.368020372447274369e-01,-9.560328713572605608e-01,-3.018960789983568538e-01,-6.842670991358846821e-01,2.985346116380308001e-01,-5.550443971943247456e-01,1.502155148543780738e+00,1.597727575286941315e+00,1.067812519468385624e+00,1.000000000000000000e+00
-6.719552669896255992e-02,5.176572579601195628e-02,-7.966466705523914116e-02,-2.091025855677618450e-01,-3.596992774231803636e-01,1.045171354568706912e+00,5.333713801319400760e-01,9.755582845669837078e-02,-1.355273404513441526e-01,-4.187251279193953540e-02,-2.868020658031421033e-01,1.000000000000000000e+00
-2.328481618792498653e-01,8.416020623867066508e-01,1.599812000804723064e-02,2.109198913606868397e-01,3.176627514337163061e-02,-8.502884164395879685e-01,7.490403918675491157e-01,8.581840834093208414e-01,3.070042901869338148e-01,8.077943113745192916e-01,1.149039276262787679e+00,1.000000000000000000e+00
-1.199420177860542225e+00,1.674088213642554168e-01,3.664265699778507246e-01,-1.825126427812419294e+00,2.062548372631050952e+00,2.948294558677995725e-01,-1.781543272122482757e-01,-1.124383613063743237e+00,-1.529109882597916859e-01,2.653633280480163781e-01,5.512425444563542887e-02,1.000000000000000000e+00
2.334590805920324641e+00,-7.747903855210646062e-01,2.108153931555226679e-01,1.066383508206904196e+00,-1.299721719254586016e+00,-2.108230749316169356e-02,-1.714050212689930894e-02,-1.820680359472953702e+00,-6.916193408317824476e-01,-1.486548207042759917e-01,7.279494019159914175e-02,1.000000000000000000e+00
6.675654396887182873e-01,1.158510728873290291e-01,-1.080331630793048170e+00,3.507661207007648496e-01,7.412422780790169086e-02,4.942245267401978448e-01,-1.044193041780146158e+00,-6.629728456886707644e-01,2.426155998448203677e-01,-2.405432823005758669e-01,-9.195438409553655656e-01,1.000000000000000000e+00
-1.239670842657481842e+00,-1.441351382307870244e-01,3.997145458089861741e-02,-5.748689053082959299e-01,2.280213215365070323e-01,-7.313803424531140074e-01,-1.997365666206717849e+00,-1.829752330794543136e+00,-6.039327108485341711e-01,-1.159658624783167946e+00,-8.000101065188868210e-01,1.000000000000000000e+00
-3.015489005964901992e-01,1.058007726672324678e+00,4.591645079611713087e-01,1.831847642116668784e-01,-1.328274887318204034e-01,2.795597013671536346e-01,1.011869691946104322e+00,-4.569167555109033829e-01,-6.536247601707152466e-01,-4.175966278603996384e-01,3.834934921127760576e-01,1.000000000000000000e+00
9.331239652084624692e-02,9.350385706912893724e-01,6.078007602153919636e-02,1.095992655603673871e+00,-9.652502571064117687e-01,6.688843601113358961e-01,3.201262964975706837e-01,1.252144621165381111e-01,9.584705587469466437e-02,-6.320130260023716362e-01,-3.123493410846918672e-01,1.000000000000000000e+00
-2.239474096938587788e+00,1.940348126876802748e-01,-1.790858938993383109e+00,6.721051778369455665e-01,-2.218044282727848149e+00,-1.290208910199656112e+00,1.278416296634513838e+00,-1.402752186049623484e+00,-1.627812229148170031e+00,-7.689165522344925119e-01,1.225351237024199236e+00,1.000000000000000000e+00
-6.289407945686080748e-01,-1.503839090122689237e+00,-5.024322100189333451e-01,3.419062228142354387e-01,-1.454830574834701240e-01,9.206511675386077620e-01,2.942257071166771709e-01,-5.671895500971390475e-02,-6.271426028699053079e-01,-5.145253136313121534e-01,-4.326646695741695470e-01,1.000000000000000000e+00
2.013679609114026992e+00,4.068327856662804498e-01,5.215787399337693531e-01,-2.504485332879264337e-01,-9.516805875568202788e-01,1.564986791300540192e+00,1.653607877852611097e+00,7.557247274815482863e-01,4.586590895243015942e-02,8.920285547837207840e-01,1.350900521589773751e-01,1.000000000000000000e+00
2.075848155264353512e+00,-1.860507575226829191e+00,5.670149339232517516e-01,8.384498421722422767e-01,-1.334513123053068462e+00,-5.685344545117997361e-01,-2.029010430109318142e-01,-1.372367757617462214e+00,-6.995219368084356626e-01,9.418578321358590522e-01,9.409781859718298058e-01,1.000000000000000000e+00
1.008122195552064726e+00,1.330545645660631715e+00,-9.883880380695539425e-02,-1.922273471268926892e+00,1.590159436368897117e+00,8.558975390899985214e-02,-1.059414394082151434e+00,-9.598231081648829488e-02,-3.641369004613275728e-01,4.991820288776874226e-01,-6.513743185602270946e-01,1.000000000000000000e+00
1.551879328831803129e+00,1.279299158994323671e+00,-1.813583164802275771e+00,-8.206434480375768281e-01,1.868093378842253793e+00,-1.556629164116934694e-01,1.743603217675268269e+00,-6.660834369680231071e-02,-9.441230624164034801e-02,8.374467853688972729e-01,5.411870229157208501e-01,1.000000000000000000e+00
-5.679091816227553879e-01,-2.618972411950294399e-01,-5.404279334574552118e-01,1.466032045568901598e-01,-9.001586065849970231e-01,-3.292818620500205240e-01,-1.267304737247310943e-02,-1.104262361726554786e+00,1.734013965073424590e-01,-2.472824649186875501e-01,1.173317099941296737e-01,1.000000000000000000e+00
5.345835364931548206e-01,3.806632513654490957e-01,1.191454635007820118e+00,7.335937217744838978e-01,2.281644680209812481e+00,1.786645644006631839e+00,2.546475306850217724e-01,6.435558857427128299e-01,1.032950482093656586e+00,2.268377288189024621e-01,-3.746371433685377061e-01,1.000000000000000000e+00
-1.500380189770407768e-01,-1.214981378477593132e+00,-1.901460351377800784e+00,-4.536310014358048426e-02,8.206423663083005637e-01,7.773746624819605211e-01,1.392460760646384132e+00,-9.567910710501149607e-01,-8.737982323858758393e-01,-2.944209758107271813e-01,-6.830807691663491610e-02,1.000000000000000000e+00
4.048823145617926333e-01,-6.303410076068949319e-01,-5.537450906776837378e-01,-2.111975542904049874e+00,-1.230493576499956943e+00,-1.870385702751904411e+00,-6.491756070772891629e-01,-6.029676924043598785e-01,7.448415724969023044e-01,-8.764029998411154709e-01,-9.791529303042394439e-01,1.000000000000000000e+00
-7.363571581780610220e-01,2.769608965238165021e-01,-4.692189914978832643e-01,4.547111693768415286e-01,4.745896326898720874e-01,-8.602140569431403483e-01,-2.307809341329883357e-01,4.696792767807256991e-03,-3.264321708112580822e-01,-8.872338742305027059e-01,-1.211278423066892290e-01,1.000000000000000000e+00
1.811946785322412268e+00,-2.090232539710208948e-01,-8.477869474078361667e-02,-2.000735070956634498e+00,-3.516433760039691103e-01,-3.493415937677855632e-01,2.526407262091062034e+00,-7.298931073689098881e-01,6.199069443473573804e-01,8.577953505495798936e-01,7.280934070212462528e-01,1.000000000000000000e+00
-4.518253935492348439e-01,-8.030813345985984286e-01,6.563361002275839295e-01,-1.550427597269170343e+00,-3.285833310949122232e-01,1.972568908130299503e+00,-7.819132616384476264e-02,-6.150966638324416591e-01,-4.641710622943385767e-01,6.470279880965170705e-01,-4.018306816777600377e-01,1.000000000000000000e+00
-8.285447706946887092e-02,3.547961362811866692e-01,-9.973831961281006686e-01,2.219054342810416192e-01,1.473912577924770595e+00,1.226034142905631175e+00,1.779901736893060527e+00,8.786582738463616371e-01,-1.660859398714549018e+00,-4.334763518861952103e-01,-3.470290638024197544e-02,1.000000000000000000e+00
6.150563526270300674e-01,6.311832045037548689e-01,-7.361421442410317484e-01,-1.099028399935886080e+00,-1.470472531220761922e-02,1.578254592352806018e-01,1.007262623809496160e+00,-2.848033075890799015e-01,5.161595161519956232e-01,2.706710125227437466e-02,-2.475007595763844548e-01,1.000000000000000000e+00
-1.175532381457182529e+00,-1.787319356600219455e+00,-5.206630808256484944e-01,-2.453392117072190348e-01,-2.348395820325376582e-01,-4.685652419960473214e-01,4.006279359983414001e-01,-8.613746341906434179e-01,-3.259877462888379762e-01,-6.503246936914149900e-01,4.858588499585322906e-02,1.000000000000000000e+00
-1.101881786944753916e+00,-5.427170837203361131e-01,-1.880694842971073616e-02,-1.192741447904475116e+00,-1.431969614979896610e+00,-4.292719596065399656e-01,-1.609571254075125024e+00,-4.255336928378754546e-01,1.108337886629825908e+00,-5.632619498108712985e-01,-1.095799976338950099e+00,1.000000000000000000e+00
-3.839371147002144657e-01,-1.154413801084289704e+00,-6.840533847255365618e-01,1.139199565367701616e+00,4.786932623234207429e-01,7.962606527173666793e-01,-7.801503233437825369e-01,1.835623370572857793e-01,-3.722413313567724535e-01,-1.886552024891972879e-01,-4.696433673634203831e-01,1.000000000000000000e+00
6.812359687917899365e-01,4.299294780549446360e-01,6.236468105580862398e-01,3.443615083685334644e-01,-8.307388716724192212e-01,-1.349448862013050976e-01,1.081910932188701935e+00,-7.821192179989201465e-01,-1.881853882347325646e+00,1.820724117894293934e-02,9.789246262552823152e-01,1.000000000000000000e+00
2.543678575299373801e+00,-1.562208802474964187e-01,-7.538341822352775390e-01,1.925795347945463698e-01,1.354332975288482066e+00,1.011772467198171488e-01,-1.927059041186013344e-01,5.433196640222024212e-03,-1.894679003886720337e-01,-2.257900729688498309e+00,-2.300778702359472572e+00,1.000000000000000000e+00
2.983350710481804183e-02,-4.254906600836345643e-01,-4.962029183287369194e-01,2.592214791797700091e-01,5.129750449849647120e-01,8.674041035676962608e-01,-1.021299856154297414e-01,1.220386848036881577e+00,4.165202331393383361e-01,5.264997303550880137e-01,-2.836184302529032863e-01,1.000000000000000000e+00
-3.579253665504510407e-01,-1.228747785596326247e+00,-6.818122868463726283e-01,-9.728840651563532838e-01,-8.042481892557233614e-02,-1.445058993506778577e+00,-3.259031793807418143e-01,-4.811481917828773214e-01,-1.235712781577323671e+00,-8.300873826242845255e-02,3.053903544523597358e-01,1.000000000000000000e+00
-9.781790535179557544e-01,7.337865568124153359e-01,-2.602733102674875010e+00,-7.218498279717775468e-01,-2.080925587124749843e+00,-7.585991150666279159e-01,-1.130776494192198500e+00,3.868586307106171573e-01,-3.340812644592999203e-01,3.252048100250241602e-01,-3.203598254675674162e-01,1.000000000000000000e+00
2.057715033196436671e+00,8.670707596704251285e-01,1.481125952989120087e+00,-7.741661634606775699e-01,-1.317175870128974191e+00,1.235820083653720092e+00,6.261224197224698473e-01,1.933753256716237712e-01,5.350669755653105764e-01,1.354395763219485183e+00,2.490557831673236577e-01,1.000000000000000000e+00
7.914740396694752711e-01,6.891990278076048915e-02,6.064979527217697619e-01,-4.831992556159576679e-01,6.271674105537851096e-01,-4.542191018904341848e-01,-9.796856668993162431e-01,-9.635459867688257463e-01,9.728616503101749080e-01,-5.511091259864195901e-01,-7.886288183739050828e-01,1.000000000000000000e+00
6.405489626917572066e-01,-2.203938076008312930e+00,8.079735370888726509e-01,-3.148520435297170184e-01,1.535722144784808507e-01,-1.326703440301256476e-01,1.473544216121086103e+00,1.020134529227440523e-01,7.191931814973268056e-01,-1.251916158138482560e+00,-6.251194027468370829e-01,1.000000000000000000e+00
-7.235109888281767709e-01,-7.625858712054784938e-01,1.303747014848582131e+00,-8.833899063287766751e-01,2.606605505432423087e+00,4.537760915088882574e-01,7.332279778183861119e-01,-9.911200855682777977e-01,1.625360608361718917e+00,1.325744414826306894e+00,1.036909410501994699e+00,1.000000000000000000e+00
1.644699282975302879e+00,-1.442883469769346005e-01,1.719798625465822628e+00,2.612558170679148487e-02,-1.791713369217487140e+00,6.208151160802481972e-01,-7.141798883869705517e-01,-1.649352518879167340e+00,1.814138080034060296e+00,-7.964162972432841103e-01,-1.212346690970779184e+00,1.000000000000000000e+00
-3.053999060805555610e-01,-4.259631609349144310e-01,-3.513935262856750508e-01,-9.481919601021063793e-01,-3.334010965823276385e-01,-2.486742610492144845e+00,-5.347544197680785816e-01,-3.436923904836858834e-01,2.464991994158832966e+00,-9.422850892592871119e-01,-5.734315646755773210e-01,1.000000000000000000e+00
-5.686226698406922075e-01,4.658788886944190133e-01,-1.263920947203512446e+00,-7.839145726239966638e-01,-2.255963706895553145e+00,1.170104059844085942e+00,-6.532490752436372894e-01,8.952657325720843051e-01,-4.754988654212131127e-01,-1.045012512424784212e+00,-1.805254509173216393e+00,1.000000000000000000e+00
4.899960993414380628e-01,3.589390223392647239e-01,-7.496076222291433444e-01,-6.274125185071653954e-01,4.106365893829717895e-02,9.631654287145949844e-01,1.033293280224486965e+00,8.409513651497572129e-01,9.796393858847171066e-01,1.264529463388047281e+00,2.318679264496799342e-01,1.000000000000000000e+00
1.121754690126709031e+00,2.698816069418077945e-01,1.065536878487921779e+00,1.990870844984740984e+00,9.962886443769627398e-01,1.138870624694539480e+00,1.274903843301558926e+00,9.772069058957655319e-01,9.766903204356442991e-01,-5.214990400328486375e-01,-1.520219827073860386e-01,1.000000000000000000e+00
1.463589956864734587e+00,2.009523226451516376e+00,6.483782474592174605e-01,6.518966180281139389e-01,1.246866490899373403e+00,4.158123895025339634e-01,3.800560308721416258e-01,1.185798672979830659e+00,1.324653677363415216e+00,1.810024049949493952e+00,9.585427342799840433e-01,1.000000000000000000e+00
5.086122935557298996e-01,-1.139004020522458971e+00,1.109296620613172912e+00,-9.264998806927474684e-01,1.042967579631950636e+00,-1.289700638406861888e+00,3.315464036733734576e-01,-1.300305557277488200e+00,-6.191403490999497494e-01,-4.760784818051747580e-01,3.762354270987745553e-01,1.000000000000000000e+00
-5.666806351958214583e-01,-1.925223230927797680e+00,1.238455319840666424e-01,1.604996097503839092e-01,-1.207711926180996320e+00,4.977017138348219238e-01,7.026363197369676072e-01,6.186493227615667001e-01,-1.595238521984465307e-01,2.867971539327900943e-01,2.917611700890197501e-01,1.000000000000000000e+00
2.440806913778492238e+00,-1.170067008578925982e+00,1.034514262517232774e+00,1.280398818345600986e+00,-2.309442737701798087e+00,-1.648967602677927635e+00,-3.541614233613799567e-01,3.879580508322921784e-01,8.238511013016653894e-01,-1.127596197877661854e+00,-5.642058869234023444e-01,1.000000000000000000e+00
-4.513216349309029929e-01,-8.841608206584611329e-01,-2.817990813693459717e+00,-3.043595817313676233e-01,-1.254458607824896710e+00,1.534260277504669728e-02,-3.285505909599087948e-01,9.575386150053539769e-01,1.182849053022964725e+00,-9.379215585814880685e-01,-1.683999903896058026e+00,1.000000000000000000e+00
8.733178684160153304e-01,-9.282886469522733108e-01,-3.195240437277965251e-01,-5.633401078738187184e-01,-5.607287788137157447e-01,-1.081700801185083050e+00,-4.654156072064024596e-01,-4.292948828401603190e-01,3.485832134931675652e-01,1.443010223457628360e-01,-8.490698156307835420e-02,1.000000000000000000e+00
1.353873911240585315e+00,2.336988012370788126e-01,-2.498425359244607513e+00,-7.442415427287774055e-01,-3.446203911444236101e-01,8.470745541725812622e-01,6.595913120183815037e-01,1.233704916493755105e-01,-9.339601051198769266e-01,-2.817181782492400033e-01,-1.054417115388159187e+00,1.000000000000000000e+00
-5.332028816974951901e-01,-5.045008564860888889e-01,-8.336369415904644198e-01,3.085261314874119809e-01,-5.862972934809616010e-01,-1.683046690791928812e+00,-9.403453601861414546e-01,4.749200687995415171e-01,2.868605304532707012e-01,-6.552062677779701971e-01,-2.654222829054404542e-01,1.000000000000000000e+00
1.258997983107890795e+00,9.424910662807884920e-01,-3.227824072227634122e-01,4.145898706349781387e-02,-1.576362678661627603e+00,1.639657220101635948e+00,-1.006851490955692208e-01,-9.395278916023129812e-01,-4.314225982801682679e-01,1.814216643618993041e+00,5.642880913076823157e-01,1.000000000000000000e+00
1.615122837781861609e+00,1.660456591530063142e-01,3.886631291942742039e-01,3.149255739443735935e-01,7.556647919319322559e-01,7.989636294849610243e-01,2.031817931773175268e+00,-8.137918622295899906e-01,-3.272727641651381192e-01,8.610471817651667026e-01,1.061722624093096368e+00,1.000000000000000000e+00
1.827552449320794636e+00,8.634431565182716373e-01,-8.800973154375569749e-03,-1.502012130595094419e+00,3.394043920463562375e-02,6.886556395955818477e-01,4.325558667815443958e-01,8.577330715167158504e-01,-6.903946134807610324e-01,1.397392589723047918e+00,1.452975076456586301e-01,1.000000000000000000e+00
1.863975389561536855e-01,7.097566660784873083e-01,1.097287210666325175e+00,-4.989268915505846169e-01,3.823492086250425692e-01,7.931759579366578494e-01,5.858152651674438660e-01,1.211462567076158348e-01,2.125016751334478649e+00,1.872600792975668560e-01,-2.961437698512177641e-01,1.000000000000000000e+00
9.109676168023806975e-01,-3.030254263097695300e-01,1.680295569922476973e-01,-1.575746002131101386e+00,-1.203812795420482196e-01,1.266023672588318050e+00,-2.049857724399541947e+00,-1.097567928096829570e+00,4.309656416687622782e-01,-3.816618842101328068e-01,-2.027958494597726258e+00,1.000000000000000000e+00
-6.985977328344690207e-01,-1.428030588015246904e-01,5.092049289358056008e-01,-8.214923424366827875e-01,1.200582898019584066e+00,-7.420698137052873511e-01,1.625614737409565524e+00,5.397752475724300059e-01,-1.536149722687872865e+00,1.108356329979337973e+00,1.889986375009878872e+00,1.000000000000000000e+00
1.181420804140917324e+00,-9.631956678155083329e-02,3.950928267197544863e-01,1.308812028381372006e+00,1.571783272812439902e+00,-1.382459176520079436e-01,-1.235514577928224167e+00,-7.287820797017187033e-03,2.568361175846979871e-01,-1.593965874035740415e-01,-3.693778294830395437e-01,1.000000000000000000e+00
-1.594763725789619668e+00,-7.014404125078191887e-01,-3.701752504261021648e-01,2.595983559002387753e-01,-2.885955170376848788e-01,-1.401427320822605516e-01,-1.390461077528301281e+00,-1.139874408330814992e+00,4.326854357765521075e-01,-1.679070299367277030e+00,-1.267679131764760658e+00,1.000000000000000000e+00
-4.862840388262659186e-01,-2.554086073700487791e-01,2.412175761263345153e-01,-3.656761141344350707e-01,-5.137007672193689700e-01,1.666420022210612473e+00,2.091625157940381341e-01,7.619692117413097154e-01,2.688358554432383474e-01,-1.541162988843311377e+00,-1.804770655242994071e+00,1.000000000000000000e+00
4.031681892343190465e-02,1.046296872681138135e+00,-3.587935806554697349e-01,-4.281877933336360464e-01,-8.092800982823019629e-01,-1.197137457930512738e-01,-1.984040748393445686e+00,1.003280832955200763e+00,1.497098998958762417e+00,8.649603652817463573e-01,-6.178446188822274143e-01,1.000000000000000000e+00
-3.011713465809865986e-01,7.027197302860500594e-01,6.329515370268737895e-01,3.692093007883791023e-01,-1.798073619099859632e+00,3.597093255772549902e-01,1.035336870378819718e+00,-2.008422583112623450e+00,-2.659894282905608809e-01,-4.754791171467653288e-01,5.244814716153088918e-01,1.000000000000000000e+00
-1.292019177290721244e+00,-4.330171640006920120e-01,-1.485936209198553071e+00,5.513739458583400976e-01,-2.477224807930968609e-01,4.700309918614562488e-01,5.292006692493504971e-01,4.385318310458189983e-01,9.103235127086051204e-01,9.285667766671914514e-01,5.883498277943323140e-01,1.000000000000000000e+00
-2.002674726272031691e+00,2.732530586056741706e-01,-1.400779617712651692e+00,-8.470156491508247232e-01,1.119551517410836361e+00,-7.784002039573918452e-01,-1.404549873278859717e+00,4.206207675207385144e-01,1.079972752391867852e+00,-1.339872071859377067e+00,-1.460024817579670842e+00,1.000000000000000000e+00
-5.590442331706628742e-01,-1.809474378763289704e-01,-9.081429591636887011e-01,-1.989377115548818589e-02,1.383338568415052539e+00,-1.274774262779745593e+00,-1.223435834657718768e+00,1.024925688575881733e+00,-8.649666968442395465e-01,1.388234528785853739e+00,1.003547385369957468e+00,1.000000000000000000e+00
2.237307988143119264e+00,1.637770061753342221e-01,5.903951054080763816e-01,-2.930897303740838122e-01,1.190871163116052678e+00,-1.717179132089229565e+00,1.771942003830051793e-01,-1.890364062392919431e+00,8.142101692262959526e-04,-1.128680915660741288e-02,5.750774118272639068e-01,1.000000000000000000e+00
6.822463676603912619e-01,-6.260460937856981989e-01,9.733202941175177203e-02,9.630994451259299316e-01,2.995137650513907124e-01,5.344231590235430929e-01,5.117154856689325459e-01,-1.242134482012980934e-01,1.203221979312257273e-01,-1.071725432954581336e+00,-6.828219431001212314e-01,1.000000000000000000e+00
7.388623096982639415e-01,-1.512872375074323927e-01,-2.321214772651202018e+00,4.818205240194150529e-01,7.449125584682656509e-01,-8.809474441364455455e-01,2.219253143232935432e+00,8.534747244903296837e-01,8.642046715009212843e-01,1.599832028689154750e+00,1.593134235796850318e+00,1.000000000000000000e+00
-5.461602879168271363e-01,1.803539840888208345e-01,1.157602382114996775e+00,5.747307371552675542e-02,7.168303596671533884e-02,-3.379131495225477511e-01,-1.941258412908174025e+00,-7.868928892005075948e-01,-6.194786063867260828e-02,6.887562855808779805e-01,3.821482912952833821e-01,1.000000000000000000e+00
-9.051708695586138109e-01,4.638873781714076272e-01,-8.121793846925783322e-01,6.853221561440033804e-01,5.293169306184264400e-01,3.757599630231772680e-01,-8.301154355534368090e-01,-1.874583230458882477e-01,-1.011494530871890563e+00,1.501130623032393141e-01,1.225027696864345733e-01,1.000000000000000000e+00
2.492235707236027498e+00,-8.791442437262150245e-01,-1.466139692080454249e-01,1.245961386714737662e+00,-2.511792556993720504e-01,-6.393075225297213393e-01,1.794599301175202832e+00,-3.937960727976198561e-01,1.306080334524941655e+00,-6.988910151107758928e-01,-2.364972619804172477e-02,1.000000000000000000e+00
1.098870964181680905e-02,8.899895427505349899e-01,-9.633196025202962476e-01,1.216074237014503484e-01,-8.079001900547222448e-01,1.474843600668459542e-01,-7.811962625135490113e-01,-7.379641954839886164e-01,-1.132101702530476706e+00,-1.326299122593379787e+00,-1.093798747680745143e+00,1.000000000000000000e+00
-5.622904625065434647e-01,-8.570547467059808078e-01,-2.901143323344183567e-01,-1.632456894687460691e+00,-2.370315604609580726e-02,2.892916665427932577e-01,4.136171986458484634e-02,-7.989971424519682897e-01,-6.115395767124113258e-01,-4.609305824224967929e-01,-6.146416462393683444e-01,1.000000000000000000e+00
-1.611085433218893526e+00,-1.262738873481775853e-02,-1.071383993176247440e+00,-7.938938525743358676e-01,-7.107976320375568313e-02,1.295381285561837958e-01,1.434802249117196338e+00,1.031187026136238583e+00,-5.972751409338741269e-01,-4.241704899415743579e-01,5.770767057271559280e-02,1.000000000000000000e+00
3.436117122288545600e-01,7.774536618591594284e-01,1.398072893885766055e+00,7.632193495948068618e-01,1.687907113051562435e-01,-7.211841145605832892e-01,9.689661953943862205e-01,4.879303580168997678e-01,6.217661236985541073e-01,7.016564472750685955e-02,9.178186193875664811e-01,1.000000000000000000e+00
-4.278700765168221704e-02,-1.087339635561771628e-01,6.246208882633076387e-01,2.501690547020955502e-01,4.753686798406308034e-01,5.089103939108955421e-01,5.656497675896992039e-01,8.695301976489110407e-01,5.485585276591914416e-01,-1.214216791127710193e-01,-1.151939575657930648e-01,1.000000000000000000e+00
-2.862087474109182295e-01,-3.378686732247625502e-01,2.213372771701238584e+00,-5.530649571563617251e-01,-4.282395523469697401e-02,5.179286993941574213e-01,1.106414348306932860e+00,-2.557182110862722402e-01,1.865568966935212014e+00,-7.790510696045847006e-01,-3.645341826667546359e-01,1.000000000000000000e+00
6.387950494132091928e-01,5.400808238082723811e-01,2.461407083162440168e-01,1.087761660464872771e+00,-8.524986794445536809e-02,-2.350973567552996635e-01,-2.096467390610292497e-02,-5.052725658645738083e-01,4.768678030758545794e-01,-4.458914332281384563e-01,-2.121167351566631554e-02,1.000000000000000000e+00
-2.244365670197304485e+00,9.176107780136785186e-01,2.060461612203802417e+00,1.339058406009166813e+00,8.675761510636749441e-02,-5.628589753334640733e-01,-8.097527086089946202e-01,1.070935337002335785e+00,8.972032010726718187e-01,2.801787260736339213e-01,1.038387315774381925e+00,1.000000000000000000e+00
9.953081084683405022e-01,1.195552310637768345e+00,-1.794847764429160275e+00,2.995716880440744134e-01,-9.546816967462632419e-01,-1.442680662337563646e+00,7.562686651527573689e-01,1.987940434578062965e-01,1.031936694104412577e+00,1.663931331803653269e+00,1.419561587671960279e+00,1.000000000000000000e+00
1.093155444299281687e+00,1.745401978987381808e+00,8.638369371071684677e-01,9.387669130924967131e-01,9.843280997593875647e-02,-8.589192276208842403e-01,-4.450897199813796945e-01,-1.491596295387017171e-02,1.083061502242530061e+00,-1.889389799385912561e+00,-1.120989172923346100e+00,1.000000000000000000e+00
7.425379308095577668e-01,4.057758114250856196e-01,1.694386047197028677e+00,-9.811355518396550623e-01,-1.271989288865722711e+00,-2.266110689280752544e-01,7.207270285831151035e-01,-7.683308020605310595e-01,-1.337756976692211219e-01,-1.759631089444068763e+00,-8.933409317190139642e-01,1.000000000000000000e+00
1.602895585263303113e+00,7.287244052818104834e-01,-9.685791563156953554e-02,8.567721307841434930e-01,9.516123064779047347e-01,-7.629931184681526535e-01,-1.437176219674909938e-01,-3.637658521421852087e-01,4.901680402795189351e-01,-9.898454661520544873e-01,-5.793249033610595733e-01,1.000000000000000000e+00
1.270455459585584812e+00,-6.128788133110365521e-01,2.851090303433332362e-01,-6.880751866871709366e-01,6.299167260435957205e-01,-6.466617285679678861e-01,-8.861338420114661663e-01,-4.757447678384792433e-01,1.034521154083288152e+00,5.936581469385928539e-02,-5.658185017627147539e-01,1.000000000000000000e+00
-1.628049129983795806e+00,1.420253124062439198e+00,-3.178637675181319455e-01,1.218213535396121427e+00,7.385984938208999262e-01,8.238731931880319825e-01,-2.160937122040810010e+00,2.027700990695576466e-01,1.169812940833129700e+00,1.342837770825477062e+00,3.020205427568491974e-01,1.000000000000000000e+00
8.980961411023188345e-01,-1.430468511597967896e-01,5.789661720442493839e-04,9.814212186353053757e-02,4.082835855135736325e-01,1.797894632849861285e+00,2.265211118981300231e+00,-1.916457403249758554e-03,-7.101975266547259080e-01,-5.400454938348689948e-01,-2.905479150790318266e-01,1.000000000000000000e+00
-5.066155999266310772e-01,3.786845204130069309e-01,-4.368388421496606222e-01,5.561024799785235784e-01,1.295453826031951916e+00,-1.873030160691729895e-01,-1.745962573618523306e-01,1.279774713567569888e+00,3.165242093030579684e-01,-4.400979635655045130e-01,-3.411759824900588156e-01,1.000000000000000000e+00
-6.502280015785191214e-01,9.246804635148793139e-01,-2.091801727044931614e+00,-2.068490230423135845e+00,-1.821106469555686003e+00,-7.562273961624809138e-01,-2.243256553683315724e-01,-3.076243795580787532e-01,-5.173397546875327935e-01,-1.057052935554088524e+00,-1.178198503845465650e+00,1.000000000000000000e+00
-5.598305302506165759e-01,-1.054825710722210985e+00,-1.367407565570299965e+00,1.703124534310602956e+00,-2.699718705094277471e+00,-4.476367890473733069e-01,-1.693340214639961205e+00,-2.096468251084172008e-01,-1.059502677242336155e+00,-7.001413739940312020e-01,-4.719783302453837148e-01,1.000000000000000000e+00
8.903015214109870623e-01,1.062991854722854512e+00,-6.920749304096718291e-01,8.639875578440925352e-01,2.971088639796536923e-01,1.236714988067537879e+00,-1.189278009856499674e+00,6.676644790747517932e-01,-1.415057757558697338e+00,-1.010737910272872381e-01,-8.556045802877494388e-01,1.000000000000000000e+00
1.880946041819687720e+00,6.702150236613079182e-01,5.527038485161942516e-01,2.706604744842154631e+00,-1.098384514633317544e+00,1.070032312805042851e+00,1.080194938395396154e+00,5.151796893262554633e-01,4.392160958189624265e-01,-6.423884998401627744e-01,-1.803811886311252610e-01,1.000000000000000000e+00
-1.063339548356831310e+00,-4.700896509413460267e-01,-1.754595398879916557e+00,6.250842285820079614e-02,-5.466416997098704211e-01,2.771569340733480158e-01,9.649921223845031593e-01,2.008952303839833531e-01,6.349834560479388212e-01,1.936448380304775230e-01,1.468262015370473128e-01,1.000000000000000000e+00
6.316735341017691852e-01,4.864494118860480110e-01,-2.201424366891200912e-01,-1.431253443184802521e+00,1.078979438259772605e+00,3.636601001992642579e-01,-9.596625794291315792e-01,1.496096690080957359e+00,-1.622726273863299928e+00,1.881862942450323928e+00,4.063642472853152277e-01,1.000000000000000000e+00
-9.991099510887395674e-01,8.446610726610862541e-01,4.751108479603119994e-01,-3.532125626632721949e-02,3.234853152861201231e-01,9.132089855251382948e-01,1.805835041781365669e-01,-2.131042171836752264e-01,2.886110188977436888e-02,1.889793665625921992e+00,1.419627201657753801e+00,1.000000000000000000e+00
-4.650851349592511341e-01,1.130858993435961191e+00,-3.861656921607096171e-01,-1.493919366238561364e-01,-6.602131697450993597e-01,-4.500522498032439866e-01,-1.337959454435833972e+00,2.930106540474051169e-01,-1.069345271957597543e+00,2.371103625611836296e+00,1.566434725182842547e+00,1.000000000000000000e+00
-6.690036554119912493e-01,-1.644518932517995635e+00,-1.993333435096739326e+00,2.694816712728268504e-01,7.926251347101587186e-01,-1.919098035447228234e+00,-1.229968404669403936e+00,-5.464137383542568838e-01,-9.906718522789583758e-01,-1.190705975198290911e+00,-5.115557287722674040e-01,1.000000000000000000e+00
-1.812945896503805221e+00,-1.058717314039996804e+00,-1.745571763015004718e+00,-1.650862287934354855e+00,9.834871165781764457e-01,-1.371261515591379876e+00,7.065368537282280537e-01,2.436940949177697491e-01,-2.040498809773224898e-01,-4.461347189673561114e-02,3.465095002764565502e-01,1.000000000000000000e+00
8.885873227766003524e-01,-5.340319431953364226e-01,-1.171156429102307994e+00,-5.851429600796413943e-01,-9.482777124986364881e-02,-9.110798523735199606e-01,-2.458305367217593629e-01,-1.657064853235142854e+00,-6.962500044576218627e-01,-3.707906846992609085e-01,-2.116597751045593001e-01,1.000000000000000000e+00
1.410624404538945775e+00,-4.673548124146447158e-01,-6.623670179233347444e-01,-1.034891491082827963e+00,2.962936483577041091e-01,5.832510990273845897e-01,4.299165653732606174e-01,-2.121499552948096778e-01,1.117903747728213659e+00,-4.656184063231325054e-01,-1.275536677665021656e+00,1.000000000000000000e+00
-1.588908156015948592e+00,-7.172906390671636434e-02,-1.422589986310568988e-01,4.362266144132654899e-01,-1.078866060200839028e-01,-6.138820713998306422e-01,1.333021834079457790e-01,1.441930248621992261e+00,-1.164462590776780271e-01,4.271094278632724950e-01,8.213784523961881190e-01,1.000000000000000000e+00
4.283730106110514857e-01,-8.396354891275730203e-01,-4.375507373579189951e-01,-1.077820256120880504e+00,-1.376708073997590320e+00,5.614072953806100719e-01,5.875090650704147821e-01,-6.169860333804030317e-01,-1.346686093039319188e+00,-4.445248009005029477e-01,-5.012051846238880781e-01,1.000000000000000000e+00
-1.920062478519549254e+00,-4.899594045489064631e-01,-8.352792919368912106e-01,1.169853184146458086e-01,2.977622126115509471e-01,-2.163386565061834743e-01,-1.260802735299395128e+00,-1.333692297295221152e-01,1.464250146789051743e-01,-1.048051891481240450e+00,-8.705925127792768503e-01,1.000000000000000000e+00
-1.655872338192855842e-01,-2.666663560886903817e-01,2.529418728300230068e-01,-4.788181076557871951e-01,4.643848722055908818e-01,1.191856709854436369e+00,-8.562250434898794893e-01,3.448338216718485061e-01,-1.422565933838384922e+00,-1.198003852123936536e-01,-7.154257078116432744e-01,1.000000000000000000e+00
-2.328766399309478707e-01,8.911256843121646565e-01,-3.978702034344389626e-01,-2.530566712610864966e-01,8.473392711908901420e-01,-3.448382559852969931e-01,1.270359894007652424e-01,-1.325830277831326676e+00,1.315848646052049098e+00,-3.973250936606143591e-01,-1.848844150725391933e-01,1.000000000000000000e+00
1.925775693034628422e-01,-8.154940432401883710e-01,4.992321486796674201e-01,3.328625370797513340e-03,2.818829496179376948e-01,-3.917413790040645827e-01,-9.531944080692002219e-03,8.298436934518942099e-02,3.262016679247723427e-01,-1.292653534294315953e+00,-8.356562492286576660e-01,1.000000000000000000e+00
2.929798412297905386e-01,-1.383547597031511422e+00,-1.034858023480719869e+00,-1.825617520698122664e+00,-1.156310228637117188e+00,3.441821895188254543e-01,-3.812161524416761149e-01,8.135022766775833192e-02,-1.550270265839323591e-01,2.833968631395109017e-01,-8.617725493958910965e-01,1.000000000000000000e+00
-1.638041673504335716e+00,-1.256621966340675689e+00,-1.200250546454943112e+00,8.388322994774228825e-01,-1.520010385577315271e+00,9.610970103980456258e-01,-1.606344242576656312e+00,2.905356399904803211e-01,-5.686968750653180749e-01,-4.816163959855433024e-03,-6.204222578879122763e-01,1.000000000000000000e+00
-1.278092130366354773e-01,5.199242228221460094e-01,-1.900556558966378165e-02,9.403775934454081664e-01,1.465885446777432932e+00,5.634855500586614108e-01,-2.774660690693772636e-01,3.698447952816111828e-01,3.310490203654709584e-01,1.335178082887865436e+00,8.423615716146509724e-01,1.000000000000000000e+00
3.360918580053241511e-01,1.619884363165255414e-01,-8.372553205318483682e-01,1.987951581002301848e+00,-1.122007089324314588e+00,-9.114414296708133190e-01,-2.297436243021150071e-01,1.886589881776362665e+00,-6.573375577942337511e-01,1.502210375574023038e+00,1.501024160115533412e+00,1.000000000000000000e+00
-1.151295703667003067e+00,-1.826412630374566470e-01,9.603680659747641790e-02,8.534866924064182792e-01,1.085065433713617855e+00,1.302126533967518762e+00,-7.006041154022204509e-01,6.640771285457219841e-01,8.755420654247442203e-01,6.244524162806168732e-01,-7.328111996928948768e-02,1.000000000000000000e+00
-7.712980752529656758e-01,1.212628606534489117e+00,6.950230141657964822e-01,2.513998750499445434e-01,1.013308339884112064e+00,1.082064696129019676e+00,1.436906689469480636e+00,2.821614736860078021e-01,-1.154592453753146453e+00,2.152735032242162616e-01,8.406549038973307741e-01,1.000000000000000000e+00
-8.343741382876984636e-01,1.067896751036828018e+00,4.094899453839558334e-01,-8.111914513430052986e-01,1.929418897916959641e-02,-1.111087612926905388e+00,-2.865753242853474325e-01,-5.222011702650061205e-01,1.970762514124529963e-01,1.425836221798496783e+00,1.465255620109443546e+00,1.000000000000000000e+00
-4.714984884046273805e-01,3.765261427233836944e-01,2.112161650285642178e-01,1.063041843181393276e+00,-1.414200702931938114e+00,4.646050693396064357e-01,6.947532446286874830e-01,6.671869775376909617e-02,3.118611818787563883e-01,-5.283405309236616221e-01,5.352144509546513662e-02,1.000000000000000000e+00
-7.349237024426682474e-01,9.536516974455253037e-02,-1.308261254822399522e+00,-1.690271962464747979e+00,4.957091256024963588e-01,-1.198276696344466180e-01,1.594874937945654603e+00,3.548227670352319119e-01,-3.255281910708200388e-01,-1.220435541242022248e+00,-7.627455004417829088e-01,1.000000000000000000e+00
1.023536168845827099e+00,6.791764263539412649e-01,-1.631634367873679103e+00,-1.644063439321706011e-01,3.473044715086563428e-01,3.824665721619635028e-01,-1.457623333751473238e-01,3.120029614239842597e-01,1.513260284418369794e+00,-7.164459930219139183e-01,-1.538027363878903930e+00,1.000000000000000000e+00
-2.124091362564659580e-01,-8.521989887138744502e-01,1.912779829779204466e+00,-4.860679600116173948e-01,1.533542801139829326e+00,2.186477666114821972e+00,1.101703877868729808e+00,-2.415513964984128403e-01,-3.889074704057406962e-01,-3.024076385155256563e-01,-3.281578128840639819e-01,1.000000000000000000e+00
2.367988796893331083e-01,1.599708216857268051e+00,6.647570744525396202e-01,1.906841626769703313e-01,1.376927079218811301e+00,2.681363771165201984e-02,4.807401380002267466e-01,-1.572703347533134899e+00,-7.000228730140324318e-01,5.906020156540644495e-01,1.148593178854815822e+00,1.000000000000000000e+00
-6.325497916251893171e-02,-9.104410699163708598e-01,-2.204287891830809976e+00,5.913000561795364041e-01,-1.079712703899960990e+00,-7.800619535134777349e-01,3.862246551917798976e-01,7.606301839221727423e-01,-1.311229229072351510e+00,-2.475725326810421234e-01,1.190765935093442418e-01,1.000000000000000000e+00
2.491159949339826873e+00,6.894103547623227080e-01,1.098020537969620625e+00,-1.012294899741958742e+00,-1.880834197671033547e-01,-9.572480162429046757e-01,-4.580243589963204909e-01,8.987661789355264053e-02,3.576257078887162266e-01,2.260655232801405956e-01,-2.814139379972652177e-01,1.000000000000000000e+00
-7.446829733519737538e-01,-1.326135871180327719e+00,3.433096351431432769e-01,-1.604606890089653515e+00,-1.435450137747404264e+00,-4.445412222207965058e-01,5.199606711047198848e-01,-6.690612020659022496e-01,6.832275449946931811e-01,-7.579704335370749391e-01,-4.971460100278453087e-01,1.000000000000000000e+00
1.025183311626096105e-01,-5.195166372561823599e-03,8.192621833601587689e-01,-1.757696343528966532e+00,3.732738965404019948e-01,-7.936322556921084903e-01,1.224506017441241434e+00,-3.753947300841114498e-01,-3.693300128232116508e-01,-6.310973772110747282e-01,7.440327814742146717e-02,1.000000000000000000e+00
1.083319459315461364e+00,-1.917893338290766581e+00,-7.100035762008545526e-02,1.782776914814956815e+00,1.025373326099765281e+00,1.581598234091963651e+00,2.540294112094543810e-01,1.457088996420910831e+00,-1.060491463656793254e+00,-2.080783621752492485e-01,-5.265236568805581330e-01,1.000000000000000000e+00
9.293552365830148876e-01,-5.981329915641886430e-01,-2.128007153970147003e-01,2.204167710673339831e-01,-2.157836356164904767e+00,-4.984401188461007326e-01,-1.580582140051612461e+00,-1.730919764210279155e+00,-2.515841522281390130e-01,-2.188405618500450345e+00,-1.880809574363344838e+00,1.000000000000000000e+00
-6.811450840303070464e-01,-7.317874751562009061e-01,-2.413270370928030317e+00,4.066208057100830775e-01,-5.762923535206050385e-01,2.053051762618913312e+00,-2.252483722812031464e-01,1.762792685053792691e-02,-2.370403709158558581e+00,-1.430367447695394922e+00,-1.696654714216653925e+00,1.000000000000000000e+00
-5.044187657006293790e-01,-1.835938355721654092e-01,-2.323746018664028412e+00,4.654438094378126056e-01,1.039550295724476214e+00,-6.464021135685451558e-01,-1.674693041268833227e-01,-2.323913255336666484e-01,6.145062205308897685e-01,9.346958076780688407e-02,6.550330335335963032e-03,1.000000000000000000e+00
1.760649619958572387e+00,-1.542356354469869850e-01,-3.995346391250096940e-01,-3.586088947735741050e-01,-3.192255444839639189e+00,-1.031769896423715416e+00,-8.197551667445894807e-01,-3.263823528954720721e-01,-8.129243012556306436e-01,-7.582514778583948623e-01,-8.282002087984892125e-01,1.000000000000000000e+00
-2.298489374267818519e+00,-3.601258974441794436e-01,1.207827340359766272e-01,2.942699135730422744e-01,-7.374402768538556030e-01,8.097377211583263179e-01,-2.345171397985352346e+00,5.050584033439339260e-01,3.053519971932822097e-01,8.059168448485626302e-01,-1.647693197022404021e-01,1.000000000000000000e+00
-2.235697249821965826e+00,3.902998926343948516e-01,-3.045699715879038871e-01,-1.602133398282407639e-01,-5.687203890079629565e-01,-3.771529511167452386e-01,-1.292008052013223995e+00,-1.351718112259105764e+00,-5.996368579004954791e-01,7.187883410943114448e-01,8.735552688426392320e-01,1.000000000000000000e+00
1.279488868139272428e+00,5.325555873030537457e-01,8.544115442782997949e-01,4.374189096123869969e-01,2.752019862304541320e+00,5.325056689512057684e-01,-2.507787955641718747e-01,1.763698746856976918e+00,-2.550157882207431115e-01,1.303493973080760426e+00,4.802632155667785896e-01,1.000000000000000000e+00
-1.354869501874465254e-01,2.615204548421923292e-01,-7.902225033978668156e-01,1.536975370545780040e+00,-1.224085315562966070e+00,-5.312299984216914961e-01,-2.524418087858781856e-01,1.284597478304998042e+00,5.276128151524788201e-01,-3.719938923859231750e-01,-1.332275336743442284e-01,1.000000000000000000e+00
-4.205813935717175323e-01,1.548830381838847581e+00,6.796366668744996398e-02,3.169825292915825488e-01,-1.076838637264284859e+00,-1.646034987455252008e+00,5.038599432569749181e-01,3.315209472309324501e-01,-3.360384843587768122e-01,-7.047746953081123200e-01,5.682324246579821825e-01,1.000000000000000000e+00
-2.694762286241921601e+00,-1.080619937318736401e+00,-2.311926646345740188e+00,5.062154514996409782e-01,-6.394893468325882901e-01,-8.058905789620890436e-01,6.590251116093485129e-01,-8.294192020045519920e-01,-9.858754314267169638e-01,-7.348644672740648476e-01,5.569351845983575577e-01,1.000000000000000000e+00
-2.312335780623257175e+00,8.550715820325244243e-01,6.354038544270698696e-02,2.671334053416981047e-01,1.652265214026383822e+00,-1.295985432561876614e-02,-2.216352975528887437e-01,-4.121450611995462476e-01,2.013539093380856959e-01,1.640974068007681197e-01,6.870063494674727433e-01,1.000000000000000000e+00
-5.344781336289222001e-02,-4.434244230141788923e-01,6.395325101587645555e-01,8.782126192586434676e-01,1.079221392501344412e-01,1.971419084358631890e+00,1.815080715060638061e+00,3.821335532007623659e-01,1.584680570481433293e+00,9.308142963653097679e-01,5.751315010824672447e-01,1.000000000000000000e+00
-1.839978127502480021e+00,1.064886250612338214e+00,2.973487607285650869e-01,-1.325534961562645941e+00,1.000259121983271937e+00,-8.815831497804370587e-01,1.006127858879771964e+00,-9.193581464373414003e-02,-6.017258673018246462e-01,7.982119155341164118e-01,1.538730869529924661e+00,1.000000000000000000e+00
-4.970122290441605362e-01,-8.782603300620399622e-01,-9.995282444132670696e-02,-2.454921292137467737e-01,8.913813304141720018e-01,-3.524259802104052208e-01,1.286146719441612740e+00,8.996231983804038324e-01,-2.973414840069728560e-01,-1.210494855550785509e+00,-3.517841516130488788e-01,1.000000000000000000e+00
8.244908054624812133e-01,-5.191223801073848731e-01,9.929386974918915643e-01,-1.015457914934981387e+00,1.158420282222161424e+00,-1.289962079778733672e-01,-7.339772117590731559e-01,-6.462567481517770274e-01,-2.180611005733747443e-01,-4.490619194772189071e-01,-6.900032845971664219e-01,1.000000000000000000e+00
-1.259661942495702069e+00,-1.338930887610856324e-01,8.512770304854494485e-01,3.874884779372337107e+00,1.222034585971626619e+00,3.754148831989410628e-01,9.545394048452855440e-01,-1.666157141515810514e-01,-1.410499257528146977e+00,8.919198198467773731e-01,2.579921654802466602e+00,1.000000000000000000e+00
2.920048977382807553e-01,-1.011809746317240633e+00,1.484300655692815329e+00,1.130830921846678994e+00,-5.165323181984161627e-01,-4.021939396464316863e-01,1.405078903695825776e+00,1.167270358184035350e+00,6.969815626088728955e-01,-3.490163245669404835e-01,5.773701937659728722e-01,1.000000000000000000e+00
2.850474333205962885e-01,2.156029680251483616e-01,-5.396996688191356695e-01,2.864481461630786208e-01,-1.789506210323901447e+00,-1.245764360688984551e-01,-1.504452370026236885e+00,-9.438132648475071607e-01,-6.393683538694335811e-01,-1.629548179709089939e-01,-4.541948512088981316e-01,1.000000000000000000e+00
1.403235367124589406e+00,1.533600644818163827e+00,-1.234330952646306434e+00,-2.932276492194737516e-01,7.736467588977019583e-02,1.246096234525738256e+00,1.338862667834180398e+00,-3.566732713319967218e-01,-4.164053811269698979e-01,-1.441957675209638134e+00,-1.418929440218749116e+00,1.000000000000000000e+00
3.715604896927959810e-01,-1.145284465789780104e-01,-3.209997375672243858e-01,9.737414229280879630e-01,8.160566924626447838e-01,-9.192969249787316111e-01,-2.112277695497863927e-01,1.238873665397655532e+00,-5.965286597710359739e-01,1.317210383005017693e+00,1.280196588685887482e+00,1.000000000000000000e+00
-1.541215181188662742e+00,-6.563811977244736751e-01,-1.274888545126020789e+00,3.857863455623345567e-02,9.580805836820566190e-01,-2.516730258801371800e-01,9.124029384147359645e-01,-7.331248154947046514e-01,-2.303659399129291963e+00,1.352596114164212882e+00,2.005418071959245818e+00,1.000000000000000000e+00
6.966898477057646977e-01,5.604641123399143332e-01,1.072270771188777116e+00,8.797633849596999539e-03,-1.456933757941409890e+00,-4.496000936922685542e-01,-5.254064229558036425e-01,6.702527640637683248e-01,-5.205283844658603609e-01,1.045604934811892539e+00,7.815335046249712869e-01,1.000000000000000000e+00
-1.364482002142143546e+00,6.294877137176185800e-01,2.559935405874258496e-01,-1.278708423699300933e+00,-1.235770848536461797e+00,-6.409193024457749965e-01,-9.166900012569276779e-01,7.566799134879184097e-01,-3.721090210325766479e-01,1.370129120958631264e+00,8.514781788542103991e-01,1.000000000000000000e+00
-1.466297314337903890e+00,2.723456442566178359e-01,6.632761652264543839e-01,-1.272099787403773163e+00,-8.340178840291165852e-01,7.565835182369820000e-01,1.764317187143940313e-01,2.683983756628738337e-01,2.207281984890217541e-01,-4.342561090376618194e-01,-5.352925129912592395e-01,1.000000000000000000e+00
1.116388089636827452e+00,6.940900491857041610e-01,-4.049785260635182516e-01,-8.732023242777754712e-03,-1.732557522094922420e-01,-1.264065164082193382e+00,1.171980441807737972e+00,-8.194281143671360290e-01,-1.414628482519908914e+00,-8.315498939568054526e-01,4.135835571916018916e-01,1.000000000000000000e+00
2.165865015212218303e-01,-1.226708167544267036e-01,5.293889422938911071e-01,4.921008435265152858e-01,1.497131437044636471e+00,-1.251643326842484805e-01,2.719428339219041590e-01,3.092929874556284431e-01,1.938935723340619255e+00,-3.813089900665173615e-01,-3.237570179082866484e-01,1.000000000000000000e+00
-1.099915978191478683e+00,-3.398536765309785324e-01,-9.149922883808762064e-01,-3.290675467097526341e-01,2.464894372018928692e-01,2.217025417550420041e+00,1.956928332584442209e+00,-8.446021476755777302e-01,-5.932726922235812689e-02,7.944374682491991413e-01,5.309993675970429150e-01,1.000000000000000000e+00
-2.540494562485538510e-01,-4.377027935767661138e-01,-4.112466864235343050e-02,8.521389339231616455e-01,-1.729950335679254714e+00,1.188705923993332414e+00,4.694155533782937706e-01,-1.061141433269547907e+00,1.663101011594864675e-01,-1.233385150663456997e+00,-8.106108358307374528e-01,1.000000000000000000e+00
5.278154436849218367e-01,9.170957447192995549e-01,1.595199699330146492e-01,-6.839927674444944428e-01,7.519255791335288652e-01,8.834835737100640296e-01,-2.074886175517697939e+00,1.767737024838347271e+00,-2.239593634619941875e-01,-7.294262739812127361e-01,-2.059433885832199884e+00,1.000000000000000000e+00
-1.449184752113883867e+00,-2.599424692113180835e-01,1.859023545733353266e+00,1.352002224055265156e+00,-7.001140837119917970e-01,1.537762759104068566e+00,-1.431558198512097757e+00,-2.690697079321204832e-01,2.814753703420893594e-01,-5.763364702440453291e-01,-5.695900478795087318e-01,1.000000000000000000e+00
-1.028197523021284532e+00,-4.804176204258918115e-01,5.312864628209372775e-01,-2.190827528873607113e-02,2.323659427757677420e+00,-2.854903604607510192e-02,2.337977852679174351e+00,1.627236597423883657e-01,2.921644175722561965e-01,1.870218894654988862e-02,1.108440981853202167e+00,1.000000000000000000e+00
-5.622966153303685793e-03,-6.897862324296889502e-01,1.429410664783600238e+00,-5.833749307374956894e-01,9.387387200637664630e-01,-2.317038122991470911e-02,1.199114695153518984e+00,-1.330916835944166543e+00,-2.349588985887013148e+00,3.539833396859615733e-01,1.385649095148429044e+00,1.000000000000000000e+00
3.939012013183978977e-01,-2.820220116475612437e-01,7.729451399728095584e-01,-1.732861221994411172e-02,-4.800989554621070687e-01,2.225483271837207955e+00,4.641606214946845665e-01,2.275308335521498138e-01,-1.151519440258695015e+00,6.842768358202340195e-01,2.875608039567546705e-03,1.000000000000000000e+00
6.330226687512491290e-01,4.975426932505630506e-01,1.113492375315574962e-01,-5.729397268083311623e-01,7.771018409191191578e-01,-1.476138579033525744e+00,3.270613988865844757e-01,6.603169047361027999e-02,-6.435593877063675583e-01,-1.230697060577125163e-01,4.699256183957277178e-01,1.000000000000000000e+00
-7.927347417399691620e-01,-6.971647357041836912e-01,1.628919665998673327e+00,7.212061325794553168e-01,1.679841491433699208e+00,4.111302628486285249e-01,-1.211330804252239046e+00,-4.651126083756540464e-01,1.242530076090052837e+00,-2.150510631166255848e+00,-1.666780251246118727e+00,1.000000000000000000e+00
-3.068761396171077460e-01,2.129504294708623180e-01,-8.439238797268747150e-02,-3.481868395179434028e+00,-1.799923378305083199e+00,-1.415848782227766556e-01,-8.531479615266908123e-01,-1.467714650695760015e-01,7.265932601989200101e-01,-1.693981999952117068e+00,-2.478472007943123945e+00,1.000000000000000000e+00
-5.033893013194451482e-01,1.178387697913713117e+00,1.739160458484997784e+00,6.976762507896011600e-01,-8.899066134340143375e-01,1.631275134824592188e+00,1.871944129354082276e-01,5.996856458961163927e-01,1.985346684407479079e-01,5.878015857336816863e-01,3.786642844797823426e-01,1.000000000000000000e+00
1.114448683625782310e+00,7.127304188895341452e-01,1.424490370433891151e+00,9.422323348667788201e-01,-7.906164304134464249e-01,6.982996905048637071e-02,-7.598558725599755537e-01,5.834093847620139828e-01,3.127859741971660945e+00,5.841231843883933905e-01,-2.292194075834323164e-01,1.000000000000000000e+00
-6.838582966574010547e-01,9.469995479180698394e-01,7.076564517181288538e-01,5.030346802930382027e-02,-1.027850904169732710e-01,5.790295953477792024e-01,-1.006930304391815634e+00,-4.584805136823107974e-01,-3.487726933571084764e-01,-6.035442207242753820e-01,-5.750575551913603700e-01,1.000000000000000000e+00
8.686294366879320217e-01,6.933675590831650526e-01,-2.889441392260000185e+00,-1.054016075419091925e+00,-1.207133032440276477e+00,-4.494000300818835614e-01,-4.550285525486689325e-02,-9.085391999250292949e-01,2.276273300210737982e-01,9.999974378368785277e-02,-6.313865273036644021e-01,1.000000000000000000e+00
-2.227458455503096221e-02,1.482708034472607794e+00,-5.168231173189630212e-01,3.632989035767658637e-01,1.902485748919893638e+00,6.335557775252459445e-01,2.247833864999583486e+00,-1.294002980239213896e-01,-3.289936309898514044e-01,7.841566773506909449e-01,1.316416700389340555e+00,1.000000000000000000e+00
1.093373615451532554e+00,4.571003409400882234e-01,-6.572431582031229569e-02,1.035828758397518978e+00,5.542501474743108947e-01,3.289252316011123112e-01,-9.380768782323026245e-02,6.209950224100814486e-02,-1.759270931218563372e-01,7.036549951371244838e-01,4.320604838377231083e-01,1.000000000000000000e+00
-2.008308438739607807e-02,-7.746042506548698192e-01,-1.287455137597891097e+00,1.019054063252344378e+00,-2.703094923576890851e-01,-4.794568598804316295e-02,1.325012677907350944e-01,6.705767940115441028e-02,-1.195827501867754022e-01,-5.408002914965298613e-02,5.450256963062195814e-02,1.000000000000000000e+00
-9.210787229228125650e-01,7.565130734643700228e-01,-7.685946643035700410e-01,8.564517510188213167e-01,-2.153092592888559587e+00,-1.193613216842695390e+00,-1.323167029048559984e+00,2.555448460618567896e-01,-7.536767639117614159e-01,-8.290864357700260534e-01,-2.233868193479366382e-01,1.000000000000000000e+00
-1.182203325738194089e+00,3.399851686645125742e-02,-2.361429149659611149e+00,-8.939760600113636491e-01,-8.661969301815546363e-01,3.003654801582208433e-01,-1.132976049110924199e+00,5.624109691280507750e-01,1.005808636744669471e+00,3.498241686923450611e-01,-9.555049441204458427e-01,1.000000000000000000e+00
-2.278886202113337145e+00,-2.056243299408206049e+00,1.088997580305161916e+00,-4.639005430775093863e-01,-5.041394026557182162e-01,-7.213250329675527928e-01,5.475411966508200168e-01,-1.482373932245497850e+00,-3.007062965129899679e-01,-2.481381072541310129e+00,-5.904698970554924653e-01,1.000000000000000000e+00
-2.633900414640877874e-01,-1.946367496325203117e+00,6.999611845163962176e-01,-5.121929219855303472e-01,-1.938987314255073147e-01,1.611001555175654909e+00,2.582422761681865686e-01,-1.128624942080654447e+00,-2.541740815541611576e-01,2.405872204172378459e-01,-1.952745268101816756e-01,1.000000000000000000e+00
5.032446628985626225e-01,-4.582806305028289118e-01,1.278514961636692870e+00,1.099841197174412644e+00,2.578689907165048756e-01,8.642164749075080810e-01,-4.920851365559019697e-01,4.509229895478188976e-01,1.036768863232433224e+00,3.666612604879601611e-01,-1.024518670000676840e-01,1.000000000000000000e+00
6.214344931065064470e-01,-7.441775427601697857e-01,1.603688982393948748e-01,4.198953659660621951e-01,-8.878218319710903250e-01,-3.603059462047652484e-01,5.985809798825979522e-01,-6.514541405276791375e-01,-6.400182085528912657e-01,-6.057861529942456524e-01,1.003561194336491241e-01,1.000000000000000000e+00
1.611934354389332746e+00,3.888900462464661700e-01,-1.328082171247027654e+00,1.998993568145174538e-01,1.092171392516501083e+00,-1.044629498109451160e-01,-8.950621914001748447e-01,-3.649600207131288854e-01,4.206735341596522515e-01,5.391691503151271325e-01,-4.064311265518852911e-01,1.000000000000000000e+00
-5.950929112416011302e-01,-2.114219056556897736e-01,-1.751122914127089050e-02,4.051482431090737135e-01,6.290521374622062289e-01,-1.345091668362243809e-01,-2.419409586133438039e-01,-2.724968000706136650e-01,-1.602442135704648996e+00,3.777183172503750241e-01,7.851562529130887702e-01,1.000000000000000000e+00
-9.020695677121077782e-01,-1.778518710499177591e-01,-3.931424623768631221e-01,-4.354338221798816910e-01,-9.548883874756926016e-01,6.121388009280666065e-01,-4.723648058516192183e-01,1.237225594806870665e+00,-2.157625907686632760e-01,7.685785084081063756e-01,-1.647227203962329037e-02,1.000000000000000000e+00
1.816253334900324035e+00,-2.695161380184706856e-01,-1.153322076824493947e-01,2.793220545275448830e-01,-2.842600302857850036e-01,8.747955625339406960e-02,-1.361271005953756275e+00,-9.724095120574735573e-02,9.154252278025586387e-01,-9.032519527600405551e-01,-1.666415693007270660e+00,1.000000000000000000e+00
-1.087050954137741332e+00,1.393523954490811123e+00,6.320524543124788064e-01,1.009971163605063893e+00,-7.486945436455404446e-01,9.300354430528673388e-01,-5.841833056709034855e-01,7.701004722428604898e-01,2.191440459915841910e+00,-2.499553019901674666e-01,-5.889866463499293658e-01,1.000000000000000000e+00
-2.874554628620264451e-01,1.846148165942038399e-01,9.019162078496374413e-01,1.198347299924335863e+00,9.310303932695292994e-01,1.504491932026260415e+00,-1.545131394420568016e+00,1.374557596911125001e+00,-3.884568877307425505e-01,9.332982712441151296e-01,-4.959971290599070326e-02,1.000000000000000000e+00
7.932140631915642059e-02,1.240520103685351039e+00,7.616376791842964789e-01,-7.881700901630576128e-01,-2.522932445830278758e-01,1.193021581421958466e+00,6.160407171379947977e-01,7.284529316441956670e-02,2.902875836197437720e-01,1.735695493747311025e+00,9.068309603786779416e-01,1.000000000000000000e+00
8.204798281513870917e-01,3.563350682761921573e-01,7.357487081589692002e-01,-7.162523947332845031e-01,-8.696829547666864446e-01,-4.582481844883647959e-01,-2.450758731059372864e-01,-2.034415168227283188e-01,2.512351641162032800e-01,-1.722299602723541101e+00,-1.391906567946803897e+00,1.000000000000000000e+00
1.391280464809591777e+00,-5.024657620277623860e-01,-4.440743023672901746e-01,1.756743684790314841e+00,-3.264254033000078548e-01,1.479264251008062692e+00,-1.338801607061696153e+00,8.415950099676007268e-01,-2.177759157006803892e-01,1.558072116469329804e-01,-9.545283821582878359e-01,1.000000000000000000e+00
-9.632090557422902100e-01,-8.175784399655574575e-01,-5.557484936187460089e-01,5.641054580792634887e-01,-3.965475260338109931e-01,-1.997771584047607074e-01,2.435147534672946756e-01,1.052377384495483348e+00,1.316698736493091770e+00,2.031291636491957764e+00,1.451957579571446333e+00,1.000000000000000000e+00
-7.356142170576556172e-01,4.704429833838805752e-01,-1.437207138971087428e+00,3.706041185809744176e-01,1.527911868079754543e+00,-6.903333659729654626e-01,-4.309781515140570507e-01,9.715383482189086095e-01,4.092798128674514091e-01,1.614495931268060125e-01,4.898478860435065418e-02,1.000000000000000000e+00
2.077945819920364867e-01,1.181782204841202999e+00,5.960433437633967380e-01,1.534543236352591489e+00,9.616246101944350144e-01,-8.344572346279346409e-01,-3.303619586453332979e-01,-5.989490399005343441e-02,-1.066648253130844770e+00,-1.067943511241051135e+00,1.699083163242651739e-01,1.000000000000000000e+00
4.746227811297346055e-02,3.444782423347406697e-01,-8.343589700074349746e-01,1.429519882850652235e-02,3.691883695988739111e-01,-2.152631599535950735e-01,-1.303115949799143747e-01,1.714096741444448346e+00,1.310513705477742041e+00,1.334472411885105236e+00,3.784491793130305703e-01,1.000000000000000000e+00
-2.395259336553080765e+00,-8.645211139584625393e-01,-1.199843769373044600e+00,-8.116850830535565775e-03,-9.327229344991343485e-01,1.142597464054366241e-01,5.346943442447408268e-01,-1.945451327023044907e+00,8.797759824544343008e-03,-2.331430284593543067e+00,-1.002581842854945116e+00,1.000000000000000000e+00
-1.128756839813011448e+00,5.395743059745231607e-01,-1.055906995285953220e+00,3.452124874803810251e-01,9.019440890106693587e-01,-1.452299245184569543e+00,8.595064987148007818e-01,8.965854798201606801e-01,-1.446273060717846892e+00,6.257085736079466276e-01,1.626325821763443757e+00,1.000000000000000000e+00
-1.072081294482169378e+00,-1.214432027864021713e+00,-1.029672645116064822e-01,2.622237960126649892e-01,-1.406109530843166366e+00,-6.284864305747110969e-01,-3.415858707653466331e-01,3.125598842196946475e-02,-8.271372747554220917e-01,-1.342370730271426060e+00,-4.981757497382149902e-01,1.000000000000000000e+00
8.861575062843517481e-01,6.338862485247185319e-01,-1.805267141325110278e-02,2.111441585425851919e+00,2.197424424001588328e+00,2.691317760283117033e-02,3.049466314706783532e-01,-5.011652446942054251e-01,-4.788600541949425971e-01,1.498495040519631782e-01,7.992875893324573600e-01,1.000000000000000000e+00
1.462752443905527243e-02,-5.553556654044287111e-01,-2.385480453837025283e-01,-1.617658226219840012e+00,-6.937871352738564923e-01,-1.971714194764168093e+00,-2.705964817306610204e+00,-1.591056037618729935e+00,1.033203404753303634e+00,-1.138437782362737627e+00,-1.508342484329674660e+00,1.000000000000000000e+00
1.046047855285634931e+00,1.129999055361655680e+00,1.245842875947745121e+00,1.289847214083769567e+00,-9.062859871025654712e-01,6.435271810164749917e-01,7.997627854630935396e-01,1.267283019180042158e+00,-7.510861426500085036e-01,-6.273496073558734558e-03,3.760812242417168050e-01,1.000000000000000000e+00
1.101793598849268641e+00,-1.066595515442689157e+00,1.850374193287617208e+00,1.689428934168356156e+00,-2.279568419032249604e-01,-1.657035844085974208e-01,1.911906809461077494e-01,-6.147718746503706422e-01,3.938833288385322658e-03,8.519131724916273463e-01,1.334055397229460871e+00,1.000000000000000000e+00
3.285381606865668824e-01,-1.682067809922547674e+00,1.045660163475352761e-01,1.009006872153306311e+00,4.542614542921916132e-01,9.131435671494095851e-01,-4.464946256291575932e-01,-4.808837278104663437e-01,7.412382796960895193e-02,6.122006735280746126e-01,1.312704762375884182e-01,1.000000000000000000e+00
-2.908948079409038323e-01,-5.313898657913321277e-02,1.215874956795879980e+00,1.678413434617530786e+00,7.700660762515322277e-01,-4.288964615780004874e-01,6.511810269990376820e-01,3.846203077176892915e-01,1.628581788937659480e+00,1.996651396426746272e-02,8.050505569117970550e-01,1.000000000000000000e+00
-1.074515285038407097e-01,-6.208734547595994302e-01,8.361885446046010140e-01,2.963449325292363268e-01,8.320229354117646137e-02,2.732056534374582846e-01,-1.869134155846572165e+00,2.115236981289579099e-01,1.630156118785428543e+00,-1.235556067497213251e+00,-1.774119044488128294e+00,1.000000000000000000e+00
9.417865456198635382e-03,7.558828996330059224e-01,-6.783137940085780249e-02,-7.538400057143239685e-01,-3.063099347272997819e-01,-8.110055459340618222e-01,-6.575574379140766146e-01,-1.161670694841642898e-01,5.316576191451216626e-01,-8.611956559637528041e-01,-8.086377992742079801e-01,1.000000000000000000e+00
-3.434096867044829970e+00,1.337781740551628462e-01,-2.274256629126659490e+00,-5.628443647177158171e-01,-9.487305654658901855e-01,-1.902052004452923217e-01,-2.114250882824964428e+00,1.295000821266871549e+00,-4.990151090659590838e-01,-5.880475888938980766e-01,-1.062222341069085640e+00,1.000000000000000000e+00
-2.101200523055514413e+00,4.701965950421687079e-01,-2.358639627042733167e-01,-7.654002344959356385e-01,-7.096846848499936966e-01,3.094457563789116517e+00,2.587558643352443344e-01,1.496347782415337724e+00,-1.408010586935647845e+00,2.468515938481337657e-01,-6.893638940638102675e-01,1.000000000000000000e+00
-4.646167813854832906e-01,-6.515182383156860324e-02,-1.101396178922247504e+00,3.131874432542814946e-01,-5.506610568128710304e-01,-1.379121853147452059e+00,6.533632984379407205e-01,2.143885986177730685e-01,7.537742732633994081e-01,-4.318269584967653896e-01,2.761020451604424553e-01,1.000000000000000000e+00
-4.142750849807215197e-01,1.897080398434867338e-02,1.648752770964353187e-01,1.943122921578709583e+00,-5.159142741325711823e-01,5.583710194813340522e-01,-8.047757372179948909e-01,1.156625701035717935e+00,2.286052269091621569e-01,-4.503185190104309205e-02,-1.183677482514357421e-01,1.000000000000000000e+00
-5.573158380644014365e-01,4.687275004981785731e-01,9.778139286417433240e-01,1.182278714973182820e+00,1.926255911157474451e-02,3.970245723934035520e-01,-2.609888953097313724e+00,1.259727069455228499e+00,3.019844327366337233e-01,-8.994604457370312112e-01,-1.364357282455813003e+00,1.000000000000000000e+00
1.155475823790413220e-01,5.707741029134956179e-01,2.316952447973638918e-01,8.212669266008342239e-01,1.637607854849797651e+00,1.045860153308211110e-01,-1.971224099716613054e-01,2.801564068902460125e-01,-2.497913122053600499e-01,2.857892294641723452e-01,3.767125646896390401e-01,1.000000000000000000e+00
-1.275678239375425349e+00,5.854914877933320438e-01,1.549082503426843838e+00,1.730283063900271978e+00,1.885492255552768892e+00,-5.148385306027314368e-01,-1.937962372876653738e+00,9.919600919969540076e-01,2.169642766023892888e-01,-1.614812130234892340e+00,-8.035013069117331597e-01,1.000000000000000000e+00
-1.210840135243554272e+00,6.687582214039405892e-01,1.511832337659019254e-01,-2.348385481778522410e-01,-8.921621950180431693e-01,4.222874164317993451e-01,2.702167328403304314e-01,-8.488760258565617445e-01,9.746302149848455887e-01,1.005641600593137897e+00,8.454907372893694095e-01,1.000000000000000000e+00
-5.958039596814670436e-01,-2.705685868025778373e-01,-1.266190202258820285e+00,-1.362566090274436092e+00,2.195623643787500065e-02,-2.545735380240068402e-01,1.582255356925945433e+00,6.638173271451464075e-02,2.233674966372068693e-01,1.058069763004458430e+00,9.109652531749239390e-01,1.000000000000000000e+00
-1.049867280501635358e+00,1.296530090934349344e+00,1.239944091276225846e+00,-1.451407743522943994e+00,-1.449199586574831278e+00,4.109782201428263115e-01,1.035814462058038954e+00,-6.188464701137682926e-03,-5.145260021608856205e-01,-7.598303819481917465e-01,-1.452972344047601672e-01,1.000000000000000000e+00
-2.792070030967936933e+00,-1.930562515901908638e+00,-1.726446555376934366e+00,2.110809095198969421e-01,-6.297434945905508452e-02,-1.852421354243704466e+00,-1.253323245115494311e+00,-8.228596194630156679e-01,-7.060967775641049382e-01,-7.030810689883253417e-01,2.454918899743903926e-01,1.000000000000000000e+00
4.276166978833856325e-01,1.044483511720632807e+00,2.842796171118535109e-01,6.997834507319911079e-01,4.025212617350988620e-02,-1.808705076171671089e-01,1.033533591568986498e+00,-4.752099835124868471e-02,-1.120588274682710050e-01,4.822162390944326193e-01,1.017548811012960019e+00,1.000000000000000000e+00
9.617188262187371661e-01,4.668854451891998880e-01,1.042503756520929414e+00,-1.251147219458873971e+00,6.593715898453599289e-01,-3.024757154115563229e-01,9.293472777898253989e-01,4.610540825831893064e-01,1.378382496154499703e+00,-3.892124339746989570e-01,-4.602448586875778624e-01,1.000000000000000000e+00
-8.255139529808637189e-01,-9.612549411240139952e-01,-1.514055123689810878e-01,-6.818441075599080969e-01,2.020794956253417762e+00,-1.208561944894297469e+00,1.615047147508784198e+00,-1.340164338520279941e-01,1.316721251332796452e-03,-1.156728125789540512e-01,9.338720553751377329e-01,1.000000000000000000e+00
7.703695015419494974e-01,1.777709117628512248e+00,-1.153351915840369057e-01,-2.832301584183704035e-01,-2.094363462333098447e+00,2.023215706311705386e-01,-7.533155086357155028e-01,3.281902747249967334e-01,1.133548132601924996e+00,6.612854792981713581e-02,-7.537868347316519779e-01,1.000000000000000000e+00
1.596823550865200003e+00,3.649534858881832156e-01,-7.854247816339604560e-01,-4.867800626856566559e-01,-1.959801451326934396e+00,-1.795370090969697685e+00,-1.696285828982158073e-01,-8.884331722844313051e-01,1.951778283614332032e+00,-3.299162143573278194e-02,-2.132403196558973479e-01,1.000000000000000000e+00
-3.044793446774382573e-01,-9.154360528200063962e-01,8.948102136389901595e-01,3.462617009847389626e-01,-5.415500628128706584e-01,7.778479775913292871e-01,-6.656747838343495260e-01,1.534384592937432457e+00,7.156380949079743647e-01,-1.700275518859838131e-01,-7.505183617129054241e-01,1.000000000000000000e+00
-4.723003538739178886e-01,-3.468682093138314992e-01,1.658990010500254852e+00,1.592244872551234813e+00,2.473889062276374506e+00,-6.316837550755274311e-01,4.977183664337984093e-01,-5.132942898541370536e-01,-8.170028125502450944e-01,6.438190636959644220e-01,1.936400631644127124e+00,1.000000000000000000e+00
-2.005728093622114017e+00,1.476843561161856444e+00,8.575234850606259229e-01,4.231281136016547539e-01,5.603498293893792725e-01,-1.918392429263295895e-01,1.133193228592901079e-02,-3.252129041310278246e-01,-6.958700620760368549e-01,-1.260762916179441584e+00,9.794424693078054855e-02,1.000000000000000000e+00
-5.820369368825516476e-01,-7.312272735717457728e-01,1.173458786163686929e+00,-1.575675688933687035e-01,8.322364888445192843e-01,-1.625509354805842743e-01,2.187420362233272630e+00,-6.445761033408969887e-01,-1.205944086118206693e+00,-1.073676925134872784e+00,6.598332266964281878e-01,1.000000000000000000e+00
-1.730645986685209303e+00,-1.604686537781278899e+00,-2.850915311968304014e-02,1.509365788123999928e-02,2.938137017264392248e-01,-1.153456143375575449e+00,-1.455127559398261550e+00,9.928678787884011037e-01,-5.941996864482459451e-01,3.472268310805060737e-02,1.886214584976617092e-01,1.000000000000000000e+00
-4.573211855056861230e-01,7.102372249646178304e-01,-6.457578087052929794e-01,4.684306752879075497e-01,8.930435666181480991e-01,-1.521263405598310525e+00,1.026218727354550220e+00,3.142166870248668809e-01,-4.678972432819026861e-01,-1.165939147648345497e-01,1.065760814552301428e+00,1.000000000000000000e+00
-2.144011775083040749e+00,5.287910092490097913e-01,4.670544283543263675e-01,-3.470873210328268010e-01,-1.409132580771626619e+00,-4.594858208607638383e-02,1.188143208303747145e-01,-5.438068866382497202e-01,-3.193901242552124597e-01,-1.185789977762605529e+00,-2.105650172912390539e-01,1.000000000000000000e+00
-5.177196661231712183e-01,1.198395223659907805e+00,-2.286763235263834293e+00,-1.233752679435701438e+00,4.300884685524068440e-01,-1.531547316863546282e+00,-1.005515107785375672e+00,8.093125941724336192e-01,-1.510212105991835252e-01,7.420027837286564676e-01,9.858473601868972258e-02,1.000000000000000000e+00
-5.262759455931890207e-01,1.431176226019757469e-01,-1.622636093272004365e-01,-4.593632764400487623e-01,2.603499162835445802e+00,3.300124043004646901e-01,9.196643329307664372e-01,-7.984437451560957300e-01,7.124498629216772239e-01,-7.566279802788122844e-01,-3.521895966784120424e-01,1.000000000000000000e+00
1.892491318259356570e+00,-6.811596623114064553e-01,1.301281845571032436e+00,1.436736534946897237e+00,1.060243947262232006e-01,5.407526859730895641e-01,3.553831667623527757e+00,5.487343391021530792e-01,2.168118726990395206e+00,2.456767498932115323e+00,2.582336417258895178e+00,1.000000000000000000e+00
-6.288330476676191605e-01,2.330429259657365026e-01,5.038427090396276897e-01,1.580661778640450876e+00,-1.850003552235899296e+00,3.381055440741530249e-02,-1.045362231225832828e+00,1.348898593295500437e+00,1.698600423081766952e-02,-1.802871993897856351e+00,-1.254641760830084829e+00,1.000000000000000000e+00
1.381538687600129656e+00,5.275179791408858287e-01,-2.354642997673802363e+00,-1.970100087627090213e-01,2.241156667093641697e-01,-3.133426075488564000e-01,3.257946067393801548e-01,-2.484841507158697116e+00,-4.232930658588210382e-01,8.811142884986982171e-01,5.837211940633129093e-01,1.000000000000000000e+00
2.162142160718676931e-01,-2.333274472267804489e-01,-2.788765539786378644e-01,-1.271102978945966022e-01,9.267710507600306347e-01,4.047010203993385846e-01,1.315958357163910852e+00,4.344043319375071044e-02,4.285860433278638193e-01,7.128884000734311277e-01,6.258840740019230298e-01,1.000000000000000000e+00
1.199666747130492039e+00,7.175095583788638764e-01,-7.574060401405680043e-01,4.325368940294332387e-01,2.291305235224712522e+00,1.860850183422101400e+00,4.524312803102175651e-01,-4.254424961029580898e-01,-6.819134620022928583e-01,1.880689426625340444e+00,7.704636737798831181e-01,1.000000000000000000e+00
5.542635057442070190e-01,2.487324441170883638e-01,6.167623290343382525e-01,1.347750050520316600e-01,4.612030778307790735e-01,-2.709771990126570995e-01,-4.753684804704575995e-01,-6.156118870966145185e-01,6.996290988341326289e-02,-7.612712398818103354e-01,-4.931181971064394487e-01,1.000000000000000000e+00
-1.969568494072654330e+00,-7.174238825291170407e-01,1.116870163884906564e+00,1.514744362441617254e+00,6.659001300725356787e-01,1.129501307105279934e-01,9.431374133781758040e-01,-1.500270207101979392e-01,7.682005915583695055e-01,1.200002227352220840e+00,2.037345323138719078e+00,1.000000000000000000e+00
5.592333770918892499e-01,4.520484268974252484e-01,5.562833794343556848e-01,-9.274901909680997036e-01,6.495703436152032717e-01,-1.239740067694806935e+00,-1.664155648314159963e+00,-2.312087961698747751e-01,-9.893856899463033816e-01,-1.541010600843510936e+00,-1.268671762716364393e+00,1.000000000000000000e+00
1.205166074576358159e+00,-4.699271079252007599e-01,2.350117696295791703e+00,-5.941196358366881425e-01,4.873389419418906465e-01,1.522347974525104286e+00,2.660527683462103443e+00,-9.578429681232651927e-01,1.716462158792876891e-01,2.852656000699231309e-01,6.845419531440686267e-01,1.000000000000000000e+00
-1.216215561386436717e+00,2.444172049961657600e-01,-1.256047356700118467e+00,-1.245683727744548053e+00,-5.578471992482102459e-01,-1.311570082910975099e+00,-2.058918803171212453e+00,8.392177596451535493e-01,-1.018842098511910210e+00,-3.494756230350873349e-01,-7.368053131669243250e-01,1.000000000000000000e+00
-4.351760330504608060e-02,6.774803891498829556e-01,8.560365428698017976e-01,-1.428258508430338136e-01,-3.319651953359681884e-01,1.954313006641989481e-01,-9.208604613821826934e-01,-4.900239229799885354e-01,-4.716230263312767845e-01,1.500941695787469943e+00,9.682740432042687972e-01,1.000000000000000000e+00
2.278669612714887105e+00,9.082467900725301746e-01,6.574147276224546754e-01,7.850434499516723008e-01,-6.178863225167720019e-01,-7.616695779598915417e-01,6.954025810784193462e-01,3.277881202747612299e-01,-1.633588292996344116e-01,1.605349947079573791e+00,1.568779153132437099e+00,1.000000000000000000e+00
-3.866609579341266922e-01,4.834266186531571141e-01,-5.100811269144835958e-01,-5.703365523889701583e-02,-2.406924983992482225e+00,-3.697201023377999496e-01,6.700407847636707590e-03,9.343775577471482574e-01,-1.780640831372106270e+00,-7.395092947650675486e-01,-2.353149391658332090e-01,1.000000000000000000e+00
-9.261872002636434287e-01,3.871918305329721255e-01,-5.202807155773536696e-01,4.483911026951772349e-01,-2.899156975669874292e-01,-1.448633675917652353e+00,-2.197697434069121047e-01,2.658044252466603696e-01,6.163823196358734213e-01,2.508811670373527480e-01,7.481855986040720774e-01,1.000000000000000000e+00
-4.740309040052791967e-01,7.154344685421913930e-01,1.141029575694259224e+00,8.757568877443593358e-01,1.464873897622158250e+00,8.111333649133072310e-01,-8.753396015889562953e-01,-3.847674140102113061e-01,4.830984562094339241e-01,5.788874043546157755e-02,-3.891535863937541084e-02,1.000000000000000000e+00
1.069019314050906194e-01,2.025404129972289358e+00,1.555277681973720738e-01,-1.210478679625196993e-02,-3.571914623268496181e-01,1.115876191327720840e-01,-2.307460825883388411e-01,1.095327783878154770e+00,-1.809848828638145335e+00,-1.693297317550863101e-01,2.603424297461988000e-04,1.000000000000000000e+00
-1.790598104019910375e+00,1.595077452640369653e-01,-1.024594159589247433e-01,8.812657107611794327e-01,2.206286280625100016e+00,6.366268465839611812e-01,2.956866682643735644e-01,1.153311229728727350e+00,-8.451861128306771276e-01,1.725583267897544404e-01,5.898072259216432522e-01,1.000000000000000000e+00
-2.293466102365306458e+00,-1.444256775951076148e-02,-3.376533751407487238e-01,2.740789780013277444e-01,-1.868722757301429782e-01,9.294841474111557866e-02,3.369964500618708447e-01,3.678040054372792578e-01,-1.968877761612801924e+00,-5.343198193074659708e-01,4.877764200393536198e-01,1.000000000000000000e+00
1.633605347110271389e+00,2.246646997344905194e-01,6.258854961013404772e-01,-6.592509303764670925e-01,1.646205351857774613e+00,-3.877376330512852243e-01,-6.544231383994993934e-01,-1.365703166977028926e-01,-6.840431289382923330e-01,-7.900825485605130760e-01,-8.961202603704806480e-01,1.000000000000000000e+00
-3.070046374692943919e-02,1.675262517815237495e-01,4.649481756942357435e-01,3.520628256398144335e-02,-3.497936415432666424e-01,5.740124651689235691e-01,4.283819436641300160e-01,-3.023586057180399286e-02,-6.545737137223310853e-01,1.217918553030179485e+00,1.030932505131680887e+00,1.000000000000000000e+00
-7.780535964057395670e-01,-4.247679006345769226e-01,-1.127474484427398588e-01,9.850290938313328581e-01,-1.840644522534419680e+00,3.226926074756570478e-02,2.195191077475790120e+00,8.264569918931674586e-01,-5.294405793408114569e-01,1.928012746520162635e+00,2.516380237078065463e+00,1.000000000000000000e+00
-2.063756348967618059e+00,6.084706561790811929e-02,-2.105095607463124685e-01,-4.125034574212088634e-01,-7.889796786951998042e-01,2.050415457894191107e+00,-7.738056527294007170e-02,7.112297845055507439e-01,1.164711328147478131e+00,-5.814183491719755459e-01,-1.271867790881937355e+00,1.000000000000000000e+00
-4.500109309667559843e-01,9.933317953453764115e-01,1.571962771075263998e-01,6.723176104402872610e-01,4.255584845411122807e-01,-8.187058272335444586e-01,-1.203057020019533185e+00,7.117657755031979450e-02,-8.811369645369737658e-01,4.710121503119482078e-01,7.115313508713726476e-01,1.000000000000000000e+00
9.895392524668210621e-01,-2.452349234735431427e-01,1.874657024229554880e-01,7.526817280361363105e-01,1.965279886456464398e-01,-1.310715356338402637e+00,-6.474763801961026521e-01,-6.961582763276060737e-01,1.045278172657220006e+00,-1.426272982698826075e+00,-8.173700729090996875e-01,1.000000000000000000e+00
3.479944391021518313e-01,6.813441029954513395e-01,1.679612588587660493e+00,2.116182857200627279e-02,2.224332874142480154e+00,2.190437450689865617e+00,-6.470645636893621599e-01,-1.206603507546645693e+00,8.836298407036451419e-01,1.045424296780447904e+00,-3.012598074649378704e-02,1.000000000000000000e+00
1.187125692985476988e+00,3.419899819994194901e-01,6.146243161925125653e-01,4.008826539372643549e-01,1.656167199292588155e+00,9.157464724886928975e-01,1.005650607250230921e+00,-2.352328851658950504e-01,8.953802215000826736e-01,1.218386090821555134e+00,7.663505667190284587e-01,1.000000000000000000e+00
-5.187452284416069759e-01,-3.205322510275829817e-01,-6.870494428720627100e-01,1.438009277897978333e-01,1.251039173829074036e+00,2.002182896166240678e+00,-1.225796508543868235e+00,-6.334297429773217969e-01,7.571493682330044939e-01,-1.076086423028741690e+00,-2.010772379131641419e+00,1.000000000000000000e+00
-4.562736169737793834e-01,5.778538236870441880e-01,2.970622131009887923e-01,-1.055526319291317100e-01,-4.286892974127266553e-01,-4.047983118846720796e-01,1.259257750226460137e-01,9.704514002268233019e-01,5.425550159642807957e-01,5.500342067446220562e-02,1.442189439900927184e-01,1.000000000000000000e+00
6.768537927013240640e-02,3.047819649889147442e-01,7.582252108640092914e-01,-4.587064543170998321e-01,-3.996851024366851468e-02,-1.407383676136201078e+00,2.194253294239633778e+00,1.309019666765753653e+00,1.748271451631218110e+00,1.954561462555344908e+00,2.257705396541688891e+00,1.000000000000000000e+00
4.651268546276036142e-01,1.268831847812601277e+00,-3.037420593364966170e-01,1.724241650376311163e+00,2.297956811134767463e+00,1.315586418921417922e+00,-2.297768058726427753e+00,1.474547467224418540e-01,-6.412737789251722331e-01,-7.819378581798593075e-02,-9.172320986188517988e-01,1.000000000000000000e+00
-5.257454350754604544e-01,-1.083609092126129880e+00,-1.392441353231471668e+00,1.900076406738171908e+00,-5.430202282461855656e-01,-8.318779728855853206e-02,6.085130816469842552e-01,6.133343595153493977e-02,-3.722201895119762738e-01,3.195084477228176123e-01,8.632114777174294540e-01,1.000000000000000000e+00
-1.351772123853475671e+00,-1.204034560978742174e+00,-9.842212791757777302e-01,-1.311604212035356598e-01,2.532317933752641359e+00,1.234778780971177881e+00,-2.156341945798462945e+00,-3.383950396318924914e-01,-4.877173623262368030e-01,8.592945600320480715e-01,-4.665418030824003415e-01,1.000000000000000000e+00
-2.771366056262606833e-02,-1.751626889606867410e+00,-3.751971702396123542e-01,1.369641415127554440e+00,5.100977186334134661e-01,1.230597833191892754e+00,4.504608306115701621e-01,1.232946197927456300e+00,-5.202243204727029502e-01,5.037943861788444222e-01,1.980838762671877640e-01,1.000000000000000000e+00
1.283786626022881627e+00,1.735733259931562245e+00,-4.166433588920686604e-01,-5.510972476107370982e-02,-2.040730370471510180e-01,-1.781746108639506720e-01,1.536085128034413216e+00,-1.868614705829134068e-02,5.274828535494748838e-01,1.982345410009887510e-01,4.032136843236722723e-01,1.000000000000000000e+00
-1.329924039863382035e+00,-1.099911083517699506e-01,-1.893718316872464502e+00,4.870294684227980397e-01,-1.144570337869631693e+00,-4.379832321681309537e-01,1.778922498263701135e-01,4.394487667724529811e-01,-1.324494697510409269e+00,1.198304575654604909e+00,1.323778236551202303e+00,1.000000000000000000e+00
1.864166835631987817e+00,3.356342666510742645e-01,5.950174142753725803e-01,2.410615828992955567e+00,3.312323314006668934e-02,8.524026211579246448e-01,3.773288754785490418e-01,-4.692598170137359803e-01,8.365440255122542634e-01,2.486917511287168037e-01,2.882995372139997015e-01,1.000000000000000000e+00
-2.909090405121264600e-01,2.664338168182453503e-01,1.170780872649870297e+00,-1.876127822376853382e+00,-5.668010571010257542e-02,-2.204556901103320865e-01,1.027624135758082313e-01,1.220734848766532599e+00,7.712019818330544396e-01,6.279572196448741650e-01,3.101367635659392150e-02,1.000000000000000000e+00
-2.585398533408834743e-01,-3.829527911400326667e-01,-1.676107197693855300e+00,-6.930532562253136630e-01,-2.241170540319904703e+00,-1.171160652859488227e+00,1.256043728577991847e-01,-3.174311462655786120e-01,-2.067988292301678188e-01,-3.765046749965684225e-01,-1.566067899999411539e-01,1.000000000000000000e+00
2.308653781043604525e+00,5.076561202499262349e-01,-8.037945250065905434e-01,-3.261341793270552958e-01,-9.246827496492817655e-01,-1.070992037434943395e-01,1.015319513377313188e+00,6.031225270488903556e-01,1.745554488210544486e+00,5.273764561570428722e-01,-3.019962577559305861e-01,1.000000000000000000e+00
-3.772154353310679942e-01,-1.780123798533888024e-01,-2.370412342217934065e-01,1.282078005782223196e+00,7.463134600003699104e-01,1.303536874963231229e+00,3.329739983893285071e+00,-1.390082070671293524e-01,1.026117150050557703e+00,-1.038144865692523844e+00,1.894505354019837828e-01,1.000000000000000000e+00
2.199857261648907603e-02,-1.378457668606909881e+00,5.548399374153588637e-01,-6.281641290624430107e-01,-2.027601773975134414e+00,-6.618151492229130683e-01,-1.322530077414594940e+00,-1.269792138794280545e+00,5.955762460751725662e-01,4.873074706904330367e-02,-2.728575912708964823e-01,1.000000000000000000e+00
2.723497788655602658e+00,-8.073196269683372561e-01,3.217054483739315573e-01,-1.072291178154345381e+00,1.422273870549357166e+00,7.886548168629857747e-01,-5.033081125359462060e-01,-2.397860197640381275e-01,1.065529824570693729e-01,7.339887401570936720e-02,-1.240395091122939331e+00,1.000000000000000000e+00
-2.055204367753480810e+00,7.923552993002228595e-01,7.016476506075283170e-01,-4.611544922682468406e-01,2.670168312741956762e-01,4.692622706210970995e-01,-2.117435553985262953e+00,-2.996345994545775437e-01,-1.527894266101953169e-01,-1.302338404181127285e-01,-5.130296770792346361e-01,1.000000000000000000e+00
-1.634082519311378157e+00,-5.102545760509550332e-01,-1.445359565606137153e-01,-4.980034187637599197e-01,2.686331820476265397e-01,8.170050098254525439e-01,-8.082402186699966240e-01,-3.298004000436426941e-01,3.284751966791555899e-01,-5.490653819102609967e-01,-8.546812376126389221e-01,1.000000000000000000e+00
-3.201156611523897633e-02,4.472791617441845835e-01,-1.639974380616742389e+00,1.092256894829034986e+00,-1.472163615299842965e+00,7.299408403196566697e-01,3.082125673200243610e-02,-6.856338037403272301e-01,-1.867592807996675264e-01,7.697757981427451046e-01,4.329588814067547586e-01,1.000000000000000000e+00
1.170111454389492822e+00,2.637979197902215467e-01,3.632673670172064107e-01,3.366326629178057472e-01,1.267998784934446288e+00,1.162331429415610184e+00,-1.554382273773591630e-02,1.396842016942355214e+00,-1.813174479420482099e-01,3.883030812484125627e-01,-4.119654931863155345e-01,1.000000000000000000e+00
1.956867087328619581e+00,4.661465138412623777e-01,2.839507011478787923e-01,1.539596222567076067e+00,-3.401523742597383632e-02,2.621991492584114791e-01,1.624564122076014028e-01,1.501181314801308897e+00,1.329751386312757466e+00,3.004675210146470210e-01,-2.035055109531013207e-01,1.000000000000000000e+00
-2.953837732712876751e-01,-8.974737505620051792e-01,1.825304529218256255e-01,1.301086836685834580e+00,-5.303659079422027300e-01,-9.192800338958619921e-01,-6.820423757128144526e-01,1.331015259376669313e+00,-1.966294704064937671e+00,-2.866828109871161906e-02,6.361202089745739974e-01,1.000000000000000000e+00
-7.357207120605280259e-01,-1.947740105577178971e-01,-6.000421946048962729e-01,1.776609171172230384e-01,-1.230544017013475155e-01,-5.097961867844635897e-01,2.173198848218245993e-01,-6.050064004387558647e-01,8.347390174762643333e-01,-9.518740189233061422e-01,-3.806345424495494734e-01,1.000000000000000000e+00
7.719825191422239330e-01,-2.642783087478753679e+00,-9.652986653713313547e-01,-5.407611808036583145e-01,1.897859789763481075e-01,-1.537790594239833331e+00,-1.666166274585453744e+00,-6.537257438756690631e-01,-6.687121099903075017e-01,-8.836225768125959279e-01,-1.028460010791548029e+00,1.000000000000000000e+00
-3.588672855780413729e-01,-5.775581400239607754e-01,4.873173008036615905e-01,-4.411090905766734682e-01,-1.509739611907809920e+00,-5.959799017213497363e-01,-1.398342898276757895e-01,6.102887638742656717e-01,1.242380649631028788e+00,6.141931213652856991e-01,3.104336402401194905e-01,1.000000000000000000e+00
1.926379038643944996e+00,8.970263544838409375e-01,-5.306099188873513173e-01,4.480170306702523919e-01,1.384315724690975857e+00,1.675750097810248251e-01,1.584850518055413549e+00,6.334143256523657763e-03,2.203574637497521582e+00,2.195548029263859391e+00,1.382208671035302761e+00,1.000000000000000000e+00
6.244096793783775468e-01,1.086087509964572817e-01,5.576233036316730757e-02,-2.307042771547324900e-01,-2.961553685144809323e-01,1.183962943580083138e+00,-5.332222547183342876e-01,8.104361238588984051e-01,1.504473007049384137e+00,1.329698950633654508e+00,-2.628577861165088958e-01,1.000000000000000000e+00
7.459416520658737060e-01,2.616301990665281796e-01,1.393914212929451724e+00,6.949221295784675512e-01,1.488279998362364909e+00,4.577415691856989155e-01,-9.903288158204822667e-01,-8.765639560816304576e-02,2.388492989792260879e+00,9.070132551848743008e-01,6.137710964170321054e-03,1.000000000000000000e+00
1.326033498089275842e+00,5.222208363727791625e-01,4.809584693682962819e-01,-2.127482790159531123e-01,6.059767599215442058e-01,-1.113482371595946097e+00,1.486617978032226839e+00,-7.398386265682339591e-01,-1.136487132717916237e+00,-1.198693357038006502e+00,2.032802165285534091e-01,1.000000000000000000e+00
-2.655543217818264745e-01,2.778954190658257661e-01,1.358763676540222787e-01,4.784104795845816049e-01,-1.257407356132326792e-01,-1.704717073409002248e-01,-3.843959817217749292e-02,-8.203929697376317609e-01,1.150106820794191353e+00,-1.185848156721433844e+00,-6.642694268222969489e-01,1.000000000000000000e+00
4.309418455029094819e-01,-6.566932524727560339e-02,-1.524029831092747367e+00,5.506413269564711666e-01,1.024370047382274551e+00,-2.166193840456503428e-01,-8.751168717010727738e-01,-9.651923514838223195e-01,2.606960968017912189e-02,-9.428042822117072008e-01,-9.776613846063587632e-01,1.000000000000000000e+00
3.694021790551233475e-01,-1.344024430703226303e+00,-4.057733944145124338e-01,-4.722494441172002122e-01,6.791422821254359254e-01,-6.649373132732525615e-01,3.225343470763319398e-01,4.562149500623888798e-01,1.822113783554844824e-02,-1.804885376392517671e-01,-1.531620609578499825e-01,1.000000000000000000e+00
1.093771454540135357e+00,7.934861051068730076e-01,4.557392694168929115e-01,5.730540528175784853e-01,2.740867062504212526e-01,4.271370590458998251e-01,-1.514377396005335941e+00,2.214610199572779603e+00,1.292560231127728165e-01,2.273612812558585897e-02,-1.004075650347657112e+00,1.000000000000000000e+00
1.262566568158217439e+00,-7.726668816289036235e-01,5.723509954767393992e-01,1.060895848122906937e+00,-3.656868799667772896e-01,-1.630198725257536507e+00,3.441573675861976933e-01,8.964550198848288964e-01,1.076929987469223082e+00,8.152041790053508041e-01,1.103724379668898692e+00,1.000000000000000000e+00
1.968920938632639839e+00,2.854467754824716041e-01,-4.087413822582202094e-01,-1.958998418621514803e-01,-1.325939502688682659e+00,4.713100907991511490e-01,-1.293982573362525201e+00,1.805905602624950368e-01,9.763279050457537300e-01,8.507347904301275632e-01,-7.791841136201818063e-01,1.000000000000000000e+00
3.706964019442024472e-01,2.016758568584370082e+00,-1.140016763296017199e+00,1.370652965241427657e+00,1.517114926924513219e+00,-1.511105467475504449e+00,1.449542897787645890e+00,1.014981869564576478e+00,1.291318978689563357e+00,1.198023204220524107e+00,1.796210084522951167e+00,1.000000000000000000e+00
-1.456086761596271928e-01,6.664692163859525786e-01,2.208472256494861952e-01,3.553412325296604335e-01,-1.796184464683586723e-01,1.305882971483532273e+00,8.140117533708419728e-01,-1.250482718003566251e+00,-3.568585037889099310e-01,6.620900268105242015e-01,7.073739020525884325e-01,1.000000000000000000e+00
7.368057652794942625e-01,4.895608671076937535e-01,-1.746286510949120574e+00,2.062109491718707166e-01,-1.625203013807074326e+00,-8.906503608122318116e-01,-8.426072164786846397e-01,6.638905559272287871e-01,3.117565462500757056e-01,2.466253366748792641e-01,-3.384738169600928215e-01,1.000000000000000000e+00
2.130500201846908137e+00,9.136335250791721707e-02,-7.678151837137727753e-01,-8.277985490175489014e-01,-1.190038903732993480e+00,1.785397899844322067e-01,3.035590496928597393e-01,-9.792716958179190634e-01,1.869417460908875117e-01,-1.205159317511290129e-01,-7.439898570727391247e-01,1.000000000000000000e+00
3.786470979380308077e-01,-1.487723529843823674e-02,4.228402194775693901e-01,9.156504629815217511e-01,1.123910870816979601e+00,-1.859109092852155309e-01,1.840043189863113771e+00,6.815170047801595299e-01,5.758693154924201529e-01,2.605053512768458646e+00,2.666917470385003597e+00,1.000000000000000000e+00
-4.937500901357033123e-01,4.260749998876042222e-01,-5.345006111020711437e-01,-1.129984262914417670e+00,2.135419747302392590e+00,1.657180973811031688e+00,2.179762521712697576e-01,-1.148405126830034595e+00,9.995012972632628667e-01,1.185010579319591750e+00,2.831711038456112897e-02,1.000000000000000000e+00
2.926958906725135368e+00,-5.858122906112425143e-01,2.025884078400602695e-01,-6.763184154717769569e-01,-1.829424821684824676e-02,-1.042926564125224331e+00,3.258282703695207227e-01,-1.144274249413340661e+00,5.313698130592017232e-01,2.511650437605827957e-01,-6.888814377938149575e-03,1.000000000000000000e+00
1.690179278311511268e+00,-6.084176464048847155e-01,1.239050847655246645e+00,5.649635603187014299e-02,3.518375405539622691e-01,3.675386117027897304e-01,6.998986818386077058e-02,-6.957202277981420005e-03,-4.496647000211081990e-01,5.063991689733150503e-01,1.846523434330197277e-01,1.000000000000000000e+00
4.861781531052285499e-01,-7.906781485321088751e-03,-1.025740404534923655e+00,-7.171793209940192648e-01,-8.644293651975015758e-01,-6.811609658251606414e-02,-1.873407314417181446e-01,-2.522105908228716165e-01,-7.691885766121913104e-01,-2.593056889700697809e-01,-5.390573293578768688e-01,1.000000000000000000e+00
-1.486320553719300275e+00,-2.406797242433185158e+00,-3.578229190296102757e-01,-2.060121712510483150e+00,-1.078312788434616420e+00,-1.325090423436279474e+00,-1.244840326567629329e+00,2.747804584375894144e-01,-8.237346566593529984e-02,-6.373524438034640083e-01,-8.542640932318079638e-01,1.000000000000000000e+00
-1.353414128737357780e+00,-1.320794257338818722e+00,2.261504086433893390e-01,1.136276956951557532e-01,1.117786348141819541e+00,1.977365833802792849e+00,-4.730804563995090750e-01,-2.044969302430938163e-01,-4.174321464661601144e-01,-3.225606486386460858e-01,-7.603755850610385281e-01,1.000000000000000000e+00
-4.036496830018407311e-01,-7.234328062377221036e-01,1.911152610168009192e+00,-1.699880933518352455e+00,4.503480283629585079e-01,6.918548525116933190e-01,-3.398398685944338804e-01,4.444760260500857374e-01,-1.800966305320539085e-01,4.442751422060400163e-02,-4.590250432774657385e-01,1.000000000000000000e+00
-1.200351289735308580e+00,-6.011103735141810206e-02,-5.635417470173945675e-01,-7.742007386754241605e-01,8.687052605491533130e-01,-9.434014728598234534e-01,-8.332084049111373458e-01,3.112408337626787480e-01,2.478583086818670345e-01,-3.149420632010175858e-01,-3.064823241698657053e-01,1.000000000000000000e+00
2.156512801401057333e-01,-7.845745577306624252e-01,-7.723293675749678400e-01,-9.919542826043152850e-01,1.203553903980311285e-01,7.487629622997683532e-01,-1.105829257927502418e+00,2.511357446760684176e-01,-1.906202725351569260e-01,1.205369494227480187e+00,-3.124799061379062159e-01,1.000000000000000000e+00
-2.456931397172017473e+00,-8.086606655096848506e-01,-1.062425871770452002e+00,-2.061906931009075183e+00,-2.091645352023915549e+00,1.856050518948695882e-01,3.421413036644268546e-01,8.346611385400239946e-01,1.613925932665128737e+00,-6.175155876402029786e-01,-1.085920600957678506e+00,1.000000000000000000e+00
-4.065200157743342757e-01,5.531518927174230438e-01,-7.857721666478365563e-01,1.420422525194552588e+00,-1.725026450584854265e+00,-1.385434119923693030e+00,-7.968189328258438314e-03,7.929542714877819698e-01,1.381320622495637584e+00,1.443605752222852479e+00,1.544384299691796913e+00,1.000000000000000000e+00
-8.635792640281652055e-01,1.610053154599830616e-01,4.259491550613410671e-01,8.916067478733320506e-01,5.790057442503125928e-01,2.319102079472460609e+00,5.505423284049675292e-01,1.721696987887639807e-01,6.421357810229001428e-01,6.167214930564881570e-01,1.173581626389301052e-01,1.000000000000000000e+00
-3.990415971504358561e-01,-4.089260079837336304e-01,-7.421367362109596577e-01,-1.326997885501183028e+00,-7.508289746836531720e-01,-1.625212846549469958e+00,-6.481556210877855717e-01,9.270963243459245939e-01,1.816937794422121444e+00,-1.638916877238986380e+00,-1.673686309415400419e+00,1.000000000000000000e+00
1.104626450006997995e+00,-1.419850485037226495e-01,-4.582267377652577411e-01,1.209205205847162068e+00,1.771337773335176224e-01,6.489217043211659153e-01,1.071910883018650340e+00,-6.139361725188132723e-01,-7.518685551185795291e-01,2.150620841666096017e-01,5.291728889720733742e-01,1.000000000000000000e+00
-1.968289997624716792e+00,-6.448125784274620909e-01,1.354479575104913514e-01,-7.997575808331784941e-01,-4.283795851688492196e-01,7.023973477770023566e-01,-2.561912558041712362e-01,-1.144278024507776603e+00,-2.760221887151435016e+00,-1.321381070031321991e+00,-4.734996249561648218e-01,1.000000000000000000e+00
4.464879131668930135e-01,-1.282392673563131913e+00,-1.332454349590526110e+00,5.591022333138521150e-01,-1.372551678728183067e+00,-8.134420705781110206e-01,-5.945867195550182949e-01,2.315474515978478420e-01,2.755376090398939382e-01,5.366811956639442327e-01,1.511306048369159272e-01,1.000000000000000000e+00
2.170067059544174282e-01,8.825260866887255640e-01,3.623162197473362434e-01,-2.036447291230013334e+00,6.592616503250481319e-01,1.936953530616457309e-01,9.991223091271789203e-01,-1.377188592523415966e+00,-1.806232197311658627e+00,-1.782073640406153681e+00,-9.511818233633542174e-01,1.000000000000000000e+00
-7.891370151491304830e-01,1.246324353645866356e+00,-1.307830438432033004e-01,-1.353547950771190500e+00,7.839465137207529688e-02,3.545000171015447177e-01,-6.774916918095662544e-01,-8.971502811018500223e-01,-1.147787421830041010e+00,-7.329005603095644084e-01,-7.427109903539408364e-01,1.000000000000000000e+00
6.902026660964482030e-01,-2.207707787084931261e-01,-8.813559647551508780e-01,-1.034491640365514664e+00,6.949205730317727925e-01,8.219812344539272342e-01,1.093026254457617696e+00,9.337625260036578334e-01,1.004401386843738919e+00,1.856857993250171646e+00,5.221347253274941647e-01,1.000000000000000000e+00
6.529799031025844414e-02,-6.901276943730736413e-01,-1.810545672013437413e+00,-2.276158995668490503e-01,-3.970494387207544884e-01,1.247295697793772806e+00,-2.251731121643680389e+00,2.568004574667970830e-01,4.903727925419875677e-01,-1.001985596879997997e+00,-2.576777953591192549e+00,1.000000000000000000e+00
-6.732327252804160000e-01,-7.725802222907607320e-01,1.405333150156648614e+00,-4.136739051832078462e-01,8.806403753105862542e-02,-1.564453606714248934e-01,-4.438418868393192995e-02,3.561212424587731906e-01,7.133916033748994856e-01,-1.269395243010356111e+00,-8.042882219288404189e-01,1.000000000000000000e+00
-5.113001047004109845e-01,-1.190879438357758113e+00,-1.378228982407739556e-01,-1.711980319063951095e+00,-8.474847453369114270e-01,1.074641543688018563e+00,-2.514620725997592565e+00,-5.217935344799804476e-01,-1.517066896247971197e+00,-1.523228298681422732e+00,-2.525064759928158598e+00,1.000000000000000000e+00
-2.534752643847496767e+00,-7.090406563642864812e-01,1.049961310923425373e+00,3.842734537124459226e-01,-1.355672409644885335e+00,-1.703959920073302436e+00,-1.551886286251856539e+00,-3.119033276987345435e-02,-7.035221749474678266e-01,-1.356640402850287197e+00,1.449759898109385416e-02,1.000000000000000000e+00
-7.283932601915868998e-01,-1.648307290974216688e+00,5.536567824008397087e-01,-8.857714193521238899e-01,-1.159970041701546384e+00,-1.398515813596203694e+00,-5.812907285541663027e-01,2.709397501068042113e-01,4.720793107134731437e-01,-4.060650008115993526e-01,-1.633273974211277846e-01,1.000000000000000000e+00
1.058988637529272303e+00,-3.014384616104251458e-01,-5.537530016708855918e-01,-1.938544288920077019e+00,-1.539391733993511258e+00,5.461752688401888545e-01,-3.021334755103272318e+00,8.180940887446499499e-01,-1.308219539047383195e+00,-8.381869820508468516e-01,-2.675268541638171182e+00,1.000000000000000000e+00
4.076489015328469412e-01,-5.693009106752372483e-01,6.033304320525618297e-02,-1.622783734582019965e+00,-4.844324430072275423e-01,8.533682162903779567e-01,-1.620737985810177584e+00,-4.858498695728326322e-02,-5.340703931859831499e-01,-7.721326517020129510e-01,-1.917162048365500082e+00,1.000000000000000000e+00
1.088343206838333632e+00,4.238040956259322423e-01,-6.027782889181276804e-01,3.887521762413727600e-01,1.033531346804415829e+00,-5.356238732965128424e-01,1.626121521691103577e+00,-3.363580696622587851e-01,4.514032603043138248e-01,-2.858833780582916151e-01,3.680860144667220113e-01,1.000000000000000000e+00
-1.027075873245414210e-02,-5.584708487611949046e-01,-5.081493428193560868e-01,-1.181937149064546722e+00,-1.234295215766783915e+00,-6.920299107994913879e-01,4.375634491150032224e-01,-1.207578956211216692e+00,-1.423936439082408967e+00,-5.145740872550838008e-01,4.300465016628398501e-02,1.000000000000000000e+00
-7.396269900598575475e-01,1.177447035390505770e+00,1.780056705542195084e-01,-3.836410184426884973e-01,1.007405663978074184e+00,2.348660969217543637e-01,4.119006456320323806e-01,-1.150774848329078281e+00,5.543749493085601276e-01,-1.368454094854515191e+00,-7.069240170876711638e-01,1.000000000000000000e+00
1.148618138566795288e+00,6.700286772369036248e-01,2.998110884066264581e-01,-8.594699508770564655e-01,7.308585095534735343e-01,2.648736577928459957e-01,-4.841871385451694265e-01,1.077021257810350380e-02,-6.223721318404054070e-01,9.820690455754006454e-01,1.543772779096685699e-01,1.000000000000000000e+00
6.582395018068001313e-01,1.079219566801048691e+00,-1.602770698387542547e-01,5.560892344562228251e-01,1.613563627982695481e+00,-5.433578923658509696e-01,4.817429965867179864e-01,1.101106291919677460e+00,1.329975048489650424e+00,4.937284179261087202e-01,3.946441456455835883e-01,1.000000000000000000e+00
-5.917783276943537896e-01,-1.409132459770158441e+00,-3.759322079218574975e-01,6.510846581529614596e-01,-2.980456308750854544e-01,-4.481830469180956844e-01,-8.372736647692790024e-01,9.866972216388514294e-01,-8.096023226137835649e-02,-7.579175195867108306e-01,-6.413166353651826856e-01,1.000000000000000000e+00
-9.312950169166041015e-01,-7.377698423730681965e-01,3.737476245102811651e-02,-3.371691638294566085e-01,-2.231058116564051397e-01,1.958035299403693141e-01,-4.199315682675843209e-01,6.468605210819062812e-01,-8.439450354461631720e-01,-7.038352946207302452e-01,-6.057484831426515060e-01,1.000000000000000000e+00
1.119826645150699296e+00,1.154587211086325782e+00,-6.321997353231861849e-01,1.191536006764319255e+00,8.542309181315679290e-01,1.653484942475274000e-01,-2.268305340019825811e-01,-2.737657683340462555e-01,1.800157853349548143e+00,1.540271124389080759e+00,7.184902069085155052e-01,1.000000000000000000e+00
5.618849030975037184e-01,-1.001508442187635239e-01,-1.510145423952402033e-01,1.107742250259512007e+00,9.912395623043384063e-01,-7.886412711997559111e-01,3.553652257974314055e-01,-1.885947457334962579e-02,-1.191533550512983597e+00,-6.246727408799354064e-01,3.603965402540073026e-01,1.000000000000000000e+00
-1.633343784884625782e-01,1.202534327430948152e-01,2.920105960412509027e-01,1.727930321095762167e+00,2.002300449469284760e-01,-1.910408772494119334e-01,-1.861689662855995131e+00,7.999666275207731880e-01,-4.065768552391946788e-01,1.109515135214982795e+00,7.024925626119787880e-01,1.000000000000000000e+00
1.080790859037624507e+00,2.644347732039774024e-01,6.169628306586721900e-01,3.595704725348241038e-01,-1.426716398032966682e-01,-5.949194095547397643e-01,9.638913059984568488e-01,-3.127533108664697914e-01,3.358779625541636338e-01,-1.196978629604124045e+00,-3.005975604909119081e-01,1.000000000000000000e+00
-8.954224249799939139e-01,-4.430079463293317699e-01,-1.177834571275714337e+00,9.843799861050519517e-01,-1.393549763485736781e+00,5.761273967581245214e-01,-1.605720915992279174e+00,3.270396458540885676e-01,3.411796349506447390e-01,1.542314757108370626e+00,3.996305260745947052e-01,1.000000000000000000e+00
-4.925685524925106917e-01,-1.388357023023408132e+00,8.287715277097657072e-04,-2.317052910004108179e-01,-8.636293254173181833e-01,8.554355014171995952e-01,-4.425691528518735374e-01,3.105631026446945553e-01,-7.503641745600880819e-01,8.601833344737583875e-01,1.813340674387515505e-01,1.000000000000000000e+00
-2.752508184688022830e-01,1.729689312618837072e+00,-6.551042760305260115e-01,4.210030263965562902e-01,-6.110059232387253791e-01,7.940466347625744215e-01,-3.939868048093563280e-01,4.839364339634434908e-01,-1.833643896896910652e+00,4.818492772118062595e-01,2.761007446140223420e-01,1.000000000000000000e+00
1.212533048435717520e+00,-1.501808934376336613e-01,7.720663266762232135e-01,-2.633630894118639265e-01,-2.198799778075430034e+00,3.790862900287355064e-01,-1.206046164222128458e-01,4.111817136430688802e-01,-2.985876419347261446e-01,-4.168396909107687787e-01,-7.153157953919019318e-01,1.000000000000000000e+00
-7.098373011921023101e-01,2.541674893719788608e-01,-3.028533279271059531e-01,-2.413735045890065045e+00,-2.562816548201360400e-01,-6.110677271279155720e-01,6.369555652001980262e-01,-7.954984745975406391e-01,-7.400320889418826598e-01,-8.864412452560986866e-01,-4.665146474859350190e-01,1.000000000000000000e+00
1.100153223477233100e+00,1.650764600579078534e-01,-1.362429760108569754e+00,-7.482216293591962275e-01,8.698362695260961619e-01,-1.698915284496647082e-01,1.045346011306162337e+00,-6.013743180859298931e-02,3.948269750488181407e-01,1.881901518733714029e-01,-1.306045973835633922e-01,1.000000000000000000e+00
6.216953320966562835e-01,-6.497764320855259346e-01,-2.266846313896002940e-01,-2.876639831124033209e-01,-7.702791022025226586e-02,-1.970663235164611837e+00,1.550137691356975878e-01,8.334610321103713693e-01,1.464175451285844032e+00,-1.268079800859539974e+00,-7.502030592966006939e-01,1.000000000000000000e+00
1.733968406461307898e+00,7.429045064603082560e-01,-1.900534198844567035e-01,1.167854474713997392e+00,-2.641464102823958826e-01,7.413952471183490323e-01,1.371545390732892944e+00,7.538261718545172796e-01,6.412681143903459224e-01,-7.672020645547973361e-01,-6.087497813581496109e-01,1.000000000000000000e+00
-9.412378957263002610e-02,1.854517845307706025e+00,2.791737333444844094e+00,-7.547032609910149237e-01,1.957356122317998326e-01,-5.492601098695439887e-01,1.080059831672467927e-02,4.271913953558719168e-01,3.108242918283047329e-01,-8.209190244911785950e-01,-9.928440637604493690e-02,1.000000000000000000e+00
9.420474153645963522e-01,2.600577331260706671e-01,1.497165717941692509e-01,2.517023861445861210e-01,1.480327980940945864e-01,7.177889956487426559e-01,2.172553210911059851e-01,-2.764156008453167446e-01,-1.207981414194739811e+00,-5.906553504738717431e-01,-4.566870465988655536e-01,1.000000000000000000e+00
1.811140921668155546e+00,2.352488206764786205e-01,-1.114635081286130758e+00,1.397227192489781444e+00,-4.764281619546669733e-01,-2.843948945695822239e+00,3.570120461195894213e-01,-3.978091209965338715e-01,6.902549052727394718e-01,-8.654418243548391843e-01,3.528988045379696237e-01,1.000000000000000000e+00
6.040676090078517246e-01,1.368574442317215256e-01,-1.848535609606385188e+00,-1.235246000108706443e+00,-9.050949884199811432e-03,5.934580922565355632e-01,1.244599688449006702e+00,2.776417481462914449e-01,1.573145274375510050e-01,1.952240909467401142e+00,7.831246551333240768e-01,1.000000000000000000e+00
-2.151640620786023916e+00,-2.711338906965845563e-01,-8.451059265816983357e-02,-8.048854005039574044e-01,-2.548787436905839421e+00,-2.283100847048513127e-01,9.305596368092410309e-01,-8.213858876458349778e-01,-4.843005536397946842e-01,-9.669566826080944200e-01,1.171779169971072648e-01,1.000000000000000000e+00
6.279052233925023208e-01,-3.971315785930549236e-01,8.808901816197340917e-01,1.325259741202771124e+00,6.076868266076391745e-01,1.554890072895296793e+00,8.883052454696112044e-01,-4.501958687721006047e-01,3.538665862894238567e-01,1.182136651634751567e+00,9.451987298840254237e-01,1.000000000000000000e+00
-1.445962919440565708e-01,-4.323945560498944629e-01,-5.902910874824219833e-01,-7.458834806236164239e-02,1.243905327818234152e+00,-1.585550783994314206e-01,-2.007651170340574720e-01,1.136648370892399340e+00,4.782585160220754333e-02,-8.171699838656197867e-01,-8.732765899365743101e-01,1.000000000000000000e+00
8.106063474446550954e-01,4.359655857192479833e-01,-3.752798643272649559e-01,-8.631419438958720658e-01,-2.020169668018401421e-01,-1.231546082524377583e+00,1.317223193339347898e+00,-9.945081641278176177e-01,-8.244097001889821863e-01,-1.614186322404131513e+00,-3.597348783151028684e-01,1.000000000000000000e+00
-1.595460193161768014e+00,2.974336442715994067e-01,-1.369855475314724513e+00,-2.018100845653401920e-01,-1.179926276651646733e+00,-1.389587530406688753e-01,-1.389547065518890456e-01,3.050655692038860001e-01,1.118279018741347580e-01,-1.535939885699484586e+00,-1.125852198343824107e+00,1.000000000000000000e+00
-6.953516010346593168e-01,7.099348084442194118e-01,2.132606815696785896e-02,-7.151967237577530612e-02,2.665371667107261811e+00,-1.755817159988273035e+00,4.163432106927105192e-01,1.403681661531275493e+00,-8.743425585543469769e-02,5.065416377145277593e-01,1.194223091429850614e+00,1.000000000000000000e+00
4.037146725466024044e+00,4.670533241225398036e-01,2.383376213825135537e+00,2.092781026883567375e+00,-4.452699879820812279e-01,9.057317539943989804e-01,-9.597330212898544932e-01,4.153917511002166441e-01,9.069329106972122689e-01,1.803290854749604044e-01,-6.358259287557289641e-01,1.000000000000000000e+00
-1.677574347666840548e+00,-7.301328888838923836e-01,4.320191237240739862e-02,2.176357037306648479e-01,-9.042102728767672515e-01,-3.700614974135433832e-01,-2.593164209303026047e-01,3.819308714135302013e-02,4.515643667832757724e-01,-5.289989386058530085e-01,-4.428749371260472245e-02,1.000000000000000000e+00
1.173228811896396828e-01,-1.152003794858204255e+00,-1.088253054348797155e+00,5.359134011011624371e-02,-1.927158688885710847e+00,5.496949118726381089e-02,7.027426564227233774e-01,4.907937745792653739e-01,3.903475164036993572e-01,4.621633728477454461e-01,1.536532753285048958e-01,1.000000000000000000e+00
-9.871701214902508514e-01,-5.915243649946494431e-01,-1.263486004655816064e-01,2.426865979109240623e+00,-2.249577902302236421e+00,-1.498785379557623365e-01,8.104298880877795763e-02,-4.524249445440504669e-01,-4.374471625700044330e-01,1.731391880142290285e+00,2.260387506191119389e+00,1.000000000000000000e+00
1.360233987074723538e+00,-8.386330046123394721e-01,8.278353730979924607e-02,-1.252772783969709813e+00,-1.424741011239399668e+00,-5.301937781013548179e-01,-7.712515847196447227e-01,-9.757573659177964931e-01,-6.413520677474279230e-01,-9.583835579754698131e-01,-1.168160180101991630e+00,1.000000000000000000e+00
-4.737297017395080689e-01,7.333192279896179333e-02,7.466937048675655053e-02,5.187411565127701962e-01,-6.245932148234171200e-01,-1.006827943166005018e-01,-3.324469432723764495e-01,2.538546448214751977e-02,-8.278128216574256459e-01,-1.708294040480056619e+00,-9.185959708698243631e-01,1.000000000000000000e+00
-5.730322896949272549e-01,5.997527714879353766e-01,1.356245762049328452e-01,1.144906790638096750e+00,-2.420407651500502411e+00,1.877542004941748388e+00,3.114601406503867964e-01,1.308179499361771692e+00,-4.535571218289820294e-02,-1.804159566192489184e+00,-1.637634639101821721e+00,1.000000000000000000e+00
4.671162542977982390e-01,-1.001844506934219226e+00,-4.639050979708029820e-01,1.157987687750160699e+00,-1.635563686494359237e+00,-2.785566983525341045e-01,3.810804662110093277e-01,-1.666235901933168284e+00,-3.808506832124892716e-01,-1.468075071028685619e+00,-4.256977291990292622e-01,1.000000000000000000e+00
-8.105387324484424338e-01,-7.033182480664440517e-01,8.134111308875811019e-01,4.856370127287852889e-01,-1.866093216885383210e+00,5.544744452041033833e-01,-8.195407002498849014e-01,5.489530483449137632e-01,7.898910922239274490e-02,-6.441337754248042113e-01,-6.801575019264175515e-01,1.000000000000000000e+00
-6.051627801589415379e-01,-5.147310222880036035e-01,-8.007261559805484152e-01,-5.343153512610391287e-01,-1.598333221399382831e+00,-2.294040798953953797e-01,1.441105706636266470e+00,-3.015973881329263584e-01,-3.542312972373669600e-01,6.402126608227108884e-01,9.838025577870400662e-01,1.000000000000000000e+00
8.362701751906096437e-01,1.628389386880467748e+00,1.500901865609530761e+00,-9.155265017400573413e-01,1.528543563816788353e+00,6.113300775520622565e-01,2.372389665701518935e-01,5.486009571806880203e-01,2.211150491158803966e-01,-7.284048458300093065e-01,-8.595880201541770127e-01,1.000000000000000000e+00
5.027423350670303659e-01,-3.284572410151475608e-01,-6.287498126433123113e-01,-4.928200867863542500e-01,5.895772224612882972e-01,1.890694113759498807e+00,1.374196247975508989e+00,-1.490801377367867442e-02,-6.060597545089669858e-01,9.834624404275059684e-01,2.317138659858608840e-01,1.000000000000000000e+00
3.442343917472518444e-01,4.613582137623443158e-01,-1.343884838531223425e+00,-1.122904172487186880e+00,1.225579946681466748e+00,3.884039876221677678e-01,-4.419927159672272787e-01,3.367853687170760391e-01,-5.994373382979163445e-01,-2.136506606205432757e-01,-9.839547785687163817e-01,1.000000000000000000e+00
-6.195161867130215549e-01,-9.499022551050205765e-01,-1.680706214034003998e-01,6.337554948486338047e-01,-1.130409671192521781e+00,9.459979821834160196e-01,-7.833023829364169632e-01,7.954278715670967115e-01,-2.275616625660568104e-01,-1.877887847200785387e-01,-6.475000913905828437e-01,1.000000000000000000e+00
5.968797145516185898e-01,5.662410668787444257e-01,-1.185902932903557083e+00,-1.360557317912846287e+00,1.010800075870851078e+00,1.884338061260415476e-01,-3.081340927499522930e-01,-3.815505173723093280e-01,1.240639852084455708e+00,1.300046676779797794e+00,-7.783145171296512732e-02,1.000000000000000000e+00
1.086511289439827443e+00,-6.364970794749514882e-01,8.151138132671974512e-01,1.426621415628553491e+00,-1.536017153069958896e+00,4.344093241536185479e-01,5.284251559956045785e-01,4.301515296670524457e-01,2.043066073921004921e-01,1.002608549472127297e+00,9.019920592193021447e-01,1.000000000000000000e+00
-1.119156452538569768e+00,4.856270562379208511e-01,6.715616387043642499e-01,-6.097567581588663188e-01,-1.588857169382196011e+00,2.184799721119104365e+00,-1.202497886075726941e+00,-1.835544245284684850e-01,-1.353974533999170449e+00,1.700467067611791377e-03,-8.245726472825052333e-01,1.000000000000000000e+00
1.758791555682540364e-01,-7.903402491623047199e-01,1.531071673462686134e+00,2.179689127170863494e-01,5.907417904435398048e-01,-7.474534177878982000e-01,8.658894372560212993e-01,5.337975756616198941e-01,5.128686056669129467e-01,2.805920565553717272e-01,8.992738512317467459e-01,1.000000000000000000e+00
-3.939238308241498343e-01,2.339028395120767156e-01,1.533342626311662016e-01,1.371316233606850288e+00,-9.005575737233904865e-02,-8.765706638054995281e-01,-1.119788509392922460e-01,-9.399007407118906698e-01,-4.672080033413224531e-01,-2.291054742726041094e-01,8.408159111071837888e-01,1.000000000000000000e+00
-4.667192996520334591e-01,3.040443890525008630e-01,1.775163572245160859e-01,-8.340491615987748464e-01,-2.499938559289100470e-01,9.488276612632371432e-01,-1.178625970819265234e+00,-7.312128931078405447e-01,5.498340682673679147e-01,4.539015905893192121e-02,-8.405833347281580492e-01,1.000000000000000000e+00
-4.723217768470292510e-01,7.330188424725190277e-01,-1.195650895432970318e+00,-2.369697016979458171e-01,-2.213459981958595613e+00,-6.026818259275052991e-01,6.358000988166374601e-01,8.803161152417483537e-01,3.425608078071368801e-01,5.992286584623643941e-01,5.408031711898168004e-01,1.000000000000000000e+00
-4.751952642171304309e-01,-2.381466089521287743e-01,-8.242139803738610659e-01,1.131652757987789970e+00,-5.213944827345974309e-01,1.492772522542011593e-01,1.330233767328445227e+00,5.048034047781435607e-01,-4.197931532289582157e-01,4.263448474227066187e-01,9.782530060632066427e-01,1.000000000000000000e+00
-7.058159944619344373e-01,8.027988504200252173e-02,1.401101538440771233e+00,-8.428991127456222920e-02,1.150527781298452644e-02,-2.040085716513259928e-01,-2.855811400499754349e+00,-1.167652510874598315e+00,4.768922232512670667e-01,-1.234533918726451907e+00,-1.392207579093125203e+00,1.000000000000000000e+00
-8.389661765067794041e-01,-1.668642331866177775e-01,5.209323888227852806e-02,-4.902199892177064311e-02,-9.165044364837756641e-01,-7.890024446943374459e-01,-7.826232447234550138e-01,-3.027247573741417841e-01,-2.119600001765231667e+00,-7.431051200515399469e-01,5.765751009385086667e-02,1.000000000000000000e+00
1.272729005953639581e+00,-4.786842762603816248e-01,3.725592010660483400e-01,-1.271195054091019072e+00,8.466570197847845813e-01,-8.795829211749746079e-01,1.412443308592756130e+00,-8.988799087616483607e-02,2.377247025890246057e+00,9.024131021007365527e-01,5.424526735496392194e-01,1.000000000000000000e+00
-1.424627855824607492e+00,3.109052985245603917e-01,1.278933723899628068e-02,1.389377568315136369e+00,-1.265027655429249442e+00,-1.581461082663883966e+00,-4.704677442217289340e-02,-1.560299275034812416e-01,3.374279923731522413e-01,-1.234567438711636767e+00,3.437190910874871053e-01,1.000000000000000000e+00
-1.670307016008367285e+00,-7.489327492590416302e-01,-4.348899596872579099e-01,4.158597051054198634e-01,6.776482255787085185e-01,-3.628179667596889146e-01,7.169897021656903568e-01,-7.407762157403102732e-01,6.665854058937387139e-01,-2.434015803170508363e+00,-9.981556588493634141e-01,1.000000000000000000e+00
-2.691895398902740544e-01,1.308215408354627129e+00,-1.162086190315368972e+00,-6.107754085717074233e-01,-8.637145894061670770e-01,-5.325406198533473301e-01,8.550197756636803703e-01,3.641269474322321176e-01,-2.112421221663934590e-01,4.886060109088053438e-01,5.911433259997681544e-01,1.000000000000000000e+00
6.225126146774559999e-01,-4.640600695768851841e-02,6.800272706376862819e-02,1.450954402192520254e+00,4.347040676305811147e-01,3.251598265272741539e-01,1.856267932186647651e-01,2.458579167206477456e-01,6.512147203282819818e-01,1.037552290756854179e+00,8.115128046783038895e-01,1.000000000000000000e+00
1.138301650404428988e+00,1.324925397227101787e+00,1.346688705051777513e+00,-6.844686503909573616e-02,-1.795995897855143575e+00,-3.293538469907316690e-01,8.031549686709093042e-03,-5.736649521249836958e-01,4.685292057906793872e-02,1.603532266427903363e-01,3.421180049852144966e-01,1.000000000000000000e+00
1.538101152842154873e+00,-4.849789689909146939e-01,1.216162698245189855e+00,1.124288897967526735e+00,-1.469944818435067191e+00,3.676131689440464978e-01,8.781946093989847490e-01,8.900348656264033265e-01,-1.463814355213732377e+00,1.378782118875921503e+00,1.456230737609448322e+00,1.000000000000000000e+00
3.617295736764841174e-01,-3.052987643078884927e-01,2.829638108632832050e-01,-1.005407089543846721e+00,-4.150041718206817776e-01,-2.152469171237723355e-01,1.617029269261238689e+00,1.029459716625602317e+00,4.338922354888486987e-01,5.931019119215825974e-02,1.753865759112621658e-01,1.000000000000000000e+00
-1.071028336532568348e+00,-1.321030395544465774e-01,4.623888942970205695e-01,1.612167797340268605e+00,-7.996720375616765963e-01,6.291239804612239750e-01,-2.350421281972979060e+00,3.458384180947092212e-01,1.264594042171524935e+00,1.949863705653891888e+00,7.467005541683171543e-01,1.000000000000000000e+00
1.461789033598998477e+00,4.943009156690830741e-02,-1.628775031939597273e+00,6.989671734249858215e-01,1.050813441710447105e+00,1.268851757685165449e+00,-8.223536656173208170e-01,3.261794307115228886e-01,-8.441462431383608411e-01,8.039107980375004292e-01,-5.003481184180907926e-01,1.000000000000000000e+00
-1.160616945221006474e-01,3.219827224746311112e-01,-4.857167142965356788e-01,-3.812396775417038752e-02,1.009884602609741666e+00,4.525879130220372693e-01,-2.378014711338029219e+00,-1.513821175559051380e+00,-1.313000662704532084e+00,7.318361740095707946e-02,-5.843773525791255974e-01,1.000000000000000000e+00
-1.472753579238421207e+00,-1.016870855737825430e+00,2.403073936903877550e-01,-1.253280762199407317e+00,-1.152182024298372243e+00,-3.725567295309409332e-01,-1.218217582007390387e+00,-3.547388873480602361e-02,-6.600311170520282156e-01,-1.602590026271229151e+00,-1.377032750539332273e+00,1.000000000000000000e+00
4.236625295386055590e-01,3.863529301849191744e-01,9.904171748410607323e-01,-7.965019070141188262e-01,2.748827837446858324e-01,-4.142428222007740746e-01,-1.080974390728691503e+00,-7.073769856062543937e-01,-9.241584882883947527e-01,-1.482274894027421297e+00,-1.141412918511973462e+00,1.000000000000000000e+00
-1.325016812567071600e+00,8.960414968022037963e-01,3.914028581698492798e-02,-9.565718534020719588e-01,-1.233289128278294067e+00,-3.683930864823358742e-01,-2.690064291085494386e-01,4.343494027449261718e-01,3.273855429955454532e-01,9.006683570608839950e-01,6.218056909993857628e-01,1.000000000000000000e+00
-8.707992880131534830e-02,-7.416340825289846443e-03,-1.860708055278621931e+00,1.496148492719897964e-02,-1.587315540751144560e+00,-2.637091351446042786e+00,4.321011623307966509e-01,-2.441899009500895709e-02,7.524428694755936897e-01,2.250742214972135113e-01,8.876020636045340861e-01,1.000000000000000000e+00
1.494277976381417572e+00,1.236779761576088932e+00,1.339254861673787600e+00,1.708347123666690504e+00,5.386037880077392259e-01,-1.768205813153856110e-01,-3.940215026873439275e-01,-3.039340571025949678e-01,6.528045478805596380e-01,6.133609024102273377e-01,7.384612110219593850e-01,1.000000000000000000e+00
-1.756709669963994136e+00,4.748532084647482665e-01,9.531045168585169924e-02,-1.463747442080971961e+00,1.849116181811400472e-01,7.260265094048369283e-01,-1.859499215030962493e-01,-7.863744864962812775e-01,3.331007874203604779e-01,9.437693865246105096e-01,3.970884838113207804e-01,1.000000000000000000e+00
-4.025533062989037347e-01,3.755257435418207779e-01,8.413420818256138745e-01,1.401152673764805900e+00,-2.038023828897949752e+00,-8.438453475481835775e-02,-8.263324308128431328e-01,-6.920129206386497200e-01,1.617959139552029191e+00,5.728390816293670307e-01,5.602600399551772581e-01,1.000000000000000000e+00
-4.794573317968807702e-01,-8.906766508783096059e-01,6.617981279279280260e-01,-1.386157631200938045e+00,1.401207627493849639e+00,1.104415816066101286e+00,-5.865080497775619905e-01,1.529628799348973223e+00,-7.975230678458899991e-01,-7.017845286392359050e-01,-1.410040913077563518e+00,1.000000000000000000e+00
-1.599248701211458679e+00,-2.699599083347197781e-01,-3.714616695353972209e-01,5.340472260921588221e-01,4.654140974880952020e-01,3.097388896844884831e-01,1.979135681635571797e-01,7.964686987479027702e-02,-3.613654796169399330e-01,-7.330049224376693484e-01,-1.169272906013757024e-01,1.000000000000000000e+00
-2.731879846158314917e-01,8.322702080522965673e-01,-1.679342398116714818e+00,9.536547606212800732e-01,-2.283774796379881844e-01,1.041480807540385189e+00,2.812258012644509864e-02,-3.576201818816673872e-01,1.123246621079202923e+00,8.394083918649506426e-01,1.184441017410156755e-01,1.000000000000000000e+00
4.197343425867171469e-03,-1.456795778581833622e-01,1.759325279504800887e-01,-1.596772025838590237e+00,-2.639061948394473833e-01,-2.128664287055685445e-01,7.586225089751004180e-01,-1.775150060757571813e-01,-1.590206908933359697e+00,-1.496911614039881044e+00,-8.170578647600837963e-01,1.000000000000000000e+00
3.970278677138831536e-01,1.558767322294829949e+00,-7.324561697569528240e-01,-1.054118300243306328e+00,2.102309503324000794e-01,-1.546505628457516268e+00,-2.791579408650153860e-01,4.535936640117906316e-01,-2.890296776861190908e-01,-1.477132596123255370e-01,-4.819927826752392480e-02,1.000000000000000000e+00
-3.466224877911374541e-02,1.521102310877360697e+00,6.792387692974134472e-01,-1.062859603142325193e+00,1.164699466431002195e+00,-1.036033122519506078e+00,-2.032290640341118670e-01,9.231371020137628669e-01,-6.279084927476972222e-01,-1.018540346504442029e+00,-5.081668672304278100e-01,1.000000000000000000e+00
-6.828775284545239854e-01,-5.676983262871093672e-01,-7.088746581034942595e-01,-5.806256778981170319e-01,1.654674097755437279e+00,-1.018045845147623307e+00,1.073790127665370964e+00,-6.849710065499091671e-01,-1.651845249024293860e+00,1.307395952974628184e-01,1.125984948217101822e+00,1.000000000000000000e+00
1.124953215907463555e+00,3.707774897781983964e-02,-3.321154636677526306e-01,-6.260564544705923273e-01,-1.204551949353501517e+00,-6.217547679300149399e-01,8.031643932727068960e-03,-1.122157517352489586e+00,8.575500302559815324e-01,3.647827182882799613e-01,4.525790839400904708e-02,1.000000000000000000e+00
-8.779021657390705391e-01,5.185317247570728760e-01,-1.913762850861926212e+00,-7.769083558500270437e-01,-5.066452128386719211e-01,-1.250316646995666581e+00,8.244280690670839906e-01,-4.743793456410834164e-01,-1.899847387208665195e+00,4.756517635092468721e-01,1.187799633509011521e+00,1.000000000000000000e+00
-7.965036200500310581e-01,1.112307448569546491e-02,-1.502388490093632178e+00,6.953112685268035831e-01,-3.860891545630188992e-01,-3.694974912467222095e-01,2.716119780647655024e-01,6.416719851119075946e-01,-1.173583209024340546e+00,-1.005917741512922126e+00,-2.803593145477193405e-01,1.000000000000000000e+00
1.064942597350350129e-01,-1.150911776278008281e-01,9.356706116558209940e-01,-6.404357980315631416e-01,7.453476252103946598e-01,2.043041892680450000e-01,9.594737525572339942e-01,-6.989331595165829691e-01,-1.425884013733177413e+00,-6.553120432059861278e-01,1.281139723665268570e-01,1.000000000000000000e+00
-1.066216286816090486e+00,2.545016018523066359e-01,1.154366392342440983e+00,4.933707282596529464e-01,-5.311648039101802832e-01,3.932923145461923037e-02,2.124642055833831644e-01,1.054369165968590982e+00,-1.040887172824216833e+00,-1.757562043858897638e-01,5.293536780959952059e-01,1.000000000000000000e+00
4.465211792119570533e-01,-1.469175532652147620e+00,-1.541032248564875862e-01,2.932120576201044937e-01,5.661684491876153164e-02,-9.615509181011414608e-01,-1.071283000904218685e+00,9.240503996898119521e-01,5.919037548555837747e-01,-1.452231348997570226e+00,-1.409617788252396364e+00,1.000000000000000000e+00
-2.316362287161497946e+00,6.332866730084457663e-02,-1.015729776151927805e-01,-1.863544854566469289e-01,-7.921863840863814232e-01,-4.386119041293409793e-01,1.044586958316356284e+00,-1.920231205105424332e-01,1.800500133671767977e-01,2.896933282308263857e-01,1.164486752978712403e+00,1.000000000000000000e+00
-1.131203896348675020e+00,-4.887737784398337171e-01,-2.803647045247176228e-01,-2.727690486820393279e-01,-1.330406294588606653e-01,-7.253595514754304988e-03,1.207885944011903190e+00,2.057019303585222669e+00,3.876909075858460119e-01,-9.707159659541007013e-01,-5.322423034923811080e-01,1.000000000000000000e+00
-1.658533798682949589e+00,-6.719485756395165987e-01,-7.117521017882345868e-02,5.165786826243826679e-01,8.361736242930679630e-01,1.256853974469357427e+00,-8.547642479992127729e-02,-1.503893791258280044e-01,2.274706355246395445e-02,3.294560757824301356e-01,1.882379256523739330e-01,1.000000000000000000e+00
1.127718860925924549e+00,4.964110392457384280e-01,1.061359183049819244e+00,-1.550220979429854373e-01,1.134955843227946737e+00,-7.546942362302447860e-01,-2.261081707207584224e-01,2.142660820828861112e+00,-6.514557276259860252e-01,-2.387753185566965364e-01,-2.165587064241039916e-01,1.000000000000000000e+00
-6.331222232657426341e-01,5.287449218879357316e-02,-1.755635729146225898e+00,1.076685640976995373e+00,6.031910289798410041e-01,-9.786371420243426822e-02,-4.284816090842334391e-01,2.455323599784393906e-02,1.030244008817707835e+00,9.942615798115876646e-02,-1.107495310660114168e-01,1.000000000000000000e+00
-1.719036193713286753e+00,-3.437201846165016672e-01,8.889881366580953959e-01,2.844433858537273041e-01,-3.425307720052673255e-01,5.772732388590479102e-01,-3.524622247012967335e-01,-3.692407054220980256e-01,-1.747985049435755611e+00,2.488765098305191215e-01,7.612888522123477664e-01,1.000000000000000000e+00
5.518548663284652545e-01,-2.207673519029054454e-01,3.214267478710016168e-01,1.847441856176355479e+00,-3.272176201531153406e-01,2.887706217912962003e-01,8.054729802109612535e-01,8.516090514618834817e-01,3.320583653594345874e-02,1.621158222220139056e+00,1.642053481355993716e+00,1.000000000000000000e+00
-2.388761362789707299e+00,9.464674413051639146e-01,-4.843527448198473584e-01,6.837815093526307120e-01,2.587913661205764604e-01,1.001175191324081559e-01,-1.025558375512577447e+00,-2.619723548948683089e-01,-1.495560741655691972e+00,-1.350031819498817010e+00,-4.383337854926635524e-01,1.000000000000000000e+00
-1.184938848801192934e+00,5.254437978249964364e-02,2.223165663703905448e+00,8.964764597754454334e-02,2.130754355121865284e+00,3.296065706186827177e-02,-8.514367404912328574e-01,1.109264582900977986e-01,4.803538325048493096e-01,6.812645591135498835e-01,7.494760284534229822e-01,1.000000000000000000e+00
-1.128203959767646536e+00,1.628655265476615377e-01,-1.760162174542899027e+00,-1.259791977912661176e+00,5.503830995612497556e-01,-7.297551576237809590e-01,7.323469304278853453e-01,6.509621289029599023e-01,-2.629851485968722202e-01,3.686376249394777149e-01,3.663181019862428167e-01,1.000000000000000000e+00
4.611866849071710565e-03,-2.143005435659714464e-01,1.697135185704282900e+00,-3.373470738856446105e-01,-2.211324830184998369e+00,3.900547476787086937e-02,9.857687624610242394e-03,-1.773099581680239178e-01,-1.527352336632207930e+00,-1.490991935391769996e+00,-6.133451525743818245e-01,1.000000000000000000e+00
-1.870419848840708943e-01,-1.041541946361212723e-01,-1.654154969360793093e+00,1.042586599529380931e-01,-2.451367935670946130e-01,1.134581279265689524e+00,6.030281457407667967e-01,1.089776979479298857e+00,-2.621458257390251734e-01,1.120584996848729586e+00,2.437149859066525537e-01,1.000000000000000000e+00
2.855966468097781985e-01,-9.268611176553837039e-01,-2.227746558245992103e-01,-4.052461563061318661e-01,-1.664341043978877777e-01,-5.368182114936846938e-01,8.863717138101190329e-01,-1.146734920853108158e-01,-6.652678283937885073e-01,-2.161581825408831758e-01,2.597014728577924925e-01,1.000000000000000000e+00
-4.408668736887696449e-01,-1.897337452114137735e+00,-3.193568786089427403e-01,9.249846435068090900e-01,3.387205413327730175e-01,5.427130549438716756e-01,-4.594485593572437687e-01,4.802500544721970965e-01,-1.482675623232817319e+00,-8.909424223063476811e-01,-6.224023739915670594e-01,1.000000000000000000e+00
9.568378136768830311e-01,4.364330159809014509e-01,4.871513507116790875e-01,4.916917972165668060e-01,-8.844108401240752260e-02,3.578560893148462485e-01,2.699840363376261876e-01,-3.689952326185531872e-02,-8.238836295535689747e-01,7.142500402686045025e-01,6.617973846576671315e-01,1.000000000000000000e+00
4.437633701533644226e-01,-3.146633580573497402e-01,-2.362464920161825521e+00,-2.528493256721948690e-01,-2.905268024802899696e+00,1.346017211368354172e+00,-4.299394887069012405e-01,-4.681867925891866622e-01,-1.232514328550909477e+00,6.771628113826172468e-01,-5.241341370149599221e-01,1.000000000000000000e+00
-3.732025602404792086e-01,-5.906258462285616379e-02,-8.793938027514562883e-01,-1.190134085462637159e-01,6.782383328483102547e-01,5.569827592836116281e-01,1.123460489911736415e+00,1.710355801358369288e+00,-2.013144572004729738e-01,1.005848350714894313e+00,5.996657612818430128e-01,1.000000000000000000e+00
3.180261399499595409e-01,1.269068292979561585e+00,1.604284706592311815e+00,5.285548053604196550e-01,1.351776000010864731e+00,1.883694809462796327e+00,2.335808046189170040e-01,2.032507500957287105e-01,8.798260132049884330e-01,6.466733828943256324e-01,6.550888785580030738e-02,1.000000000000000000e+00
-6.623889070335657880e-01,-6.788471927078607582e-01,-2.052445146821677557e-01,-8.559338573149847251e-01,8.348490846919448538e-01,-2.827985918718229907e-01,-1.629525515716807815e+00,-1.028612091090437053e+00,-1.443300532131903458e+00,-1.471795068701983622e+00,-1.287968784828199764e+00,1.000000000000000000e+00
-5.549362891559096456e-01,1.019051413281999885e+00,3.946301021216412908e-01,-5.778010926881117781e-02,7.963446641343839838e-01,-3.731880777212060463e-01,-4.201928177021353461e-01,-1.587845829621781779e-01,-1.654327208472665400e-01,-3.014962601912295481e-01,5.003956079430420950e-02,1.000000000000000000e+00
-1.164714166879500024e+00,3.509752773683157412e-01,-1.361676708376234890e+00,2.104937801148289711e-01,4.942249654091591116e-01,6.094695667191333266e-01,4.846115632669587003e-01,-2.195611454532871321e+00,-6.549571010067372079e-01,-2.631375858229450526e-01,2.711994912785793410e-01,1.000000000000000000e+00
-9.005188423499684847e-01,1.059946328298247975e+00,-5.710458998637898409e-01,7.631159630108000913e-01,-1.011140172131798964e+00,2.065753786312286566e-01,3.076352906813408783e-01,-4.718326431155391298e-01,-4.728628749181633673e-01,6.596077526783058476e-01,9.887967255126761668e-01,1.000000000000000000e+00
3.551773611427199717e-01,-9.562115317914428037e-01,-9.523911781907286045e-01,4.787470339437580602e-01,-2.190027865076612734e+00,4.672043578585666768e-01,5.445098924604410140e-01,6.983149545230050714e-01,-4.234476340989449389e-03,-5.496129073727732406e-01,-6.557725437529657864e-01,1.000000000000000000e+00
-7.042001289559918220e-01,-1.902814524656342154e-01,6.018146042768999227e-01,5.990739900554500341e-01,7.464882363644097241e-02,-6.100615672873083151e-01,7.720700543179451758e-01,4.856535064459309714e-01,6.776238819014188675e-01,-4.065060059150554794e-01,4.408424004501660942e-01,1.000000000000000000e+00
2.186874027893934980e-01,1.090333738124794394e+00,-2.176297267092996701e-01,-2.936050136355403128e-01,-4.635771741661456335e-01,1.807591007891994339e+00,2.301539262842620559e+00,-1.401212142475794509e-01,2.451760539491963653e-01,4.709390344950337148e-01,3.401713540024658422e-01,1.000000000000000000e+00
2.309796072782858367e+00,1.010661319897820487e+00,1.097450348725386160e+00,-3.369010480010345976e-01,4.853749250435033802e-01,-3.206130028592761583e-02,3.616473210360582891e-01,-8.572685672153336489e-02,-9.116429181254993852e-02,-1.333637757021997050e-01,-2.509885579857906168e-01,1.000000000000000000e+00
1.592975911107785247e+00,8.794592367379753250e-01,4.724583922157690186e-01,-1.460535652527000128e+00,1.084898352461797000e+00,1.268931981231694595e+00,5.594560310602159081e-01,2.914581610391657751e-01,6.517070925635575218e-01,1.187979166880361648e+00,-1.812855822421377550e-01,1.000000000000000000e+00
7.469674235804859563e-01,-8.082979457762169417e-01,-8.039649187650849127e-01,-9.467308599204135589e-02,-1.710324285674429623e+00,-1.351082020363215952e-01,-4.334399301831396989e-01,8.926755016059760850e-01,7.212390317028397613e-01,3.803920139482778184e-01,-4.678473860571011889e-01,1.000000000000000000e+00
4.991617479233143029e-01,1.985074989409949253e-01,-3.424512173090805134e-01,-4.610168617914757183e-01,-1.942219459316624874e+00,-7.459954989994711516e-01,7.728900750023102173e-01,-1.420275304909093261e+00,8.395351048114892967e-01,8.769715793695105344e-01,9.598821415769636101e-01,1.000000000000000000e+00
7.595443265189113502e-01,2.189885326389041931e-01,-2.283893089080319405e-01,4.945926174261021102e-01,8.861482138591794122e-01,-3.147090977419596536e-01,3.764951313464678373e-01,-3.182668757854497515e-02,-7.692311060186616256e-01,3.064573037827197574e-02,3.762780571371819316e-01,1.000000000000000000e+00
-1.359804331718564852e-01,-5.205114619433716117e-01,-8.279408807273285209e-01,9.080215276766614996e-02,9.694172489465189280e-01,4.150890836732422096e-01,8.403376915568488981e-01,-5.938738300173946882e-01,-9.096409434550162959e-03,-3.587105750570799279e-01,-1.277162487360233301e-01,1.000000000000000000e+00
